date,portfolio,action,name,code,pct,note,processed
2026-09-29,mingu_mp,increase_pct,비나텍,126340,3.0,,2026-09-29T20:06:04.498563
2026-09-29,momentum_mp,swap,LG전자,,,드림텍,2026-09-29T16:31:42.340958
2026-09-29,momentum_mp,swap,실리콘투,,,뉴파워프라즈마,2026-09-29T16:31:42.340958
2026-09-29,momentum_mp,swap,인바디,,,DB손해보험,2026-09-29T16:31:42.340958
2026-09-16,mingu_mp,increase_pct,아이티센글로벌,124500,3.0,,2026-09-17T07:50:08.458094
2026-09-16,mingu_mp,new_entry_pct,비나텍,126340,3.0,,2026-09-17T07:50:08.458094
2026-09-16,mingu_mp,new_entry_pct,아스플로,159010,3.0,,2026-09-17T07:50:08.458094
2026-09-16,mingu_mp,new_entry_pct,티엘비,356860,3.0,,2026-09-17T07:50:08.458094
2026-09-16,mingu_mp,new_entry_pct,엘티씨,170920,3.0,,2026-09-17T07:50:08.458094
2026-09-17,troy_mp,reduce_pct,SK텔레콤,017670,1.0,,2026-09-17T20:05:55.578281
2026-09-17,troy_mp,increase_pct,알테오젠,196170,1.0,,2026-09-17T20:05:55.578281
2026-09-17,troy_mp,new_entry_pct,한양디지텍,078350,2.0,,2026-09-18T07:30:54.440060
2026-09-17,troy_mp,exit,엘티씨,170920,,,2026-09-17T20:05:55.578281
2026-09-17,troy_mp,exit,SK바이오팜,326030,,,2026-09-17T20:05:55.578281
2026-09-17,mingu_mp,exit,티엘비,356860,,,2026-09-17T20:05:55.480117
2026-09-17,mingu_mp,exit,엘티씨,170920,,,2026-09-17T20:05:55.480117
2026-09-17,mingu_mp,new_entry_pct,한양디지텍,078350,5.0,,2026-09-18T07:30:54.326253
2026-09-18,troy_mp,reduce_pct,삼성전자,005930,1.0,,2026-09-18T20:05:58.483574
2026-09-18,troy_mp,reduce_pct,SK하이닉스,000660,1.0,,2026-09-18T20:05:58.483574
2026-09-18,troy_mp,increase_pct,한양디지텍,078350,1.0,,2026-09-18T20:05:58.483574
2026-09-18,troy_mp,new_entry_pct,RF머트리얼즈,327260,2.0,,2026-09-18T20:05:58.483574
2026-09-18,mingu_mp,increase_pct,아스플로,159010,3.0,,2026-09-18T20:05:58.386072
2026-09-18,mingu_mp,new_entry_pct,피노,033790,3.0,,2026-09-21T07:29:46.532451
2026-09-18,kosdaq_long_short_index,reduce_pct,파마리서치,214450,2.0,,2026-09-18T20:05:58.349548
2026-09-18,kosdaq_long_short_index,new_entry_pct,코스텍시스,355150,2.0,,2026-09-21T07:29:46.473517
2026-09-21,troy_mp,reduce_pct,동국제약,086450,3.0,,2026-09-21T20:07:38.121182
2026-09-21,troy_mp,increase_pct,달바글로벌,483650,2.0,,2026-09-21T20:07:38.121182
2026-09-21,troy_mp,new_entry_pct,한화에어로스페이스,012450,2.0,,2026-09-21T20:13:35.463576
2026-09-21,troy_mp,new_entry_pct,현대건설,000720,2.0,,2026-09-21T20:13:35.463576
2026-09-21,troy_mp,exit,미래에셋생명,085620,,,2026-09-21T20:07:38.121182
2026-09-21,troy_mp,exit,알테오젠,196170,,,2026-09-21T20:07:38.121182
2026-09-21,troy_mp,exit,대한항공,003490,,,2026-09-21T20:07:38.121182
2026-09-21,troy_mp,new_entry_pct,타이거일렉,219130,2.0,,2026-09-21T20:13:35.463576
2026-09-21,momentum_mp,swap,한올바이오파마,009420,,한미사이언스|008930,2026-09-21T20:13:35.342348
2026-09-21,momentum_mp,swap,파마리서치,214450,,주성엔지니어링|036930,2026-09-21T20:13:35.342348
2026-09-21,momentum_mp,swap,티에스이,131290,,제이앤티씨|204270,2026-09-21T20:13:35.342348
2026-09-21,momentum_mp,swap,삼성에스디에스,018260,,펌텍코리아|251970,2026-09-21T20:07:38.005082
2026-09-21,momentum_mp,swap,하나금융지주,086790,,아모레퍼시픽|090430,2026-09-21T20:13:35.342348
2026-09-22,troy_mp,exit,후성,093370,,,2026-09-23T07:34:50.694554
2026-09-22,mingu_mp,increase_pct,비나텍,126340,3.0,,2026-09-23T07:34:50.593041
2026-09-22,mingu_mp,increase_pct,피노,033790,3.0,,2026-09-23T07:34:50.593041
2026-09-22,mingu_mp,new_entry_pct,RF머트리얼즈,327260,3.0,,2026-09-23T07:53:00.210825
2026-09-23,troy_mp,new_entry_pct,테스,095610,2.0,,2026-09-23T20:06:01.484333
2026-09-23,troy_mp,exit,실리콘투,257720,,,2026-09-23T20:06:01.484333
2026-09-23,troy_mp,new_entry_pct,삼성생명,032830,2.0,,2026-09-23T20:06:01.484333
2026-09-23,troy_mp,new_entry_pct,제우스,079370,2.0,,2026-09-23T20:06:01.484333
2026-09-28,troy_mp,increase_pct,SK텔레콤,017670,1.0,,2026-09-28T20:06:05.407097
2026-09-28,troy_mp,exit,GS건설,006360,,,2026-09-28T20:06:05.407097
2026-09-28,troy_mp,exit,대한유화,006650,,,2026-09-28T20:06:05.407097
2026-09-28,troy_mp,increase_pct,제우스,079370,1.0,,2026-09-28T20:06:05.407097
2026-09-28,my_mp,exit,롯데쇼핑,023530,,,2026-09-28T20:06:05.297115
2026-09-28,my_mp,exit,후성,093370,,,2026-09-28T20:06:05.297115
2026-09-28,my_mp,new_entry_pct,HD현대에너지솔루션,322000,8.43,,2026-09-28T20:06:05.297115
2026-09-28,my_mp,increase_pct,타이거일렉,219130,4.22,,2026-09-28T20:06:05.297115
2026-09-28,my_mp,new_entry_pct,메쥬,0088M0,4.22,,2026-09-28T20:06:05.297115
2026-09-28,mingu_mp,increase_pct,피노,033790,3.0,,2026-09-28T20:06:04.762230
2026-09-28,mingu_mp,increase_pct,RF머트리얼즈,327260,3.0,,2026-09-28T20:06:04.762230
2026-09-28,kosdaq_long_short_index,increase_pct,제우스,079370,3.0,,2026-09-28T20:06:04.728990
2026-09-28,kosdaq_long_short_index,reduce_pct,한중엔시에스,107640,3.0,,2026-09-28T20:06:04.728990
2026-09-28,kosdaq_long_short_index,reduce_pct,로보티즈,108490,2.0,,2026-09-28T20:06:04.728990
2026-09-28,kosdaq_long_short_index,new_entry_pct,코스텍시스,355150,2.0,,2026-09-28T20:06:04.728990
2026-09-28,kosdaq_long_short_index,increase_pct,KODEX 코스닥150선물인버스,251340,10.0,,2026-09-28T20:06:04.728990
2026-09-29,kosdaq_long_short_index,increase_pct,유니테스트,086390,1.0,,2026-09-30T07:50:21.445380
2026-09-29,kosdaq_long_short_index,exit,실리콘투,257720,,,2026-09-30T07:50:21.445380
2026-09-29,kosdaq_long_short_index,exit,범한퓨얼셀,382900,,,2026-09-30T07:50:21.445380
2026-09-29,kosdaq_long_short_index,increase_pct,코스텍시스,355150,1.0,,2026-09-30T07:50:21.445380
2026-09-29,kosdaq_long_short_index,new_entry_pct,비에이치아이,083650,2.0,,2026-09-30T07:50:21.445380
2026-09-29,kosdaq_long_short_index,increase_pct,KODEX 코스닥150선물인버스,251340,15.0,숏 80->95%,2026-09-30T07:50:21.445380
2026-09-30,troy_mp,new_entry_pct,토모큐브,475960,3.0,,2026-09-30T18:03:46.746914
2026-09-30,troy_mp,exit,타이거일렉,219130,,,2026-09-30T18:03:46.746914
2026-10-01,troy_mp,new_entry_pct,한전기술,052690,2.0,,2026-10-01T15:32:26.373597
2026-10-01,kosdaq_long_short_index,increase_pct,에스티팜,237690,2.0,,2026-10-02T08:48:24.921111
2026-10-01,kosdaq_long_short_index,exit,티씨머티리얼즈,125020,,,2026-10-02T08:48:24.921111
2026-10-01,kosdaq_long_short_index,reduce_pct,KODEX 코스닥150선물인버스,251340,11.0,숏 96->85%,2026-10-02T08:48:24.921111
2026-10-01,mingu_mp,exit,아이티센글로벌,124500,,,2026-10-02T08:48:24.955192
2026-10-01,mingu_mp,increase_pct,에프에스티,036810,3.0,,2026-10-02T08:48:24.955192
2026-10-01,mingu_mp,increase_pct,RF머트리얼즈,327260,6.0,,2026-10-02T08:48:24.955192
2026-10-01,mingu_mp,new_entry_pct,엘티씨,170920,6.0,,2026-10-02T08:48:24.955192
2026-10-02,troy_mp,increase_pct,삼성전자,005930,0.43,목표표 전체 리밸런싱,2026-10-02T20:06:07.005430
2026-10-02,troy_mp,increase_pct,SK하이닉스,000660,0.75,목표표 전체 리밸런싱,2026-10-02T20:06:07.005430
2026-10-02,troy_mp,reduce_pct,아스플로,159010,1.15,목표표 전체 리밸런싱,2026-10-02T20:06:07.005430
2026-10-02,troy_mp,reduce_pct,심텍,222800,0.35,목표표 전체 리밸런싱,2026-10-02T20:06:07.005430
2026-10-02,troy_mp,reduce_pct,에프에스티,036810,0.24,목표표 전체 리밸런싱,2026-10-02T20:06:07.005430
2026-10-02,troy_mp,reduce_pct,한양디지텍,078350,0.71,목표표 전체 리밸런싱,2026-10-02T20:06:07.005430
2026-10-02,troy_mp,reduce_pct,테스,095610,0.18,목표표 전체 리밸런싱,2026-10-02T20:06:07.005430
2026-10-02,troy_mp,new_entry_pct,네오셈,253590,2.0,목표표 전체 리밸런싱,2026-10-02T20:06:07.005430
2026-10-02,troy_mp,increase_pct,삼성에스디에스,018260,0.09,목표표 전체 리밸런싱,2026-10-02T20:06:07.005430
2026-10-02,troy_mp,increase_pct,SK텔레콤,017670,0.15,목표표 전체 리밸런싱,2026-10-02T20:06:07.005430
2026-10-02,troy_mp,reduce_pct,동국제약,086450,0.03,목표표 전체 리밸런싱,2026-10-02T20:06:07.005430
2026-10-02,troy_mp,reduce_pct,달바글로벌,483650,1.85,목표표 전체 리밸런싱,2026-10-02T20:06:07.005430
2026-10-02,troy_mp,exit,우리금융지주,316140,,목표표 전체 리밸런싱,2026-10-02T20:06:07.005430
2026-10-02,troy_mp,increase_pct,BNK금융지주,138930,0.06,목표표 전체 리밸런싱,2026-10-02T20:06:07.005430
2026-10-02,troy_mp,reduce_pct,토모큐브,475960,1.09,목표표 전체 리밸런싱,2026-10-02T20:06:07.005430
2026-10-02,troy_mp,increase_pct,한화에어로스페이스,012450,0.15,목표표 전체 리밸런싱,2026-10-02T20:06:07.005430
2026-10-02,troy_mp,increase_pct,팬오션,028670,0.05,목표표 전체 리밸런싱,2026-10-02T20:06:07.005430
2026-10-02,troy_mp,increase_pct,DL이앤씨,375500,0.28,목표표 전체 리밸런싱,2026-10-02T20:06:07.005430
2026-10-02,troy_mp,increase_pct,현대건설,000720,0.21,목표표 전체 리밸런싱,2026-10-02T20:06:07.005430
2026-10-02,troy_mp,increase_pct,한전기술,052690,0.01,목표표 전체 리밸런싱,2026-10-02T20:06:07.005430
2026-10-02,troy_mp,increase_pct,현대해상,001450,0.12,목표표 전체 리밸런싱,2026-10-02T20:06:07.005430
2026-10-02,troy_mp,increase_pct,삼성생명,032830,0.14,목표표 전체 리밸런싱,2026-10-02T20:06:07.005430
2026-10-02,troy_mp,increase_pct,LS,006260,1.23,목표표 전체 리밸런싱,2026-10-02T20:06:07.005430
2026-10-02,troy_mp,increase_pct,티씨머티리얼즈,125020,0.14,목표표 전체 리밸런싱,2026-10-02T20:06:07.005430
2026-10-02,troy_mp,reduce_pct,S-Oil,010950,0.8,목표표 전체 리밸런싱,2026-10-02T20:06:07.005430
2026-10-02,troy_mp,increase_pct,SK이노베이션,096770,0.08,목표표 전체 리밸런싱,2026-10-02T20:06:07.005430
2026-10-02,troy_mp,reduce_pct,HD현대에너지솔루션,322000,0.12,목표표 전체 리밸런싱,2026-10-02T20:06:07.005430
2026-10-02,troy_mp,increase_pct,세아제강,306200,0.1,목표표 전체 리밸런싱,2026-10-02T20:06:07.005430
2026-10-02,troy_mp,increase_pct,삼성SDI,006400,0.14,목표표 전체 리밸런싱,2026-10-02T20:06:07.005430
2026-10-02,troy_mp,reduce_pct,코세스,089890,0.8,목표표 전체 리밸런싱,2026-10-02T20:06:07.005430
2026-10-02,troy_mp,increase_pct,한화엔진,082740,0.13,목표표 전체 리밸런싱,2026-10-02T20:06:07.005430
2026-10-02,troy_mp,increase_pct,산일전기,062040,0.01,목표표 전체 리밸런싱,2026-10-02T20:06:07.005430
2026-10-02,troy_mp,increase_pct,RF머트리얼즈,327260,0.06,목표표 전체 리밸런싱,2026-10-02T20:06:07.005430
2026-10-02,troy_mp,reduce_pct,제우스,079370,0.3,목표표 전체 리밸런싱,2026-10-02T20:06:07.005430
2026-10-02,troy_mp,new_entry_pct,비나텍,126340,2.0,목표표 전체 리밸런싱,2026-10-02T20:06:07.005430
2026-10-02,troy_mp,new_entry_pct,엘앤씨바이오,290650,2.0,목표표 전체 리밸런싱,2026-10-02T20:06:07.005430
2026-10-02,mingu_mp,reduce_pct,피노,033790,3.0,,2026-10-02T20:06:06.043529
2026-10-02,mingu_mp,reduce_pct,RF머트리얼즈,327260,3.0,,2026-10-02T20:06:06.043529
2026-10-05,my_mp,exit,인바디,041830,,,2026-10-05T16:34:26.527556
2026-10-05,my_mp,exit,메쥬,0088M0,,,2026-10-05T16:34:26.527556
2026-10-05,my_mp,exit,브이엠,089970,,,2026-10-05T16:34:26.527556
2026-10-05,my_mp,new_entry_pct,엘앤씨바이오,290650,5.0,,2026-10-05T16:34:26.527556
2026-10-05,my_mp,new_entry_pct,에이치브이엠,295310,10.0,,2026-10-05T16:34:26.527556
2026-10-05,my_mp,new_entry_pct,엠케이전자,033160,10.0,,2026-10-05T16:34:26.527556
2026-10-05,my_mp,exit,타이거일렉,219130,,,
2026-10-05,my_mp,new_entry_pct,윈팩,097800,5,,
2026-10-05,my_mp,increase_pct,엘앤씨바이오,290650,5,,
