종목명,연도,매출액,영업이익
로보티즈,2020,19231375419.0,-1764338548.0
로보티즈,2021,22358193241.0,-928967630.0
로보티즈,2022,25856449323.0,-2160534050.0
로보티즈,2023,29127949488.0,-5298796747.0
로보티즈,2024,30038231053.0,-2973503944.0
로보티즈,2025,38942547006.0,3346038655.0
토모큐브,2024,5938649975.0,-8779777619.0
토모큐브,2025,11306726320.0,-5568879088.0
SFA반도체,2020,573077540339.0,34282018123.0
SFA반도체,2021,641108819687.0,66496309132.0
SFA반도체,2022,699412110637.0,62881247628.0
SFA반도체,2023,437586077155.0,-16710120338.0
SFA반도체,2024,400482861805.0,-31004226.0
SFA반도체,2025,367389147993.0,-19626671175.0
케이엠더블유,2025,97518624961.0,-23765618321.0
덕산테코피아,2020,78379152080.0,14047284623.0
덕산테코피아,2021,112383155917.0,21980938749.0
덕산테코피아,2022,111005121065.0,9261039886.0
덕산테코피아,2023,94076712274.0,-6225474421.0
덕산테코피아,2024,99694431512.0,-30219465064.0
덕산테코피아,2025,112078954483.0,-43026410473.0
그래피,2025,20532799353.0,-11053753180.0
SK케미칼,2020,1214709208859.0,106282993816.0
SK케미칼,2021,2089631876416.0,555185910439.0
SK케미칼,2022,1829191322924.0,230480673367.0
SK케미칼,2023,1748777740387.0,83302487079.0
SK케미칼,2024,1736778902011.0,-45175568334.0
SK케미칼,2025,2365164441719.0,-207363696.0
필옵틱스,2020,188890116710.0,1794118956.0
필옵틱스,2021,230791827975.0,-10525310027.0
필옵틱스,2022,303987727889.0,18085152488.0
필옵틱스,2023,300001066109.0,10265296884.0
필옵틱스,2024,410893768511.0,13796035047.0
필옵틱스,2025,103440867014.0,-34892060535.0
제주항공,2020,377045660697.0,-335816214073.0
제주항공,2021,273079199084.0,-317159495233.0
제주항공,2022,702503275808.0,-177502073624.0
제주항공,2023,1724008542239.0,169792117648.0
제주항공,2024,1935791972257.0,79912336894.0
제주항공,2025,1579940872409.0,-111660044639.0
삼천당제약,2020,166862333786.0,5522905191.0
삼천당제약,2021,167274903875.0,-15293087301.0
삼천당제약,2022,177335410013.0,12224651499.0
삼천당제약,2023,192668515628.0,9559814333.0
삼천당제약,2024,210923804522.0,2641971274.0
삼천당제약,2025,231805277738.0,8466512950.0
인텍플러스,2020,56259572311.0,7018451915.0
인텍플러스,2021,119661105867.0,27531343673.0
인텍플러스,2022,118836726448.0,19363287600.0
인텍플러스,2023,74802246295.0,-11091735610.0
인텍플러스,2024,83873419602.0,-15587344842.0
인텍플러스,2025,89765092570.0,-3734628764.0
삼아알미늄,2020,197013476791.0,7380512541.0
삼아알미늄,2021,252965524544.0,15447143092.0
삼아알미늄,2022,312055883421.0,22571051710.0
삼아알미늄,2023,268023420437.0,3770590732.0
삼아알미늄,2024,251733337646.0,-9590561021.0
삼아알미늄,2025,271458652401.0,-17647393573.0
한올바이오파마,2020,88602270090.0,5935188193.0
한올바이오파마,2021,101594443691.0,10099118837.0
한올바이오파마,2022,109995418981.0,1505787596.0
한올바이오파마,2023,134909837622.0,2211359603.0
한올바이오파마,2024,138943698757.0,230474890.0
한올바이오파마,2025,155184524107.0,-915814382.0
오이솔루션,2020,103177709919.0,7332870050.0
오이솔루션,2021,98680738387.0,1654881565.0
오이솔루션,2022,76953984689.0,-8705147021.0
오이솔루션,2023,46002760622.0,-31080650276.0
오이솔루션,2024,32026596164.0,-30358233797.0
오이솔루션,2025,57377286181.0,-15998970339.0
LG에너지솔루션,2020,1461068000000.0,
LG에너지솔루션,2021,17851906000000.0,768470000000.0
LG에너지솔루션,2022,25598609000000.0,1213719000000.0
LG에너지솔루션,2023,33745470000000.0,2163234000000.0
LG에너지솔루션,2024,25619585000000.0,575387000000.0
LG에너지솔루션,2025,23671759000000.0,1346120000000.0
삼성SDI,2020,11294770446035.0,671335358424.0
삼성SDI,2021,13553220248796.0,1067575600497.0
삼성SDI,2022,20124069515854.0,1808013013202.0
삼성SDI,2023,22708300498633.0,1633368964768.0
삼성SDI,2024,16592248884388.0,363304463263.0
삼성SDI,2025,13266730679499.0,
아스테라시스,2024,28833182740.0,6664217644.0
아스테라시스,2025,37943714291.0,10392032060.0
오스코텍,2020,43470793384.0,1580436682.0
오스코텍,2021,3902734752.0,-28096765516.0
오스코텍,2022,5062376493.0,-28638371344.0
오스코텍,2023,4950929999.0,-32655289595.0
오스코텍,2024,34007602680.0,-2733857885.0
오스코텍,2025,99838669222.0,52081332705.0
HEM파마,2025,12979352490.0,-15583461635.0
비나텍,2020,46690215449.0,6362032876.0
비나텍,2021,48958076351.0,5625405971.0
비나텍,2022,70656753558.0,9351006048.0
비나텍,2023,54964094324.0,3036206471.0
비나텍,2024,59591709951.0,-8067980363.0
비나텍,2025,82228905359.0,1773717709.0
율촌화학,2020,520654569706.0,26719627349.0
율촌화학,2021,538734197699.0,11020409544.0
율촌화학,2022,508944089593.0,-4622788865.0
율촌화학,2023,414490610375.0,-16200386104.0
율촌화학,2024,457078095305.0,
율촌화학,2025,485382903935.0,8514206208.0
스피어,2023,3325344082.0,
스피어,2024,2557761611.0,
스피어,2025,95638566409.0,9052274666.0
바이오다인,2025,7027675925.0,652257064.0
SBS,2020,860343114358.0,69052835346.0
SBS,2021,1078975236959.0,184436850625.0
SBS,2022,1173781580894.0,185603490383.0
SBS,2023,996763613264.0,58323294148.0
SBS,2024,1046651436608.0,-19185289826.0
SBS,2025,1008457955402.0,18151260224.0
LS마린솔루션,2024,130279123723.0,12392667090.0
LS마린솔루션,2025,244205074557.0,7009301321.0
E1,2020,3927554236615.0,39530859081.0
E1,2021,5152300897477.0,5575314498.0
E1,2022,7990767897663.0,278730692433.0
E1,2023,7827737066529.0,93175065859.0
E1,2024,11192411812013.0,217605533069.0
E1,2025,10392522604756.0,324063026338.0
두산로보틱스,2023,53038372299.0,
두산로보틱스,2024,46829943837.0,
두산로보틱스,2025,32978338354.0,-59472307590.0
한진,2020,2215686640850.0,105917310389.0
한진,2021,2504131193753.0,99432891702.0
한진,2022,2849420869433.0,114501782947.0
한진,2023,2807528782563.0,122526979246.0
한진,2024,3015479161930.0,100088306580.0
한진,2025,3064925190779.0,112195809190.0
LG화학,2020,30076510000000.0,1798159000000.0
LG화학,2021,42654722000000.0,5025466000000.0
LG화학,2022,51864888000000.0,2995698000000.0
LG화학,2023,55249785000000.0,2529196000000.0
LG화학,2024,48916104000000.0,916798000000.0
LG화학,2025,45932167000000.0,1180900000000.0
제이앤티씨,2020,347772920401.0,74903660644.0
제이앤티씨,2021,202595050531.0,-30743056761.0
제이앤티씨,2022,161325172108.0,-44329077466.0
제이앤티씨,2023,323436932669.0,28538516087.0
제이앤티씨,2024,273239103365.0,-46091032142.0
제이앤티씨,2025,185653161156.0,-77996088398.0
레인보우로보틱스,2020,5426966654.0,-1348800253.0
레인보우로보틱스,2021,8969574693.0,-1030713533.0
레인보우로보틱스,2022,13615411936.0,1300876285.0
레인보우로보틱스,2023,15258134872.0,-44589778382.0
레인보우로보틱스,2024,19346780087.0,-2978979764.0
레인보우로보틱스,2025,34123110054.0,-2480266118.0
기가비스,2025,52434995936.0,12100818200.0
두산테스나,2024,373117930000.0,37923282000.0
파두,2023,22470905715.0,-58569439226.0
파두,2024,43502744974.0,-95048300908.0
파두,2025,92419333233.0,
예스티,2020,66089641038.0,463586434.0
예스티,2021,72405194962.0,-11102089873.0
예스티,2022,75993760726.0,-16881819932.0
예스티,2023,79808251218.0,-411044492.0
예스티,2024,100095115191.0,11262295552.0
예스티,2025,87055847267.0,3792979984.0
주성엔지니어링,2020,118545864748.0,-25033172721.0
주성엔지니어링,2021,377294631076.0,102611062636.0
주성엔지니어링,2022,437938720318.0,123884000542.0
주성엔지니어링,2023,284745246660.0,28937462812.0
주성엔지니어링,2024,409393371588.0,97196211588.0
주성엔지니어링,2025,310692584812.0,31257811742.0
KG모빌리티,2020,2950180719134.0,-449388656761.0
KG모빌리티,2021,2429327700801.0,-261260796567.0
KG모빌리티,2022,3423340873291.0,-111950027111.0
KG모빌리티,2023,3736368968570.0,12547597407.0
KG모빌리티,2024,3905069387798.0,1432909587.0
KG모빌리티,2025,4303636808271.0,36155571131.0
성일하이텍,2022,269895520527.0,48313488557.0
성일하이텍,2023,247367786854.0,-8338433228.0
성일하이텍,2024,136215012576.0,-71393158346.0
성일하이텍,2025,194629131476.0,-54533608529.0
세아제강지주,2020,2306357441761.0,67104301851.0
세아제강지주,2021,2841722127579.0,298952263629.0
세아제강지주,2022,3953834150660.0,567163868807.0
세아제강지주,2023,3913342472741.0,590946429587.0
세아제강지주,2024,3675086864147.0,211611279793.0
세아제강지주,2025,3759574982771.0,205826153302.0
성호전자,2020,107194785976.0,2839232141.0
성호전자,2021,133217506628.0,1230300206.0
성호전자,2022,153575649263.0,2045667031.0
성호전자,2023,208061479027.0,25857169613.0
성호전자,2024,207326568063.0,6311648229.0
성호전자,2025,231577035770.0,7551422708.0
펨트론,2022,61158301940.0,6352849380.0
펨트론,2023,73715799864.0,8061885812.0
펨트론,2024,57004658240.0,-3622897641.0
펨트론,2025,69861835068.0,3183933744.0
서진시스템,2020,321896317585.0,4906027906.0
서진시스템,2021,606146777369.0,57999788641.0
서진시스템,2022,787598942942.0,44398388581.0
서진시스템,2023,778694260990.0,48998367201.0
서진시스템,2024,1213752801436.0,108700662517.0
서진시스템,2025,1066330738953.0,1145784823.0
서울반도체,2020,1153051365589.0,59655030864.0
서울반도체,2021,1301040816362.0,63212273964.0
서울반도체,2022,1109427463605.0,-33437894990.0
서울반도체,2023,1032380637430.0,-49351836734.0
서울반도체,2024,1090485819261.0,796674308.0
서울반도체,2025,1013523607401.0,-31515946872.0
쎄트렉아이,2020,89227431153.0,13659101910.0
쎄트렉아이,2021,73449328696.0,1269234022.0
쎄트렉아이,2022,91357563655.0,-7728225536.0
쎄트렉아이,2023,125433494958.0,-4353750903.0
쎄트렉아이,2024,171279451654.0,-3072159411.0
쎄트렉아이,2025,206916796302.0,10179660644.0
가온전선,2020,857415249064.0,12650885274.0
가온전선,2021,1070383204799.0,16571777888.0
가온전선,2022,1416454404337.0,28462568691.0
가온전선,2023,1498606544413.0,43720038993.0
가온전선,2024,,45011778000.0
자이에스앤디,2021,435730829464.0,50822485579.0
자이에스앤디,2022,2479010932945.0,198896062736.0
자이에스앤디,2023,2374632695604.0,126591961231.0
자이에스앤디,2024,1578173429989.0,2376244362.0
자이에스앤디,2025,1387596056216.0,12505665943.0
LIG아큐버,2020,92967215651.0,13796008009.0
LIG아큐버,2021,90668655852.0,13424767483.0
LIG아큐버,2022,132854144114.0,14339851562.0
LIG아큐버,2023,137371054434.0,10281601531.0
LIG아큐버,2024,189719878849.0,2437826932.0
LIG아큐버,2025,186100825069.0,-1120256759.0
오킨스전자,2020,45119741718.0,813396145.0
오킨스전자,2021,59303792764.0,2579711532.0
오킨스전자,2022,64176500340.0,2609217138.0
오킨스전자,2023,56850074934.0,374277956.0
오킨스전자,2024,66679677491.0,1904476100.0
오킨스전자,2025,94373992165.0,11086424250.0
한중엔시에스,2020,71164978560.0,-3656300095.0
한중엔시에스,2021,89564029580.0,1688714197.0
한중엔시에스,2022,88517278283.0,-13924873767.0
한중엔시에스,2023,121551317604.0,-12672781604.0
한중엔시에스,2024,177258091164.0,9574485247.0
한중엔시에스,2025,175264976657.0,4026137190.0
에이디테크놀로지,2020,292360369641.0,13481725541.0
에이디테크놀로지,2021,322083657505.0,11386146508.0
에이디테크놀로지,2022,164248769577.0,4397640236.0
에이디테크놀로지,2023,100172177678.0,-17407233831.0
에이디테크놀로지,2024,106545463919.0,-16953519212.0
에이디테크놀로지,2025,164511629858.0,2852844756.0
위메이드,2020,126242137495.0,-12838601170.0
위메이드,2021,334983131724.0,97350931326.0
위메이드,2022,463491566220.0,-84938285329.0
위메이드,2023,605252428314.0,-110440776864.0
위메이드,2024,711871164004.0,7062218897.0
위메이드,2025,614039504365.0,10678082423.0
에코프로비엠,2020,854748843876.0,54769281487.0
에코프로비엠,2021,1485628623826.0,115031248500.0
에코프로비엠,2022,5357607238956.0,380676718075.0
에코프로비엠,2023,6900867843535.0,156029935394.0
에코프로비엠,2024,2766837750152.0,-34109364109.0
에코프로비엠,2025,2531576384113.0,143309899725.0
삼성전기,2020,8208738308011.0,829130678277.0
삼성전기,2021,9675036127726.0,1486872833804.0
삼성전기,2022,9424551868027.0,1182835924271.0
삼성전기,2023,8909448483915.0,639423737120.0
삼성전기,2024,10294102976435.0,735005856995.0
삼성전기,2025,11314459238100.0,913331178557.0
대한항공,2020,7606224078611.0,108918118710.0
대한항공,2021,9016824640301.0,1417968632826.0
대한항공,2022,14096094819146.0,2830586753727.0
대한항공,2023,16111796106147.0,1790089190805.0
대한항공,2024,17870718495804.0,2110200077994.0
대한항공,2025,25225542379502.0,1113589428051.0
네오티스,2020,37969069075.0,3742592720.0
네오티스,2021,65982605251.0,9651549182.0
네오티스,2022,80372128697.0,11682036856.0
네오티스,2023,58471916067.0,-741768503.0
네오티스,2024,54287070069.0,3178608125.0
네오티스,2025,68676858572.0,7780052272.0
한화시스템,2020,1642854571594.0,92863410171.0
한화시스템,2021,2089503039125.0,112049712222.0
한화시스템,2022,2188002345349.0,24022201122.0
한화시스템,2023,2453079541922.0,92870721114.0
한화시스템,2024,2803686058274.0,219345297682.0
한화시스템,2025,3664150568020.0,119898725355.0
넥스틴,2020,49445117659.0,18099074344.0
넥스틴,2021,57108751854.0,22064316158.0
넥스틴,2022,114942873898.0,56503520126.0
넥스틴,2023,87930571023.0,36165536410.0
넥스틴,2024,113719875873.0,46974727733.0
넥스틴,2025,66914327141.0,-1160803724.0
엠케이전자,2020,875759467232.0,111010986600.0
엠케이전자,2021,958025517025.0,108518074699.0
엠케이전자,2022,1023209675666.0,80280886914.0
엠케이전자,2023,1116974657530.0,46451135024.0
엠케이전자,2024,1170600325569.0,56076089596.0
엠케이전자,2025,1403822824376.0,14186439762.0
현대제철,2020,18023398349630.0,73032437891.0
현대제철,2021,22849920977857.0,2447503013134.0
현대제철,2022,27340601237802.0,1616457125289.0
현대제철,2023,25914760456167.0,798325068073.0
현대제철,2024,23226141091217.0,159492008580.0
현대제철,2025,22733237259727.0,219235156230.0
한스바이오메드,2020,80098456516.0,-3407508939.0
한스바이오메드,2021,59098032809.0,-19777650117.0
한스바이오메드,2022,74458999045.0,1292765426.0
한스바이오메드,2023,78032037342.0,-4154876285.0
한스바이오메드,2024,81137434056.0,625600334.0
한스바이오메드,2025,89779853611.0,-25890557566.0
포스코퓨처엠,2020,1566235713095.0,60269659752.0
포스코퓨처엠,2021,1989542181862.0,121675892582.0
포스코퓨처엠,2022,3301915805063.0,165871669943.0
포스코퓨처엠,2023,4759871486264.0,35882185999.0
포스코퓨처엠,2024,3699944235821.0,721245866.0
포스코퓨처엠,2025,2938698184392.0,32827283494.0
알테오젠,2020,42425842457.0,103718349.0
알테오젠,2021,41123115244.0,-12795830212.0
알테오젠,2022,28806344498.0,-29373680278.0
알테오젠,2023,96522928887.0,-9736838487.0
알테오젠,2024,102854620800.0,25403990856.0
알테오젠,2025,215858918957.0,106900077097.0
지엔씨에너지,2020,161020775732.0,6831095569.0
지엔씨에너지,2021,146520018942.0,5561584408.0
지엔씨에너지,2022,148546394356.0,6093453058.0
지엔씨에너지,2023,166417408343.0,11022900658.0
지엔씨에너지,2024,226316215163.0,31703602364.0
지엔씨에너지,2025,262633597538.0,49372497571.0
엑시콘,2020,,8254965351.0
엑시콘,2021,,6280543174.0
엑시콘,2022,,10251794199.0
엑시콘,2023,,1464663636.0
엑시콘,2024,,-15897333370.0
엑시콘,2025,,80123746.0
테크윙,2020,228153323968.0,37910274782.0
테크윙,2021,255915216713.0,36219406193.0
테크윙,2022,267491091324.0,57672910686.0
테크윙,2023,133604260260.0,3160487054.0
테크윙,2024,185507171034.0,23411077264.0
테크윙,2025,159128398402.0,15837572847.0
디케이티,2020,346146178667.0,14471535471.0
디케이티,2021,315241528615.0,18132892648.0
디케이티,2022,363542945233.0,21185243178.0
디케이티,2023,280218060416.0,14686766746.0
디케이티,2024,403349872283.0,23085704326.0
디케이티,2025,425776296391.0,21573699533.0
에어부산,2020,189917868363.0,-188684534775.0
에스티아이,2020,269101402085.0,15410971483.0
에스티아이,2021,319513983576.0,25565657171.0
에스티아이,2022,422418753947.0,34766478075.0
에스티아이,2023,319462564774.0,23946351563.0
에스티아이,2024,334022337411.0,27287364136.0
에스티아이,2025,328058707879.0,19718973861.0
나노신소재,2020,48524487750.0,1463818298.0
나노신소재,2021,61068879919.0,5721638898.0
나노신소재,2022,79912146327.0,16822813569.0
나노신소재,2023,83170197743.0,11892080207.0
나노신소재,2024,87767284001.0,2987662289.0
나노신소재,2025,111745369751.0,4681087390.0
하이브,2020,796283397000.0,145515649000.0
하이브,2021,1255926483000.0,190247657000.0
하이브,2022,1776153957000.0,236907930000.0
하이브,2023,2178088207000.0,295643307000.0
하이브,2024,2255648536000.0,184045287000.0
하이브,2025,2649870246000.0,49318276000.0
파인엠텍,2022,116372755248.0,5442629061.0
파인엠텍,2023,380029515142.0,20333866781.0
파인엠텍,2024,382168522104.0,-7910230586.0
파인엠텍,2025,239121107842.0,1934808208.0
태광,2020,188404258358.0,-3113244031.0
태광,2021,185147913272.0,13530787202.0
태광,2022,249742674195.0,45350048019.0
태광,2023,312067468098.0,57724095747.0
태광,2024,266809991545.0,39872964654.0
태광,2025,296965688227.0,38734846446.0
엘앤씨바이오,2020,32972771325.0,7324167328.0
엘앤씨바이오,2021,45677013794.0,13169947368.0
엘앤씨바이오,2022,52572492155.0,9483841990.0
엘앤씨바이오,2023,68869546328.0,7748005680.0
엘앤씨바이오,2024,72093323401.0,2542071249.0
엘앤씨바이오,2025,85476414998.0,4415713583.0
현대힘스,2023,189188021565.0,14463678384.0
현대힘스,2024,223163801400.0,21548671011.0
현대힘스,2025,248203831277.0,28763604615.0
심텍,2020,1201374703500.0,89740402529.0
심텍,2021,1365832876122.0,174319010782.0
심텍,2022,1697452348000.0,352354248115.0
심텍,2023,1041895724977.0,-88124119458.0
심텍,2024,1231421381070.0,-46969220820.0
심텍,2025,1410559919451.0,11868602919.0
아이센스,2020,203707640796.0,30455987440.0
아이센스,2021,232934791026.0,34826754603.0
아이센스,2022,264837131105.0,19807041920.0
아이센스,2023,265120260375.0,10929438236.0
아이센스,2024,291137903797.0,2657678239.0
아이센스,2025,315444741611.0,7886581393.0
에코프로에이치엔,2021,90904348393.0,13876915140.0
에코프로에이치엔,2022,218237744878.0,41420546422.0
에코프로에이치엔,2023,228946023204.0,41780811675.0
에코프로에이치엔,2024,234500459609.0,24226100708.0
에코프로에이치엔,2025,141057118027.0,11709586777.0
덕산하이메탈,2020,55234078655.0,6376733178.0
덕산하이메탈,2021,92723328726.0,5993408134.0
덕산하이메탈,2022,171513497434.0,-2735426060.0
덕산하이메탈,2023,144452975904.0,-10965930533.0
덕산하이메탈,2024,235891931037.0,18638671330.0
덕산하이메탈,2025,236404536110.0,2813023041.0
삼성생명,2023,,2398377000000.0
삼성생명,2024,,2499751000000.0
삼성생명,2025,,2580469000000.0
엘티씨,2020,94775793266.0,4513263100.0
엘티씨,2021,78285335654.0,-8395564793.0
엘티씨,2022,219427343415.0,10782148304.0
엘티씨,2023,113358801071.0,-16045371389.0
엘티씨,2024,276973239785.0,24184336150.0
엘티씨,2025,310384726014.0,29629435023.0
한국자산신탁,2023,259071620425.0,116706241689.0
한국자산신탁,2024,226447627661.0,51764548804.0
한국자산신탁,2025,204288412188.0,34227305882.0
한국피아이엠,2025,36931110519.0,1455551263.0
상아프론테크,2020,153347406708.0,7384122267.0
상아프론테크,2021,178480531677.0,11966531891.0
상아프론테크,2022,181155503171.0,12905637676.0
상아프론테크,2023,183599147402.0,8958369872.0
상아프론테크,2024,171751657758.0,5849621931.0
상아프론테크,2025,195987991877.0,6712413242.0
에프에스티,2020,166157842718.0,24841770839.0
에프에스티,2021,213658265007.0,22636438454.0
에프에스티,2022,223393506783.0,6180171118.0
에프에스티,2023,197608619262.0,-10782402895.0
에프에스티,2024,237408450542.0,2287271800.0
에프에스티,2025,280262733555.0,-546526969.0
유한양행,2020,1619865302675.0,84255098219.0
유한양행,2021,1687810317744.0,48596120264.0
유한양행,2022,1775846942745.0,36028967211.0
유한양행,2023,1858983759666.0,56759795062.0
유한양행,2024,2067791451854.0,54880319609.0
유한양행,2025,2186637586358.0,104374493823.0
한화엔진,2020,829994723288.0,20020539457.0
한화엔진,2021,598999092899.0,-39778154646.0
한화엔진,2022,764242847008.0,-29534217363.0
한화엔진,2025,1371057336146.0,130066296100.0
드림텍,2020,1045847643326.0,19695003660.0
드림텍,2021,1231623290602.0,96104848257.0
드림텍,2022,1368643532370.0,96666082963.0
드림텍,2023,1030380773539.0,34045564038.0
드림텍,2024,1172680840825.0,23554274189.0
드림텍,2025,1230621374284.0,31373220604.0
상신이디피,2020,151713321770.0,19473769452.0
상신이디피,2021,197509167045.0,19652064899.0
상신이디피,2022,290811126688.0,32756372592.0
상신이디피,2023,301635718758.0,30203143040.0
상신이디피,2024,251800540845.0,-8221282918.0
상신이디피,2025,250083513076.0,8654871859.0
한국항공우주,2020,2825136012824.0,139524243361.0
한국항공우주,2021,2562283675152.0,58259436460.0
한국항공우주,2022,2786888282702.0,141617667318.0
한국항공우주,2023,3819344382446.0,247510483155.0
한국항공우주,2024,3633742105840.0,240718310400.0
한국항공우주,2025,3696379351601.0,269190196660.0
SK오션플랜트,2020,427239225830.0,29049486060.0
SK오션플랜트,2021,503060400073.0,26431994695.0
SK오션플랜트,2022,691830139228.0,71940779701.0
SK오션플랜트,2023,925835675846.0,75604296314.0
SK오션플랜트,2024,662615726791.0,41797283162.0
SK오션플랜트,2025,965388430763.0,59509493978.0
제닉,2020,42131838169.0,1040272798.0
제닉,2021,38408413629.0,-3943884181.0
제닉,2022,31448829338.0,-3173315075.0
제닉,2023,28069766610.0,-4023185937.0
제닉,2024,49908316638.0,6023625764.0
제닉,2025,78198461125.0,14973754098.0
OCI홀딩스,2020,2002516778000.0,-86145075000.0
OCI홀딩스,2021,3243996752000.0,625984935000.0
OCI홀딩스,2022,4671316051000.0,976672782000.0
OCI홀딩스,2023,2649691893000.0,531217297000.0
OCI홀딩스,2024,3577383349000.0,101527729000.0
OCI홀딩스,2025,3380060390000.0,-57627064000.0
RF머트리얼즈,2020,18213484326.0,-625374065.0
RF머트리얼즈,2021,37771227715.0,-28083434.0
RF머트리얼즈,2022,50442251582.0,2733808458.0
RF머트리얼즈,2023,47911985391.0,-34626044.0
RF머트리얼즈,2024,44496976185.0,-1452952139.0
RF머트리얼즈,2025,64084381231.0,7370290585.0
인탑스,2020,777840065167.0,64994600795.0
인탑스,2021,1052038115626.0,87568177806.0
인탑스,2022,1114154782814.0,142037007233.0
인탑스,2023,577375550276.0,18305655096.0
인탑스,2024,614667194566.0,3784434686.0
인탑스,2025,590781754867.0,-11303532259.0
롯데케미칼,2020,12223031551258.0,356911281146.0
롯데케미칼,2021,18120462422756.0,1535640888894.0
롯데케미칼,2022,22276082763692.0,-762606983916.0
롯데케미칼,2023,19946396629902.0,-347702499473.0
롯데케미칼,2024,20430375565357.0,
롯데케미칼,2025,18483005314922.0,
인텔리안테크,2020,110104515277.0,3248069243.0
인텔리안테크,2021,137999647178.0,2230007517.0
인텔리안테크,2022,239465349593.0,15342554581.0
인텔리안테크,2023,305042847051.0,10725550527.0
인텔리안테크,2024,257769448883.0,-19443692778.0
인텔리안테크,2025,319628351040.0,11953671226.0
CJ ENM,2020,3391184002869.0,272067865192.0
CJ ENM,2021,3552396542302.0,296876105378.0
CJ ENM,2022,4792237788876.0,137375904912.0
CJ ENM,2023,4368360656512.0,-14600377588.0
CJ ENM,2024,5231360073502.0,104478244497.0
CJ ENM,2025,5134511101925.0,132887741945.0
코리아써키트,2020,902121287287.0,
코리아써키트,2021,1424168502751.0,
코리아써키트,2022,1596875152129.0,
코리아써키트,2023,1332234444242.0,-32101224771.0
코리아써키트,2024,1406956573662.0,-33153617896.0
코리아써키트,2025,1509725133078.0,53816253084.0
유니셈,2020,215129755130.0,32223195856.0
유니셈,2021,296076523708.0,43689319047.0
유니셈,2022,253229086343.0,29036650994.0
유니셈,2023,232111743013.0,17388081940.0
유니셈,2024,218160735643.0,9974310432.0
유니셈,2025,273330435300.0,10901847307.0
아세아시멘트,2020,787547395550.0,75305385497.0
아세아시멘트,2021,892569417094.0,128646922022.0
아세아시멘트,2022,1040145906143.0,117970811813.0
아세아시멘트,2023,1200454909494.0,146886630781.0
아세아시멘트,2024,1110338447000.0,140751172000.0
아세아시멘트,2025,1022789744000.0,77134472000.0
LB세미콘,2020,442790062641.0,42764789335.0
LB세미콘,2021,496236973449.0,44225236880.0
LB세미콘,2022,524605333976.0,56796897447.0
LB세미콘,2023,416870535040.0,-12705033605.0
LB세미콘,2024,450864779668.0,-18823421741.0
LB세미콘,2025,479781936611.0,-39800058194.0
선익시스템,2020,65640857994.0,3677986506.0
선익시스템,2021,46229294491.0,-7116042001.0
선익시스템,2022,74052657060.0,4434988604.0
선익시스템,2023,62412802428.0,-4057386187.0
선익시스템,2024,112925047956.0,7906583113.0
선익시스템,2025,515761033577.0,111525548096.0
뉴로메카,2022,9754641463.0,-7798121485.0
뉴로메카,2023,13742971105.0,-14825326473.0
뉴로메카,2024,25269404825.0,-19015005988.0
뉴로메카,2025,18954203205.0,-14856577614.0
