date,kospi,C,D,X,sC,sD,sX,score,lo,hi,phase,tK,tE,tS,fK13mdd,fSM13,sm_idx,adr10,adr20,adr40,adr60,hi26,hi52
2015-01-02,1926.4,,0.061386,0.34725,,,,,,,,,,,-0.022835,0.25395,,99.403,87.243,90.282,87.116,2082.6,
2015-01-09,1924.7,,0.075218,0.38787,,,,,,,,,,,-0.019,0.27824,,93.921,85.771,87.493,88.905,2082.6,
2015-01-16,1888.1,,0.07911,0.40493,,,,,,,,,,,0.0076743,0.30395,,86.869,92.928,86.458,87.317,2082.6,
2015-01-23,1936.1,,0.083073,0.46644,,,,,,,,,,,-0.00021177,0.25285,,97.958,95.913,88.347,89.121,2082.6,
2015-01-30,1949.3,,0.051422,0.50804,,,,,,,,,,,-0.0068744,0.22765,,116.36,100.5,93.643,93.556,2082.6,
2015-02-06,1955.5,,0.030314,0.57831,,,,,,,,,,,-0.010054,0.1878,,119.4,108.18,96.323,93.897,2082.6,
2015-02-13,1957.5,,0.020854,0.58635,,,,,,,,,,,0.00037292,0.21463,,110.9,113.58,102.74,94.701,2075.8,
2015-02-20,1961.5,,0.017779,0.61481,,,,,,,,,,,0.0035382,0.20901,,115.55,113.3,106.11,96.318,2075.8,
2015-02-27,1985.8,,0.036376,0.71109,,,,,,,,,,,-0.0076594,0.17018,,134.4,119.55,105.54,98.958,2075.8,
2015-03-06,2012.9,,0.082179,0.76923,,,,,,,,,,,-0.021039,0.12226,,121.43,118.46,112.39,100.09,2075.8,2082.6
2015-03-13,1985.8,,0.074421,0.75503,,,,,,,,,,,0.00077551,0.13644,,94.709,112.62,108.55,102.81,2068.5,2082.6
2015-03-20,2037.2,,0.059387,0.75432,,,,,,,,,,,-0.0085606,0.1341,,95.848,107.85,110.53,106.69,2062.6,2082.6
2015-03-27,2019.8,,0.018227,0.77043,,,,,,,,,,,0.0042826,0.15404,,110.43,102.23,110.51,104.42,2062.6,2082.6
2015-04-03,2045.4,,-0.033154,0.82509,,,,,,,,,,,-0.0081646,0.12421,,130.49,111.75,115.05,112.18,2045.4,2082.6
2015-04-10,2087.8,,-0.013444,0.85328,,,,,,,,,,,-0.034271,0.053526,,139.22,123.96,118.14,113.46,2087.8,2087.8
2015-04-17,2143.5,,-0.037665,0.88012,,,,,,,,,,,-0.059384,0.083349,,120.8,125.52,116.34,115.32,2143.5,2143.5
2015-04-24,2159.8,,-0.031089,0.84544,,,,,,,,,,,-0.066483,0.11291,,87.746,110.28,106.19,110.43,2173.4,2173.4
2015-05-01,2127.2,,-0.029639,0.80854,,,,,,,,,,,-0.052163,0.065385,,77.689,99.329,103.18,107.87,2173.4,2173.4
2015-05-08,2085.5,,-0.053005,0.76355,,,,,,,,,,,-0.036936,0.10096,,78.368,88.512,105.46,104.51,2173.4,2173.4
2015-05-15,2106.5,,-0.0089176,0.78835,,,,,,,,,,,-0.062203,0.042636,,91.289,88.641,105.08,106.09,2173.4,2173.4
2015-05-22,2146.1,,-0.0047004,0.74177,,,,,,,,,,,-0.12582,-0.1011,,105.88,91.125,100.68,102.49,2173.4,2173.4
2015-05-29,2114.8,,-0.0005033,0.71165,,,,,,,,,,,-0.13476,-0.021073,,80.943,86.53,96.327,99.523,2173.4,2173.4
2015-06-05,2068.1,,0.060892,0.61844,,,,,,,,,,,-0.11522,-0.030022,,69.584,87.04,86.695,97.092,2173.4,2173.4
2015-06-12,2052.2,,0.035388,0.63594,,,,,,,,,,,-0.10835,-0.016605,,77.631,79.276,85.831,95.75,2173.4,2173.4
2015-06-19,2047,,0.035105,0.61946,,,,,,,,,,,-0.10608,0.003533,,99.86,83.461,84.259,94.416,2173.4,2173.4
2015-06-26,2090.3,,0.021214,0.6515,,,,,,,,,,,-0.1246,-0.017098,,107.65,91.445,88.954,94.673,2173.4,2173.4
2015-07-03,2104.4,,-0.044912,0.63746,,,,,,,,,,,-0.13049,-0.013624,,110.53,105.04,95.627,92.431,2173.4,2173.4
2015-07-10,2031.2,,-0.050932,0.57324,,,,,,,,,,,-0.099135,0.020434,,82.645,94.3,86.477,88.572,2173.4,2173.4
2015-07-17,2076.8,,-0.032773,0.65378,,,,,,,,,,,-0.11892,-0.015206,,101.12,105.7,93.932,90.895,2173.4,2173.4
2015-07-24,2046,,-0.017734,0.63663,,,,,,,,,,,-0.10565,-0.02216,,108.91,94.882,93.152,90.894,2173.4,2173.4
2015-07-31,2030.2,,-0.043376,0.51758,,,,,,,,,,,-0.098687,0.016513,,69.12,83.759,93.803,91.496,2173.4,2173.4
2015-08-07,2010.2,,-0.01503,0.55236,,,,,,,,,,,-0.089751,-0.0052985,,85.465,96.527,95.406,89.704,2173.4,2173.4
2015-08-14,1983.5,,-0.035225,0.47846,,,,,,,,,,,-0.077466,-0.014841,,98.193,78.291,92.847,88.626,2173.4,2173.4
2015-08-21,1876.1,,-0.11509,0.22273,,,,,,,,,,,-0.024658,0.16161,,47.483,62.177,77.481,82.772,2173.4,2173.4
2015-08-28,1937.7,,-0.030122,0.32147,,,,,,,,,,,-0.030444,0.081655,,83.934,90.711,85.64,90.981,2173.4,2173.4
2015-09-04,1886,,-0.014239,0.27038,,,,,,,,,,,-0.0039024,0.1037,,107.69,72.479,85.068,86.704,2173.4,2173.4
2015-09-11,1941.4,,-0.0093814,0.31458,,,,,,,,,,,-0.0051046,0.039501,,90.27,87.021,82.583,90.846,2173.4,2173.4
2015-09-18,1996,,0.090433,0.36322,,,,,,,,,,,-0.034134,0.030071,,137.55,121.52,87.265,90.101,2173.4,2173.4
2015-09-25,1942.8,,0.047356,0.37356,,,,,,,,,,,-0.0077361,0.021378,,107.12,98.291,94.406,89.655,2173.4,2173.4
2015-10-02,1969.7,,0.025399,0.40609,,,,,,,,,,,-0.021252,0.023427,,103.29,108.06,93.662,92.938,2173.4,2173.4
2015-10-09,2019.5,,0.028299,0.43463,,,,,,,,,,,-0.057043,0.0037158,,98.79,123.05,93.959,91.6,2173.4,2173.4
2015-10-16,2030.3,,0.055096,0.48824,,,,,,,,,,,-0.074567,-0.025411,,100.4,108.06,99.909,90.176,2173.4,2173.4
2015-10-23,2040.4,,0.053648,0.46816,,,,,,,,,,,-0.097956,-0.050188,,91.752,95.195,107.01,92.702,2173.4,2173.4
2015-10-30,2029.5,,0.048359,0.43291,,,,,,,,,,,-0.093098,-0.021483,,72.141,85.17,95.543,92.135,2173.4,2173.4
2015-11-06,2041.1,,0.01927,0.44642,,,,,,,,,,,-0.098252,-0.023062,,74.908,82.945,100.99,90.163,2146.1,2173.4
2015-11-13,1973.3,,0.010242,0.34382,,,,,,,,,,,-0.069939,-0.068623,,70.718,71.422,87.886,89.418,2146.1,2173.4
2015-11-20,1989.9,,0.028027,0.39555,,,,,,,,,,,-0.077684,-0.027344,,83.481,79.134,86.769,96.751,2146.1,2173.4
2015-11-27,2029,,0.024365,0.41994,,,,,,,,,,,-0.095471,-0.028602,,113.15,89.552,87.351,93.488,2143.5,2173.4
2015-12-04,1974.4,,0.05932,0.40467,,,,,,,,,,,-0.070462,0.0013118,,82.188,82.836,82.891,94.491,2107.3,2173.4
2015-12-11,1948.6,,0.050542,0.34015,,,,,,,,,,,-0.058164,0.049074,,59.331,82.323,76.717,85.983,2107.3,2173.4
2015-12-18,1975.3,,0.025679,0.38622,,,,,,,,,,,-0.070895,0.042002,,88.457,85.292,82.168,86.27,2107.3,2173.4
2015-12-25,1990.7,,0.016802,0.39177,,42.31,23.08,,,,,,,,-0.07805,0.042868,,115.92,84.206,84.7,87.553,2107.3,2173.4
2016-01-01,1961.3,,0.043273,0.41097,,69.81,32.08,,,,,,,,-0.064258,0.039541,101.05,128.86,85.263,86.459,85.358,2107.3,2173.4
2016-01-08,1917.6,,0.0099006,0.37682,,38.89,18.52,,,,,,,,-0.042939,0.071438,99.767,77.109,89.992,88.689,82.922,2107.3,2173.4
2016-01-15,1878.9,,0.02854,0.3701,,61.82,16.36,,,,,,,,-0.0232,0.090341,98.556,64.234,91.054,84.378,79.743,2087.9,2173.4
2016-01-22,1879.4,,-0.012176,0.31803,,30.36,7.14,,,,,,,,-0.023491,0.14187,96.048,71.11,74.048,79.305,79.619,2087.9,2173.4
2016-01-29,1912.1,,-0.03578,0.3813,,12.28,22.81,,,,,,,,-0.040156,0.11506,98.128,103.29,81.612,83.414,84.807,2065.1,2173.4
2016-02-05,1917.8,,-0.018744,0.39194,,24.14,29.31,,,,,,,,-0.043023,0.097585,98.445,122.11,93.132,91.549,90.15,2052.8,2173.4
2016-02-12,1835.3,,-0.04798,0.20201,,6.78,1.69,,,,,1,1,1,0.014668,0.20737,90.683,86.304,84.759,86.573,84.374,2052.8,2173.4
2016-02-19,1916.2,,-0.0085974,0.32998,,38.33,11.67,,,,,1,1,1,-0.0019361,0.11255,96.573,110.2,109.27,93.184,90.38,2052.8,2173.4
2016-02-26,1920.2,,0.025683,0.36353,,60.66,19.67,,,,,1,1,1,-0.0018228,0.10827,97.975,155.24,115.2,92.898,89.921,2052.8,2173.4
2016-03-04,1955.6,,0.041959,0.41499,,72.58,41.94,,,,,1,1,1,-0.0091786,0.10232,100.34,133.73,115.76,101.2,94.475,2052.8,2173.4
2016-03-11,1971.4,,0.064825,0.47092,,90.48,52.38,,,,,1,1,1,-0.01711,0.091678,102.12,137.83,133.19,109.03,101.62,2052.8,2173.4
2016-03-18,1992.1,,0.035116,0.50532,,67.19,56.25,,,,,1,1,1,-0.027328,0.042328,103.66,107.06,119.6,111.53,101.91,2052.8,2173.4
2016-03-25,1983.8,,0.017183,0.50559,,44.62,56.92,,,,,1,1,1,-0.029524,-0.0040533,103.79,85.389,108.46,108.97,97.275,2052.8,2173.4
2016-04-01,1973.6,,0.012715,0.55363,,42.42,62.12,,,,,1,1,1,-0.024489,0.050574,105.04,90.836,98.603,106.89,100.34,2052.8,2173.4
2016-04-08,1972,,0.026982,0.59933,,59.7,67.16,,,,,1,2,2,-0.023737,0.048694,106.89,105.5,94.966,112.47,104.17,2052.8,2173.4
2016-04-15,2014.7,,0.037094,0.62591,,72.06,72.06,,,,,1,2,2,-0.044408,0.062386,107.46,103.98,98.995,112.24,106.88,2052.8,2173.4
2016-04-22,2015.5,,0.032828,0.68788,,65.22,79.71,,,,,1,2,2,-0.044778,0.051525,109.67,110.11,107.17,108.53,110.54,2052.8,2173.4
2016-04-29,1994.2,,0.033376,0.66443,,65.71,78.57,,,,,1,2,2,-0.034556,0.060209,109.42,89.701,96.588,99.293,104.42,2052.8,2173.4
2016-05-06,1976.7,,0.015041,0.62667,,40.85,70.42,,,,,1,2,2,-0.026038,0.06905,108.05,75.42,89.807,94.122,103.16,2052.8,2173.4
2016-05-13,1967,,-0.0051613,0.64473,,33.33,75,,,,,1,2,2,-0.021225,0.064216,109.49,86.884,92.272,95.726,105.61,2052.8,2173.4
2016-05-20,1947.7,,-0.014476,0.54769,,24.66,54.79,,,,,1,2,2,-0.011516,0.073697,107.44,88.959,81.952,91.153,97.691,2030.7,2146.1
2016-05-27,1969.2,,-0.018741,0.57223,,21.62,58.11,,,,,1,2,2,-0.022309,0.047954,108.58,83.155,84.99,92.002,97.135,2030.7,2146.1
2016-06-03,1985.8,,-0.004879,0.59643,,36,62.67,,,,,1,2,2,-0.030516,0.021229,110.61,101.97,95.266,92.506,94.504,2030.7,2146.1
2016-06-10,2017.6,,-0.013,0.60925,,28.95,64.47,,,,,1,2,2,-0.045791,-0.004079,111.49,109.9,92.298,93.152,94,2029,2146.1
2016-06-17,1953.4,,0.018837,0.48189,,50.65,45.45,,,,,1,2,2,-0.014416,0.025633,108.05,71.748,87.391,83.804,89.2,2027.1,2107.3
2016-06-24,1925.2,,-0.002858,0.35389,,38.46,14.1,,,,,1,1,1,0.00083626,0.11645,103.37,60.925,82.043,81.54,88.916,2027.1,2107.3
2016-07-01,1987.3,,0.024645,0.51606,,56.96,51.9,,,,,1,2,2,-0.017209,0.043359,110.35,127.21,95.712,93.145,93.763,2027.1,2107.3
2016-07-08,1963.1,,0.079334,0.55691,,96.25,57.5,,,,,1,2,2,0.012959,0.028991,112.1,135.69,91.019,91.654,92.431,2027.1,2107.3
2016-07-15,2017.3,,0.094946,0.62086,,100,70.37,,,,,1,2,2,-0.01278,-0.00018865,114.16,97.766,111.65,98.761,92.247,2027.1,2107.3
2016-07-22,2010.3,,0.13321,0.62272,,100,70.73,,,,,1,2,2,-0.0093815,-0.029678,115.33,103.48,118.59,98.475,92.316,2027.1,2087.9
2016-07-29,2016.2,,0.097371,0.62996,,98.8,73.49,,,,,1,2,2,-0.012256,-0.054174,116.01,92.171,94.941,95.33,93.732,2027.3,2087.9
2016-08-05,2017.9,,0.067127,0.60583,,88.1,63.1,,,,,1,2,2,-0.019327,-0.092195,115.51,88.685,95.765,93.334,92.986,2029.6,2083.6
2016-08-12,2050.5,,0.026487,0.62075,,57.65,68.24,,,,,1,2,2,-0.044912,-0.080298,116.52,102.86,97.399,104.33,98.31,2050.5,2052.8
2016-08-19,2056.2,,0.022327,0.56007,,51.16,54.65,,,,,1,2,2,-0.047592,-0.062281,115.36,92.973,91.435,98.866,95.588,2056.2,2056.2
2016-08-26,2037.5,,0.014655,0.51123,,40.23,47.13,,,,,1,2,2,-0.038832,-0.081676,113.79,74.546,83.786,91.869,91.55,2056.2,2056.2
2016-09-02,2038.3,,-0.016931,0.46524,,20.45,36.36,,,,,1,2,2,-0.039214,-0.083832,112.95,79.009,85.709,88.823,91.088,2056.2,2056.2
2016-09-09,2037.9,,-0.016123,0.40832,,21.35,29.21,,,,,1,2,2,-0.039006,-0.060039,111.03,78.653,76.583,84.877,93.513,2066.5,2066.5
2016-09-16,1999.4,,-0.016331,0.38259,,21.11,20,,,,,1,2,2,-0.020497,-0.019315,110.81,80.372,72.925,82.931,90.062,2066.5,2066.5
2016-09-23,2054.1,,-0.037507,0.49398,,8.79,45.05,,,,,1,2,2,-0.046586,-0.053783,115.4,95.469,93.907,90.112,98.17,2066.5,2066.5
2016-09-30,2043.6,,0.0044366,0.48385,,39.13,43.48,,,,,1,2,2,-0.041715,-0.047496,115.14,114.9,96.094,88.391,90.028,2068.7,2068.7
2016-10-07,2053.8,,0.0013144,0.4929,,38.71,45.16,,,,,1,2,2,-0.04646,-0.023974,115.35,85.121,86.397,87.565,90.199,2068.7,2068.7
2016-10-14,2022.7,,0.023441,0.46405,,55.32,36.17,,,,,1,2,2,-0.03178,-0.017268,114.14,72.994,99.636,83.563,87.919,2068.7,2068.7
2016-10-21,2033,,-0.044351,0.40229,,6.32,25.26,,,,,1,2,2,-0.036704,-0.013898,111.9,77.519,81.248,86.165,85.999,2068.7,2068.7
2016-10-28,2019.4,,-0.044488,0.34601,,6.25,10.42,,,,,1,2,2,-0.030227,-0.0071428,109.72,70.329,71.65,86.503,84.078,2068.7,2068.7
2016-11-04,1982,,-0.075129,0.26576,,2.06,3.09,,,,,1,1,1,-0.011927,0.024374,104.86,69.093,73.153,79.51,82.479,2068.7,2068.7
2016-11-11,1984.4,,-0.071754,0.28362,,3.06,5.1,,,,,1,2,2,-0.010618,0.0085098,107.16,98.059,83.342,91.078,83.488,2068.7,2068.7
2016-11-18,1974.6,,-0.047819,0.30644,,7.07,6.06,,,,,1,2,2,-0.0056822,0.012517,108.18,121,91.595,86.335,87.964,2068.7,2068.7
2016-11-25,1974.5,,-0.07143,0.24919,,4,3,,,,,1,1,1,-0.0056218,0.040573,104.5,75.555,86.247,78.717,86.416,2068.7,2068.7
2016-12-02,1970.6,,-0.042789,0.23504,,12.87,2.97,,,,,1,1,1,-0.0036791,0.027904,103.49,64.131,88.493,80.527,82.429,2068.7,2068.7
2016-12-09,2024.7,,-0.021219,0.25633,,22.55,4.9,,,,,1,1,1,-9.8781e-05,0.041218,104.36,95.359,84.958,84.145,88.989,2068.7,2068.7
2016-12-16,2042.2,,0.018083,0.33531,,52.43,13.59,,,,,1,2,2,-0.0086914,0.01388,108.67,141.41,95.554,93.549,89.322,2068.7,2068.7
2016-12-23,2035.9,,0.084603,0.3437,,96.15,15.38,,,,,1,2,2,-0.0056044,-0.0056105,109.19,121.56,107.56,96.269,87.387,2068.7,2068.7
2016-12-30,2026.5,,0.10623,0.34578,,99.05,17.14,,,,,1,2,2,-0.00014804,0.0050534,109.67,92.041,111.37,101.12,89.169,2068.7,2068.7
2017-01-06,2049.1,0.24899,0.14135,0.40512,,100,34.91,,,,,1,2,2,-0.0019521,-0.0089884,112.58,116.12,118.34,100.61,93.663,2068.7,2068.7
2017-01-13,2076.8,0.22231,0.083887,0.39787,,93.46,31.78,,,,,1,2,2,-0.0060767,-0.02739,112.17,100.39,96.134,94.025,93.616,2087.1,2087.1
2017-01-20,2065.6,0.24171,0.033627,0.35825,,69.44,20.37,,,,,1,2,2,-0.00025658,0.01368,110.35,76.755,94.452,100.66,93.719,2087.1,2087.1
2017-01-27,2083.6,0.25141,0.037567,0.33529,,74.31,12.84,,,,,1,2,2,-0.0088837,0.02005,108.94,75.35,86.675,97.243,97.39,2087.1,2087.1
2017-02-03,2073.2,0.24818,-0.015623,0.32213,,27.27,11.82,,,,,1,2,2,-0.0038974,0.039369,107.42,75.17,82.074,98.701,92.887,2087.1,2087.1
2017-02-10,2075.1,0.26677,-0.050631,0.35604,,6.31,21.62,,,,,1,2,2,-0.00024577,0.041626,108.07,107.59,86.508,92.781,92.671,2087.1,2087.1
2017-02-17,2080.6,0.20951,-0.0098714,0.39309,,33.93,33.04,,,,,1,2,2,-0.00087956,0.027472,109.53,114.04,92.491,93.682,96.238,2087.1,2087.1
2017-02-24,2094.1,0.18915,-0.038693,0.38478,,13.27,29.2,,,,,2,2,2,-0.0073396,0.047141,108.74,102.75,105.16,93.259,97.882,2107.6,2107.6
2017-03-03,2078.8,0.2248,-0.037157,0.3266,,15.79,12.28,,,,,1,2,2,0.0012556,0.085519,106.37,76.644,91.454,88.196,98.443,2107.6,2107.6
2017-03-10,2097.3,0.22978,-0.0044192,0.38052,,40.87,27.83,,,,,2,2,2,0.0096503,0.071447,108.67,82.829,94.549,90.155,94.119,2107.6,2107.6
2017-03-17,2164.6,0.1867,0.0022947,0.44226,,43.97,46.55,,,,,2,2,2,-0.018817,0.057256,110.18,104.25,89.346,91.426,92.041,2164.6,2164.6
2017-03-24,2168.9,0.2072,-0.014208,0.4082,,31.62,41.03,,,,,2,2,2,-0.020793,0.06349,108.58,90.377,86.525,94.111,91.631,2178.4,2178.4
2017-03-31,2160.2,0.17013,0.0195,0.4766,,55.93,52.54,,,,,2,2,2,-0.016841,0.048083,110.22,96.878,100.48,95.841,92.088,2178.4,2178.4
2017-04-07,2151.7,0.20488,0.02263,0.51994,,58.82,63.03,,,,,2,2,2,-0.012957,0.027658,111.57,105.61,97.687,96.104,92.588,2178.4,2178.4
2017-04-14,2134.9,0.21074,0.013793,0.45218,,47.5,47.5,,,,,2,2,2,0.0016488,0.03414,109.1,82.315,89.313,89.329,90.719,2178.4,2178.4
2017-04-21,2165,0.18515,0.031982,0.54492,,69.42,63.64,,,,,2,2,2,0.0040184,0.032039,111.86,100.03,102.78,94.296,96.901,2178.4,2178.4
2017-04-28,2205.4,0.1721,0.0081767,0.52371,,44.26,63.11,,,,,2,2,2,0.0064522,0.0095003,111.12,117.99,98.446,99.461,96.698,2209.5,2209.5
2017-05-05,2241.2,0.1721,0.0079665,0.541,,43.9,63.41,,,,,2,2,2,0.012886,-0.0036731,111.65,106.61,102.32,99.744,97.964,2241.2,2241.2
2017-05-12,2286,0.16857,-0.006952,0.5744,,36.29,70.16,,,,,2,2,2,0.00034995,-0.036528,112.57,118.85,114.34,101.05,98.717,2296.4,2296.4
2017-05-19,2288.5,0.16287,0.0073997,0.54638,,44,64,,,,,2,2,2,0.0067949,-0.025038,112.54,113.2,107.71,102.89,96.772,2296.4,2296.4
2017-05-26,2355.3,0.13489,0.00054955,0.58955,,41.27,72.22,,,,,3,2,2,-0.015111,-0.026329,113.86,120.45,119.65,110.43,101.39,2355.3,2355.3
2017-06-02,2371.7,0.11129,0.0056936,0.61481,,44.09,76.38,,,,,3,2,2,-0.021929,-0.028311,115.47,133.16,122.75,108.13,106.69,2371.7,2371.7
2017-06-09,2381.7,0.10484,0.021898,0.61342,,59.38,75,,,,,3,2,2,-0.026024,-0.056221,116.43,111.25,110.76,109.56,105.45,2381.7,2381.7
2017-06-16,2361.8,0.11048,0.013062,0.6015,,48.84,72.87,,,,,3,2,2,-0.017834,-0.052697,116.49,94.635,114.35,111.74,103.7,2381.7,2381.7
2017-06-23,2378.6,0.14746,0.056583,0.56761,,84.62,66.15,,,,,3,2,2,-0.024758,-0.089117,115.48,78.315,93.395,103.04,102.95,2381.7,2381.7
2017-06-30,2391.8,0.1266,0.053285,0.54827,,82.44,62.6,,,,,3,2,2,-0.030136,-0.088373,115.52,82.11,88.171,102.09,100.87,2395.7,2395.7
2017-07-07,2379.9,0.17067,0.027216,0.50693,,66.67,54.55,,,,,3,2,2,-0.025279,-0.081498,114.66,81.082,79.68,94.038,98.554,2395.7,2395.7
2017-07-14,2414.6,0.18255,0.027786,0.45392,,66.92,43.61,,,,,3,2,2,-0.03931,-0.069376,112.82,70.789,76.283,93.517,98.423,2414.6,2414.6
2017-07-21,2450.1,0.15907,0.034502,0.51225,,73.13,56.72,,,,,3,2,2,-0.053203,-0.087092,115.44,94.464,87.568,90.448,97.618,2450.1,2450.1
2017-07-28,2401,0.16227,-0.018288,0.43504,,21.48,40.74,,,,,3,2,2,-0.033853,-0.041494,112.18,94.519,81.917,84.997,94.899,2451.5,2451.5
2017-08-04,2395.4,0.19872,-0.029878,0.39819,,18.38,31.62,,,,,3,2,2,-0.031618,-0.020106,111.24,78.614,86.178,82.882,91.34,2451.5,2451.5
2017-08-11,2319.7,0.19792,-0.036601,0.32289,,13.87,10.22,,,,,2,2,2,4.742e-05,0.022691,108.46,69.9,81.337,78.782,89.27,2451.5,2451.5
2017-08-18,2358.4,0.20207,-0.041458,0.35688,,10.87,19.57,,,,,3,2,2,-0.016346,0.026021,109.72,79.67,77.964,84.335,87.047,2451.5,2451.5
2017-08-25,2378.5,0.18167,0.0087999,0.37015,,46.04,23.02,,,,,3,2,2,-0.024675,0.037405,110.86,90.732,80.823,84.117,84.847,2451.5,2451.5
2017-09-01,2357.7,0.18691,0.072638,0.38502,,90,27.86,,,,,3,2,2,-0.016062,0.021474,112.2,97.544,88.126,85.659,84.621,2451.5,2451.5
2017-09-08,2343.7,0.21136,0.089423,0.31724,,95.74,7.8,,,,,2,2,2,0.0065537,0.022429,109.88,71.273,80.459,83.33,81.116,2451.5,2451.5
2017-09-15,2386.1,0.20932,0.097014,0.33828,,97.18,14.08,,,,,3,2,2,-0.0056578,0.035912,110.35,69.983,82.591,80.24,83.751,2451.5,2451.5
2017-09-22,2388.7,0.25396,0.035013,0.23358,,72.73,2.1,,,,,3,2,1,-0.0067568,0.056536,105.19,65.512,68.337,74.352,78.525,2451.5,2451.5
2017-09-29,2394.5,0.24507,0.025052,0.24589,,61.11,3.47,,,,,3,2,1,0.013727,0.071112,105.31,78.192,74,80.731,81.573,2451.5,2451.5
2017-10-06,2394.5,0.24619,0.025052,0.24589,,61.38,4.14,,,,,3,2,1,0.013727,0.10316,105.31,78.192,74,80.731,81.573,2451.5,2451.5
2017-10-13,2473.6,,-0.015571,0.24841,,26.03,4.79,,,,,3,2,1,-0.018709,0.10644,105,98.31,81.75,81.955,84.237,2474.8,2474.8
2017-10-20,2489.5,0.27713,-0.063751,0.25264,,3.4,6.12,,,,,3,2,1,-0.024985,0.14006,105.39,112.7,89.292,85.48,83.285,2489.5,2489.5
2017-10-27,2496.6,0.25215,-0.030036,0.29657,,18.92,9.46,,,,,3,2,2,-0.027753,0.17246,107.52,108.6,103.29,87.993,85.37,2496.6,2496.6
2017-11-03,2558,0.24141,-0.016206,0.33017,,25.5,16.11,,,,,3,2,2,-0.051068,0.15872,109,109.48,111.08,88.434,85.979,2558,2558
2017-11-10,2542.9,0.22664,0.03457,0.37993,,73.33,29.33,,,,,3,2,2,-0.070461,0.084923,110.92,106.56,107.58,93.706,89.703,2558,2558
2017-11-17,2534,0.19735,0.064134,0.40997,,87.42,43.05,,,,,3,2,2,-0.067175,0.068186,112.58,99.266,104.24,96.451,91.32,2558,2558
2017-11-24,2544.3,0.19393,0.08303,0.46537,,92.76,51.32,,,,,3,2,2,-0.070966,0.078081,115.01,98.992,102.67,102.98,92.623,2558,2558
2017-12-01,2475.4,0.17965,0.037321,0.43996,,76.47,47.06,,,,,3,2,2,-0.0451,0.064229,114.61,89.582,94.316,102.36,90.344,2558,2558
2017-12-08,2464,0.20323,-0.0070568,0.39655,,34.42,36.36,,,,,3,2,2,-0.040678,0.10048,112.35,68.759,82.701,94.301,89.894,2558,2558
2017-12-15,2482.1,0.20477,-0.017354,0.43587,,23.23,47.1,,,,,3,2,2,-0.047662,0.10508,114.32,85.164,87.333,95.413,93.319,2558,2558
2017-12-22,2440.5,0.19449,-0.049127,0.36269,,5.77,24.36,,,,,3,2,2,-0.031456,0.080365,111.13,83.796,76.016,88.357,93.1,2558,2558
2017-12-29,2467.5,0.20671,-0.010726,0.3925,,32.48,35.03,,,,,3,2,2,-0.042035,0.10391,112.8,84.366,82.253,89.439,97.507,2558,2558
2018-01-05,2497.5,0.19503,0.041725,0.44144,53.85,77.85,48.73,59.244,,,,3,2,2,-0.053553,0.064128,116.18,103.39,83.271,90.705,95.402,2558,2558
2018-01-12,2496.4,0.17432,0.003294,0.46202,71.7,42.14,51.57,58.374,,,,3,2,2,-0.053136,0.093423,116.17,107.84,95.825,89.07,94.515,2558,2558
2018-01-19,2520.3,0.16252,0.018749,0.53174,83.33,53.75,66.25,62.249,,,,3,3,2,-0.062093,0.092009,120.15,101.98,102.68,91.284,95.112,2558,2558
2018-01-26,2574.8,0.1182,0.020545,0.67274,92.73,55.9,90.68,67.092,,,,3,3,3,-0.081946,0.039794,126.07,150.31,127.18,100.17,99.771,2574.8,2574.8
2018-02-02,2525.4,0.10465,-0.027388,0.71674,98.21,19.75,92.59,68.511,,,,4,3,3,-0.063998,0.049419,126.3,131.2,115.59,98.231,98.445,2598.2,2598.2
2018-02-09,2363.8,0.15712,0.0078915,0.53091,84.21,44.17,65.03,68.307,,,,5,3,3,0.0047763,0.1137,120.34,60.766,95.441,95.632,91.179,2598.2,2598.2
2018-02-16,2421.8,0.15867,0.014051,0.51896,82.76,49.39,63.41,68.22,,,,4,3,2,-0.019312,0.11254,120.25,56.825,93.457,91.776,90.295,2598.2,2598.2
2018-02-23,2451.5,0.15236,0.032969,0.60519,84.75,70.91,77.58,69.536,,,,4,3,3,-0.031189,0.047382,123.99,101.52,87.287,100.59,91.786,2598.2,2598.2
2018-03-02,2402.2,0.13854,0.012106,0.53143,86.67,46.99,65.06,69.494,,,,4,3,3,-0.011282,0.092345,121.97,90.651,69.962,91.738,89.985,2598.2,2598.2
2018-03-09,2459.4,0.17879,0.04744,0.5638,62.3,80.84,71.26,69.56,,,,4,3,3,-0.020895,0.087772,123.64,87.279,86.057,94.229,92.747,2598.2,2598.2
2018-03-16,2494,0.14462,0.042769,0.60581,85.48,79.17,77.98,70.649,,,,4,3,3,-0.036059,0.044919,126.33,109.04,99.438,95.302,94.271,2598.2,2598.2
2018-03-23,2416.8,0.15015,-0.023177,0.42894,82.54,19.53,42.6,69.189,,,,4,2,2,-0.032659,0.047466,120.06,75.701,81.319,84.203,93.757,2598.2,2598.2
2018-03-30,2445.8,0.18203,0.0036882,0.52255,56.25,41.18,62.94,68.009,,,,4,3,3,-0.05381,-0.0082669,124.52,91.076,99.657,83.591,94.312,2598.2,2598.2
2018-04-06,2429.6,0.20509,-0.045943,0.48058,32.31,7.02,53.8,65.854,,,,4,3,3,-0.070806,-0.020865,123.63,108.23,90.581,88.287,93,2598.2,2598.2
2018-04-13,2455.1,0.19889,-0.02865,0.51294,39.39,19.19,60.47,64.48,,,,4,3,3,-0.080454,-0.024081,127.03,86.048,88.533,93.834,92.996,2598.2,2598.2
2018-04-20,2476.3,0.17965,0.027127,0.58058,59.7,65.9,74.57,64.151,,,,4,3,3,-0.088348,-0.082941,131.2,116.5,112.27,95.539,92.661,2598.2,2598.2
2018-04-27,2492.4,0.14865,-0.0046973,0.5718,83.82,37.36,71.84,63.035,,,,4,3,3,-0.094226,-0.083676,131.08,112.04,98.15,98.904,88.172,2598.2,2598.2
2018-05-04,2461.4,0.15183,0.041977,0.57106,81.16,79.43,71.43,63.32,,,,4,3,3,-0.082811,-0.076944,132.54,104.33,104.86,101.16,92.432,2598.2,2598.2
2018-05-11,2477.7,0.15171,0.062953,0.57327,81.43,88.07,73.3,64.375,,,,4,3,3,-0.088856,-0.087006,134.03,108.67,110.31,98.565,96.885,2598.2,2598.2
2018-05-18,2460.7,0.13979,0.0098492,0.56533,87.32,45.76,70.06,64.592,,,,4,3,3,-0.089346,-0.098816,133.78,103.65,105.15,100.67,97.293,2598.2,2598.2
2018-05-25,2460.8,0.14783,0.049681,0.48276,83.33,82.02,52.81,64.245,,,,4,3,3,-0.089402,-0.052541,129.87,82.384,86.904,94.84,92.022,2598.2,2598.2
2018-06-01,2439,0.14659,0.045275,0.51389,84.93,79.89,59.22,64.782,,,,4,3,3,-0.081248,-0.065576,133.23,78.968,84.395,93.613,95.878,2598.2,2598.2
2018-06-08,2451.6,0.14759,0.026689,0.54115,82.43,63.89,65,64.935,,,,4,4,4,-0.085977,-0.070666,134.49,84.951,92.019,96.902,92.597,2598.2,2598.2
2018-06-15,2404,0.12835,0.0047913,0.48563,90.67,41.44,53.04,63.729,,,,4,4,4,-0.067902,-0.035614,132,95.55,80.839,94.143,92.242,2598.2,2598.2
2018-06-22,2357.2,0.21086,-0.035349,0.34838,21.05,13.74,18.68,61.049,,,,5,4,4,-0.049389,-0.0054825,125.76,61.057,72.159,83.408,92.045,2598.2,2598.2
2018-06-29,2326.1,0.19811,-0.063953,0.29554,37.66,2.73,7.65,58.376,64.182,67.703,6,5,4,4,-0.036683,0.01257,123.5,60.8,76.409,80.989,86.315,2598.2,2598.2
2018-07-06,2272.9,0.27143,-0.048627,0.24398,1.28,5.98,2.72,56.208,64.01,67.398,6,5,5,5,-0.01411,-0.010166,121.05,76.162,68.239,80.391,86.833,2598.2,2598.2
2018-07-13,2310.9,0.24941,-0.014666,0.27422,7.59,28.11,7.57,54.193,63.729,67.092,6,5,4,4,-0.078424,-0.10405,123.97,102.18,79.075,79.952,88.83,2598.2,2598.2
2018-07-20,2289.2,0.24247,0.027589,0.21527,13.75,66.67,1.08,51.08,63.456,66.679,6,5,5,5,-0.069684,-0.058158,120.32,81.928,78.981,75.484,81.917,2598.2,2598.2
2018-07-27,2295,0.27158,0.040926,0.22017,1.23,77.54,1.6,47.696,63.225,66.266,6,5,5,5,-0.11671,-0.14791,120.12,79.068,89.965,82.919,83.872,2598.2,2598.2
2018-08-03,2287.7,0.24684,0.04285,0.26087,12.2,79.79,7.45,44.025,63.035,65.854,6,5,4,4,-0.12748,-0.13646,122.35,132.12,104.09,84.332,87.6,2598.2,2598.2
2018-08-10,2282.8,0.24029,0.00087553,0.25703,19.28,39.15,7.41,39.452,62.511,65.548,6,5,4,4,-0.12561,-0.12896,122.36,116.73,96.012,87.098,84.955,2568.5,2598.2
2018-08-17,2247.1,0.25357,-0.023063,0.24541,5.95,20.53,4.21,34.768,61.849,65.242,6,5,5,5,-0.1117,-0.11104,120.56,102.57,109.04,92.259,84.434,2515.4,2598.2
2018-08-24,2293.2,0.23595,0.020572,0.28542,21.18,56.54,10.99,31.24,61.049,64.935,6,5,4,4,-0.12958,-0.13619,123.04,98.875,111.75,99.142,89.245,2515.4,2598.2
2018-08-31,2322.9,0.22627,0.0033335,0.31059,24.42,41.15,13.02,27.378,59.846,64.884,6,5,4,4,-0.1407,-0.13033,124.5,110.86,106.61,105.62,90.283,2515.4,2598.2
2018-09-07,2281.6,0.21959,-0.0010696,0.31399,27.59,37.82,13.47,23.865,58.955,64.833,6,5,4,4,-0.12515,-0.1369,124.99,99.64,99.256,99.814,90.928,2515.4,2598.2
2018-09-14,2318.2,0.21581,0.0069515,0.39217,28.41,43.81,34.54,21.458,58.376,64.782,6,5,4,4,-0.13898,-0.16115,127.3,105.51,108.14,108.59,97.248,2515.4,2598.2
2018-09-21,2339.2,0.21429,-0.028346,0.32316,29.21,18.97,16.92,21.803,58.374,64.719,6,5,4,4,-0.14668,-0.15184,125.07,88.949,94.123,102.53,97.441,2515.4,2598.2
2018-09-28,2343.1,0.2157,-0.051309,0.32994,28.89,4.08,17.86,21.768,57.652,64.655,6,5,4,4,-0.1481,-0.15353,125.05,86.174,95.694,100.42,100.14,2515.4,2598.2
2018-10-05,2267.5,0.24759,-0.090616,0.23819,12.09,1.02,3.55,22.034,56.208,64.592,6,5,5,5,-0.12076,-0.12125,119.82,67.431,81.619,90.031,94.502,2515.4,2598.2
2018-10-12,2161.8,0.3127,-0.09964,0.14358,0,1.01,0.51,21.033,54.864,64.554,6,5,5,5,-0.077781,-0.013268,111.07,54.687,69.928,83.296,88.623,2515.4,2598.2
2018-10-19,2156.3,0.32209,-0.067704,0.16675,0,3.52,1.01,19.19,53.155,64.517,6,5,5,5,-0.07539,-0.00056672,113.32,71.56,68.542,86.031,93.084,2515.4,2598.2
2018-10-26,2027.2,0.35072,-0.096042,0.089985,0,1.5,0.5,17.454,51.08,64.48,6,6,6,6,-0.016501,0.1351,102.35,61.364,57.958,73.942,84.81,2515.4,2598.2
2018-11-02,2096,0.40016,-0.011923,0.1097,0,32.84,1,15.878,48.824,64.445,6,6,2,2,-0.048807,0.1044,105.65,76.678,74.107,78.505,86.835,2515.4,2598.2
2018-11-09,2086.1,0.3693,0.021369,0.12633,1.04,59.9,1.49,15.603,46.472,64.41,6,6,2,2,-0.044289,0.10587,106.58,130.95,90.136,79.55,85.559,2515.4,2598.2
2018-11-16,2092.4,0.35577,-0.011076,0.14344,2.06,33,1.97,15.699,44.025,64.375,6,6,2,2,-0.047171,0.11572,107.18,101.18,87.933,77.776,86.671,2479,2598.2
2018-11-23,2057.5,0.3224,0.020435,0.14546,4.08,57.84,2.94,14.987,40.976,64.332,6,6,2,2,-0.030999,0.13276,106.29,90.112,108.82,79.82,84.27,2479,2598.2
2018-11-30,2096.9,0.31785,-0.024359,0.18855,6.06,21.46,3.9,13.749,37.891,64.288,6,6,2,2,-0.049197,0.081165,108.27,103.46,102.3,86.96,85.74,2479,2598.2
2018-12-07,2075.8,0.29416,-0.026637,0.217,8,21.36,5.34,12.563,34.768,64.245,6,6,2,2,-0.039533,0.092502,107.88,111.67,100.3,95.028,85.908,2470.6,2598.2
2018-12-14,2069.4,0.3155,-0.042146,0.21796,6.93,12.08,5.8,10.525,32.416,64.213,6,6,2,2,-0.036571,0.11714,106.79,95.786,99.524,93.5,84.422,2470.6,2598.2
2018-12-21,2061.5,0.29017,-0.036185,0.21713,9.8,15.38,5.77,9.5616,29.953,64.182,6,6,2,2,-0.032884,0.12154,106.08,91.673,101.14,104.93,86.345,2404,2598.2
2018-12-28,2041,0.3168,-0.033418,0.19386,6.8,17.22,4.31,8.8244,27.378,64.151,6,6,2,2,-0.023194,0.11084,105.85,81.413,89.446,100.63,86.942,2357.9,2598.2
2019-01-04,2010.2,0.31575,-0.073574,0.20242,7.69,2.86,5.24,8.7569,25.036,64.01,6,6,2,1,0.0074717,0.16014,105.29,81.825,80.595,93.735,88.54,2355.4,2598.2
2019-01-11,2075.6,0.30628,0.021738,0.28298,10.48,61.61,16.11,10.777,23.255,63.87,6,6,2,2,-0.0053238,0.14472,109.59,127.74,107.52,101.17,95.333,2355.4,2598.2
2019-01-18,2124.3,0.26743,0.045745,0.37123,16.04,83.02,33.96,13.777,22.034,63.729,6,6,2,2,-0.0030646,0.10652,113.26,149.02,110.1,101.56,100.66,2355.4,2598.2
2019-01-25,2177.7,0.21882,0.10698,0.46076,38.32,99.06,53.52,18.35,21.88,63.593,1,5,3,3,-0.02279,0.056249,116.18,134.15,130.88,104.91,110.88,2355.4,2598.2
2019-02-01,2203.5,0.19084,0.12272,0.49321,60.19,99.07,61.21,23.113,21.957,63.456,1,5,3,3,-0.034201,0.07475,116.68,114.19,130.36,102.34,104.53,2355.4,2598.2
2019-02-08,2177.1,0.17252,0.12408,0.54121,70.64,99.07,70.7,27.79,22.034,63.32,2,5,3,3,-0.034469,0.020385,117.87,115.19,124.67,106.9,103.82,2355.4,2598.2
2019-02-15,2196.1,0.13664,0.095641,0.62431,91.82,96.3,87.5,34.02,22.394,63.225,2,5,3,3,-0.063882,0.00183,119.58,111.55,112.77,105.66,105.7,2355.4,2598.2
2019-02-22,2230.5,0.11787,0.067738,0.66583,95.5,89.86,92.17,39.699,22.753,63.13,2,5,3,3,-0.083026,-0.034649,120.4,99.726,107.16,108.03,104.29,2355.4,2598.2
2019-03-01,2195.4,0.13323,0.022499,0.55266,91.96,61.01,72.48,44.907,23.113,63.035,2,5,3,3,-0.078399,-0.0022115,117.06,81.732,95.744,109.82,101.48,2355.4,2525.4
2019-03-08,2137.4,0.14815,-0.015173,0.56012,83.19,29.22,73.97,49.067,23.364,62.773,2,6,3,3,-0.053391,0.019792,117.85,77.249,87.078,104.55,98.291,2355.4,2515.4
2019-03-15,2176.1,0.11565,-0.03372,0.61774,95.61,16.82,84.55,53.825,23.614,62.511,2,5,3,3,-0.070212,0.030744,119.3,100.16,90.542,104.65,103.48,2355.4,2515.4
2019-03-22,2186.9,0.11321,0.0051992,0.59639,95.65,45.25,79.64,58.935,23.865,62.249,2,5,3,3,-0.074821,0.043264,118.97,91.98,84.305,94.884,99.034,2355.4,2515.4
2019-03-29,2140.7,0.13995,0.020508,0.54154,86.21,57.66,68.92,63.862,25.036,62.773,2,5,3,3,-0.054819,0.026749,117.58,69.439,83.533,89.421,100.23,2355.4,2515.4
2019-04-05,2209.6,0.13106,0.075172,0.6865,90.6,91.03,92.83,70.458,26.207,63.13,3,5,3,3,-0.084309,-0.0076769,122.15,110.5,100.82,93.706,103.29,2355.4,2515.4
2019-04-12,2233.4,0.11044,0.074127,0.73913,97.46,90.18,94.64,75.68,27.378,63.32,3,5,3,3,-0.094083,-0.049394,125.45,153.68,102.83,96.478,104.04,2309.6,2515.4
2019-04-19,2216.2,0.10606,0.039929,0.72727,97.48,76.89,94.22,79.554,27.515,63.593,3,5,4,4,-0.087011,-0.061136,125.32,108.32,109.42,96.013,99.484,2248.6,2515.4
2019-04-26,2179.3,0.12509,0.028277,0.64186,90.83,68.58,88.94,81.394,27.653,63.774,3,5,4,4,-0.071578,-0.083497,122.71,71.621,104.63,93.429,94.195,2248.6,2515.4
2019-05-03,2196.3,0.12813,0.010377,0.67366,89.26,48.9,91.63,81.918,27.79,63.862,3,5,4,4,-0.090237,-0.13464,125.4,88.418,95.959,96.034,94.761,2248.6,2515.4
2019-05-10,2108,0.12434,-0.032081,0.5025,90.98,17.98,58.33,80.535,28.94,64.055,3,6,4,4,-0.094083,-0.12496,120.27,65.247,77.855,88.607,89.859,2248.6,2515.4
2019-05-17,2055.8,0.16894,-0.027164,0.45827,66.67,21.83,49.78,77.24,30.09,64.182,3,6,4,4,-0.071062,-0.11755,119.8,62.23,71.422,86.26,87.294,2248.6,2515.4
2019-05-24,2045.3,0.17247,-0.046714,0.36,62.9,8.7,29.13,72.996,31.24,64.245,3,6,5,5,-0.066298,-0.065492,116.22,68.426,66.83,85.862,84.082,2248.6,2515.4
2019-05-31,2041.7,0.18633,-0.042815,0.348,55.2,11.26,26.84,69.687,32.167,64.332,3,6,5,4,-0.064665,-0.071422,116.8,70.26,66.159,80.758,84.008,2248.6,2479
2019-06-07,2072.3,0.18741,0.032071,0.40859,53.17,71.12,43.53,68.95,33.093,64.41,4,6,4,4,-0.078472,-0.071667,120.19,104.74,87.071,84.377,88.502,2248.6,2479
2019-06-14,2095.4,0.13239,0.028588,0.47804,86.61,69.96,54.51,69.161,34.02,64.48,4,6,4,4,-0.088622,-0.084622,122.96,159.45,100.82,86.237,90.74,2248.6,2479
2019-06-21,2125.6,0.12547,0.067771,0.48704,89.84,89.74,57.26,69.455,34.269,64.554,4,6,4,4,-0.10158,-0.066014,124.12,126.89,115.18,87.803,95.528,2248.6,2470.6
2019-06-28,2130.6,0.12631,0.048133,0.40549,89.15,82.13,41.7,69.492,34.519,64.655,4,6,4,4,-0.10368,-0.064344,120.73,77.846,111.18,86.353,90.84,2248.6,2470.6
2019-07-05,2110.6,0.20436,0.014855,0.40379,42.31,51.69,40.25,65.879,34.768,64.782,4,6,4,4,-0.095177,-0.085208,121.21,75.489,97.886,92.29,88.649,2248.6,2404
2019-07-12,2086.7,0.23799,0.0070567,0.32387,25.95,45.15,20.68,60.907,36.329,64.719,5,6,4,4,-0.084801,-0.069639,119.26,87.43,82.541,91.283,84.993,2248.6,2357.9
2019-07-19,2094.4,0.23256,-0.0063072,0.29637,27.27,36.55,15.97,55.986,37.891,64.655,5,6,4,4,-0.088165,-0.035032,117.66,75.755,75.623,93.393,83.566,2248.6,2355.4
2019-07-26,2066.3,0.23988,-0.0095066,0.21411,25.56,34.31,5.02,51.236,39.452,64.592,5,6,5,5,-0.075765,-0.00036788,112.46,52.363,68.128,87.15,79.858,2248.6,2355.4
2019-08-02,1998.1,0.28217,-0.031208,0.17014,10.45,18.33,3.33,46.026,39.534,64.554,5,6,5,5,-0.044251,0.049769,108.52,50.988,62.436,78.32,81.159,2248.6,2355.4
2019-08-09,1937.8,0.3704,-0.037467,0.1442,0.74,13.69,2.49,41.729,39.616,64.517,5,1,1,1,-0.011064,0.1064,105.24,78.813,64.673,73.094,81.458,2248.6,2355.4
2019-08-16,1927.2,0.30405,-0.020078,0.16279,9.56,24.79,3.31,38.89,39.452,64.48,5,1,1,2,-0.0056352,0.10755,105.72,86.898,73.223,71.133,83.186,2248.6,2355.4
2019-08-23,1948.3,0.28315,0.012019,0.1815,11.68,50.21,4.53,37.573,39.078,64.445,5,1,2,2,-0.016419,0.037067,108.61,114.95,87.581,78.217,88.861,2248.6,2355.4
2019-08-30,1967.8,0.29865,0.030864,0.17778,10.14,70.9,4.51,36.908,38.451,64.41,5,1,2,2,-0.0010672,0.042889,108.46,124.83,103.92,82.899,88.126,2248.6,2355.4
2019-09-06,2009.1,0.26067,0.064213,0.22398,17.27,88.57,9.8,35.366,37.573,64.375,6,1,2,2,0.0051863,0.0035503,111.57,124.09,119.4,87.566,84.46,2248.6,2355.4
2019-09-13,2049.2,0.25843,0.013694,0.24618,17.86,51.22,13.01,31.776,37.13,64.332,6,2,2,2,-0.013913,0.018119,112.56,148.5,123.38,92.61,88.171,2248.6,2355.4
2019-09-20,2091.5,0.22754,-0.0017083,0.33004,32.62,39.68,25.1,28.083,36.394,64.288,6,2,3,3,-0.033865,-0.0046245,115.93,129.75,118.97,99.631,91.064,2248.6,2355.4
2019-09-27,2049.9,0.213,0.013326,0.2734,39.44,51.21,16.53,25.211,35.366,64.245,6,2,3,3,-0.014264,0.022006,112.96,89.53,114.99,104.36,88.499,2248.6,2355.4
2019-10-04,2020.7,0.2459,0.026739,0.24409,25.17,66.27,11.65,24.338,34.968,64.213,6,1,2,2,0.00051468,0.061992,110.89,63.973,92.338,106.14,89.309,2248.6,2355.4
2019-10-11,2044.6,0.29242,0.023373,0.2327,11.11,62,10,23.984,34.519,64.182,6,2,2,2,0.0078646,0.055797,110.95,70.609,91.211,101.74,87.504,2248.6,2355.4
2019-10-18,2060.7,0.25758,0.041048,0.29931,18.62,78.49,20.32,24.716,34.02,64.151,6,2,3,3,2.4264e-05,0.056973,113.54,99.553,83.72,104.28,92.379,2248.6,2355.4
2019-10-25,2087.9,0.27142,0.048259,0.27085,15.75,82.94,17.06,25.726,32.524,64.055,6,2,2,2,-0.013004,0.062628,112.42,94.781,81.845,102.6,96.283,2245.9,2267.5
2019-11-01,2100.2,0.26005,0.040017,0.33284,18.37,77.47,27.27,27.814,31.597,63.958,6,2,3,3,-0.018789,-0.010573,113.92,80.863,89.739,94.48,99.518,2216.4,2248.6
2019-11-08,2137.2,0.22669,0.0077634,0.41508,35.14,45.28,48.82,30.66,31.24,63.862,6,2,3,3,-0.035789,0.0035437,116.44,127.02,109.65,99.965,104.29,2212.8,2248.6
2019-11-15,2162.2,0.217,0.0076439,0.43325,39.6,45.1,50.2,33.127,31.419,63.818,1,3,3,3,-0.046916,0.012435,117.09,122.14,99.473,91.27,102.65,2162.2,2248.6
2019-11-22,2102,0.23943,-0.0068132,0.31036,31.33,35.55,21.09,33.817,31.597,63.774,2,2,2,2,-0.01961,0.022302,112.64,65.231,90.89,86.271,98.523,2162.2,2248.6
2019-11-29,2088,0.22666,-0.006041,0.34113,35.76,36.19,29.18,34.441,31.776,63.729,2,2,3,3,-0.048349,-0.072359,113.11,68.283,91.319,90.532,93.407,2162.2,2248.6
2019-12-06,2081.8,0.26787,0.019978,0.33074,15.79,56.98,27.13,34.079,32.226,63.593,2,2,2,2,-0.045556,-0.016701,111.97,83.451,73.823,89.896,90.332,2162.2,2248.6
2019-12-13,2170.2,0.24324,0.027708,0.40272,28.1,67.95,44.4,35.474,32.677,63.456,2,3,3,3,-0.18376,-0.23222,114.6,102.76,83.85,91.291,88.709,2170.2,2248.6
2019-12-20,2204.2,0.20315,0.058934,0.45934,51.95,86.54,55,37.798,33.127,63.32,2,3,3,3,-0.33869,-0.35133,115.39,129.82,103.94,97.193,91.815,2204.2,2248.6
2019-12-27,2204.2,0.18413,0.074222,0.45516,62.58,91.57,54.41,40.281,33.357,63.225,2,3,3,3,-0.3387,-0.26535,115.44,114.56,98.562,98.231,92.911,2204.2,2248.6
2020-01-03,2176.5,0.18499,0.10569,0.51324,62.18,97.71,66.41,43.395,33.587,63.13,2,3,3,3,-0.33027,-0.2011,117.76,105.64,109.92,94.346,98.325,2204.2,2248.6
2020-01-10,2206.4,0.2314,0.14521,0.47376,33.76,100,58.17,46.036,33.817,63.035,2,3,3,3,-0.33936,-0.11986,117.14,104.13,111.22,90.966,93.82,2206.4,2248.6
2020-01-17,2250.6,0.21455,0.11475,0.57466,42.41,98.11,79.17,48.545,33.885,62.773,2,3,4,4,-0.35232,-0.11076,120.01,102.27,103.93,96.047,96.195,2250.6,2250.6
2020-01-24,2246.1,0.19599,0.14337,0.55443,55.97,99.62,74.34,51.496,33.952,62.511,2,4,4,4,-0.35104,-0.1029,119.46,101.43,96.364,95.878,95.8,2267.2,2267.2
2020-01-31,2119,0.22683,0.056138,0.34682,35,84.21,30.45,52.262,34.02,62.249,2,4,4,4,-0.31211,-0.02214,112.71,52.707,75.514,89.194,89.896,2267.2,2267.2
2020-02-07,2211.9,0.24796,0.06725,0.44177,23.6,88.39,52.06,52.901,34.039,61.849,2,4,4,4,-0.34102,-0.012353,116.85,73.823,96.125,97.661,89.032,2267.2,2267.2
2020-02-14,2243.6,0.20355,0.056045,0.47161,51.23,83.58,57.84,54.298,34.059,61.449,2,4,4,4,-0.35031,-0.033126,118.54,113.71,78.117,91.517,88.895,2267.2,2267.2
2020-02-21,2162.8,0.21893,0.028667,0.36797,39.88,68.03,34.57,55.59,34.079,61.049,2,4,4,4,-0.32605,0.023917,115.15,57.383,65.275,80.009,87.259,2267.2,2267.2
2020-02-28,1987,0.2936,-0.0058887,0.16731,9.76,34.81,3.7,54.142,34.199,61.002,2,5,4,4,-0.26642,0.13293,104.93,36.228,65.965,70.584,80.674,2267.2,2267.2
2020-03-06,2040.2,0.31471,0.014019,0.24604,6.67,49.82,12.92,53.372,34.32,60.954,2,4,4,4,-0.28555,0.12739,110.1,83.131,69.494,81.753,87.176,2267.2,2267.2
2020-03-13,1771.4,0.39706,-0.057131,0.066314,0.6,4.41,0.37,50.101,34.441,60.907,2,5,5,5,-0.17714,0.37603,87.985,58.589,46.634,60.621,73.439,2267.2,2267.2
2020-03-20,1566.2,0.59101,-0.085858,0.039846,0,1.83,0.37,45.326,34.55,60.353,5,1,1,1,-0.053437,0.61001,74.852,26.109,49.096,56.638,68.088,2267.2,2267.2
2020-03-27,1717.7,0.58112,-0.040185,0.066699,0.6,11.68,1.09,40.355,34.659,59.798,5,1,1,1,-0.018786,0.41286,84.811,103.14,78.279,72,73.136,2267.2,2267.2
2020-04-03,1725.4,0.50265,-0.072298,0.12608,1.18,2.91,2.18,34.849,34.768,59.244,5,1,1,1,0.038506,0.28785,94.079,226.38,81.422,75.343,81.64,2267.2,2267.2
2020-04-10,1860.7,0.38038,-0.026326,0.18705,2.94,21.74,6.52,30.978,34.55,59.141,6,1,1,1,-0.018778,0.19247,103.1,243.1,154.42,86.282,83.541,2267.2,2267.2
2020-04-17,1914.5,0.33107,0.10935,0.26152,5.85,97.47,17.33,28.399,34.32,59.038,6,1,1,1,-0.01836,0.18591,106.72,210.1,235.87,97.938,89.005,2267.2,2267.2
2020-04-24,1889,0.28701,-0.001453,0.28983,15.12,38.49,20.5,24.526,34.079,58.935,6,1,1,1,0.0033668,0.18849,107.17,110.28,169.53,106.09,91.788,2267.2,2267.2
2020-05-01,1947.6,0.28269,-0.026434,0.36102,16.18,21.51,35.48,22.638,34.039,58.749,6,1,1,1,-0.026798,0.17721,110.22,133.97,159.37,113.61,96.605,2267.2,2267.2
2020-05-08,1945.8,0.26646,0.021205,0.48488,21.26,57.86,62.5,22.119,33.952,58.563,6,1,1,2,-0.012154,0.15213,115.41,160.11,153.91,122.22,98.391,2267.2,2267.2
2020-05-15,1927.3,0.22214,0.05772,0.45947,42.86,84.7,56.23,21.832,33.817,58.376,6,1,1,1,0.0051005,0.16951,114.62,106.4,124.78,139.16,95.962,2267.2,2267.2
2020-05-22,1970.1,0.18244,0.096091,0.54205,67.61,95.39,73.05,24.194,33.357,58.375,6,1,2,2,0.012421,0.074745,117.9,83.099,114.81,158.73,107.39,2267.2,2267.2
2020-05-29,2029.6,0.14371,0.12234,0.56628,85.31,97.88,77.74,29.698,32.677,58.374,6,1,2,2,0.0006011,0.11485,118.87,109.87,108.12,134.19,112.03,2267.2,2267.2
2020-06-05,2181.9,0.13483,0.083489,0.71737,88.2,92.61,95.07,35.131,33.127,58.374,2,2,2,2,-0.06923,0.10425,124.13,145.11,109.54,129.68,117.89,2267.2,2267.2
2020-06-12,2132.3,0.12266,0.099326,0.5906,93.85,95.79,81.75,42.002,33.357,57.652,2,2,2,2,-0.047592,0.16771,121.07,95.312,102.31,112.97,125.61,2267.2,2267.2
2020-06-19,2141.3,0.18759,0.022107,0.56061,61.67,58.39,76.22,46.946,33.587,56.93,2,2,2,2,-0.022341,0.1792,120.51,69.481,100.07,107.15,135.76,2267.2,2267.2
2020-06-26,2134.7,0.18474,0.055692,0.53305,65.19,82.23,70.38,52.148,33.817,56.208,2,2,2,2,-0.019287,0.11026,119.83,79.88,87.244,97.083,116.11,2267.2,2267.2
2020-07-03,2152.4,0.21021,0.045443,0.57198,48.35,77.78,78.47,57.026,33.885,56.753,2,2,2,2,-0.0010035,0.14327,121.16,87.402,77.922,92.378,109.32,2267.2,2267.2
2020-07-10,2150.2,0.20137,0.085787,0.60461,55.19,93.08,83.39,62.005,33.952,57.475,3,2,2,2,0.015514,0.16827,122.95,99.081,88.92,95.374,104.29,2267.2,2267.2
2020-07-17,2201.2,0.17884,0.11101,0.69482,69.57,97.24,93.79,65.782,34.02,58.374,3,2,2,2,-0.0013584,0.10862,126.56,106.48,96.436,98.245,103.47,2267.2,2267.2
2020-07-24,2200.4,0.14297,0.11765,0.6753,84.86,97.59,92.78,70.968,34.039,58.375,3,2,2,2,0.0079166,0.092208,127.37,103.23,101.12,93.884,98.402,2267.2,2267.2
2020-07-31,2249.4,0.13591,0.16887,0.71634,87.1,100,94.52,76.329,34.059,58.563,3,2,2,2,0.00074243,0.044673,129.75,84.473,94.89,85.936,93.2,2267,2267.2
2020-08-07,2351.7,0.13636,0.11807,0.75275,86.63,97.27,96.25,80.092,34.079,58.935,3,2,2,2,-0.03594,0.06763,132.96,104.99,104.1,96.148,98.168,2351.7,2351.7
2020-08-14,2407.5,0.10068,0.034148,0.78442,99.47,69.05,97.96,82.531,34.199,59.141,3,2,2,2,-0.058293,0.085994,134.04,117.85,99.836,98.116,98.768,2437.5,2437.5
2020-08-21,2304.6,0.13575,-0.018798,0.6126,86.77,22.71,83.39,81.793,34.32,59.798,3,2,2,2,-0.016246,0.17931,126.72,90.328,94.61,100.14,95.005,2437.5,2437.5
2020-08-28,2353.8,0.13318,-0.041741,0.68574,88.42,10.81,91.89,80.293,34.441,60.907,3,2,2,2,-0.036813,0.13851,132.53,89.509,100.98,101.47,92.943,2437.5,2437.5
2020-09-04,2368.2,0.11504,0.025432,0.72723,95.29,60.61,94.61,79.813,34.55,61.002,3,2,2,2,-0.04269,0.11702,137.07,119.97,104.01,101.98,96.7,2437.5,2437.5
2020-09-11,2396.7,0.10384,0.12752,0.75489,98.96,98.32,96.31,80.357,34.659,61.368,3,2,2,2,-0.05405,0.10192,141.37,114.97,101.32,102.29,100.33,2437.5,2437.5
2020-09-18,2412.4,0.077619,0.13232,0.73559,99.48,98.33,94.65,82.886,34.768,62.005,3,2,2,2,-0.06021,0.11499,142.11,96.479,107.59,100.88,102.56,2443.6,2443.6
2020-09-25,2278.8,0.12886,0.071135,0.5219,88.14,86.33,65.67,83.63,34.795,62.168,3,2,2,2,-0.005108,0.16459,133.04,58.228,82.126,91.11,94.573,2443.6,2443.6
2020-10-02,2327.9,0.12962,0.081316,0.61619,87.69,89.04,83.39,85.282,34.822,62.511,3,2,2,2,-0.026092,0.14896,138.52,70.756,89.692,100.54,96.779,2443.6,2443.6
2020-10-09,2392,0.15147,0.041503,0.67301,75.51,73.18,90.07,85.661,34.849,63.035,3,2,2,2,-0.052179,0.14788,143.63,119.9,96.05,103.11,103.44,2443.6,2443.6
2020-10-16,2341.5,0.12755,-0.022938,0.58535,89.34,21.78,77.56,84.298,34.943,63.225,3,2,2,2,-0.031766,0.1754,140.3,104.57,80.552,93.599,95.627,2443.6,2443.6
2020-10-23,2360.8,0.14653,-0.046361,0.5797,78.79,7.89,76.97,81.779,35.037,63.456,3,2,2,2,-0.039673,0.21913,139.12,75.577,95.288,97.161,98.251,2443.6,2443.6
2020-10-30,2267.2,0.17221,-0.015326,0.47064,66.83,26.89,54.43,78.623,35.131,63.729,3,2,2,2,0.01456,0.18638,135.55,72.943,87.317,87.287,93.327,2443.6,2443.6
2020-11-06,2416.5,0.15367,-0.036663,0.57089,73,13.4,73.86,75.838,35.21,63.818,4,2,2,2,0.012704,0.18441,141.96,103.11,88.408,92.148,97.97,2443.6,2443.6
2020-11-13,2493.9,0.11818,-0.014839,0.65047,93.03,28.01,88.27,74.511,35.288,63.958,4,2,2,2,0.018157,0.1575,145.57,189.08,116.32,96.841,100.62,2493.9,2493.9
2020-11-20,2553.5,0.10076,0.068482,0.69727,98.51,86.04,92.21,76.484,35.366,64.151,4,2,2,2,0.014819,0.1496,149.44,139.36,119.64,106.76,104.12,2553.5,2553.5
2020-11-27,2633.4,0.083208,0.028131,0.69281,99.01,64.08,91.59,77.997,35.402,64.213,4,2,2,2,-0.01599,0.092697,150.88,111.09,144.26,111.99,103,2633.4,2633.4
2020-12-04,2731.4,0.10172,0.0023854,0.7098,97.55,39.35,92.26,77.553,35.438,64.288,4,3,2,2,-0.011174,0.092931,153.11,100.8,118.38,102.23,100.13,2731.4,2731.4
2020-12-11,2770.1,0.10404,0.01703,0.73315,96.59,50.16,94.53,76.377,35.474,64.375,4,3,2,2,-0.013133,0.081537,155.78,111.04,111.07,113.67,101.34,2770.1,2770.1
2020-12-18,2772.2,0.084454,0.014902,0.74871,98.54,49.36,95.51,75.288,35.952,64.445,4,3,2,2,-0.013888,0.094141,158.45,105.73,103.24,111.13,105.57,2772.2,2772.2
2020-12-25,2806.9,0.080899,0.019109,0.68084,99.03,52.4,89.46,75.425,36.43,64.517,4,3,2,2,0.00061991,0.12199,154.93,92.592,98.362,113.15,109.3,2806.9,2806.9
2021-01-01,2873.5,0.077844,0.081612,0.72634,99.04,89.49,93.31,76.027,36.908,64.592,4,3,2,2,0.024702,0.11946,159.15,106.92,100.61,113.23,104.3,2873.5,2873.5
2021-01-08,3152.2,0.11184,0.079837,0.75385,91.87,88.89,95.87,77.039,37.13,64.719,3,3,3,3,-0.061564,0.11446,164.88,140.37,118.74,108.93,105.59,3152.2,3152.2
2021-01-15,3085.9,0.11354,0.089725,0.72261,90.95,92.09,92.72,78.97,37.351,64.833,3,3,3,3,-0.041408,0.14131,164.91,109.77,108.34,105.75,109.94,3152.2,3152.2
2021-01-22,3140.6,0.10058,0.14169,0.7507,97.16,99.05,95.27,81.982,37.573,64.935,3,3,3,3,-0.058113,0.12605,169.6,105.57,121.55,104.8,115.7,3160.8,3160.8
2021-01-29,2976.2,0.12746,0.021705,0.61976,84.91,55.35,81.45,83.797,37.648,65.5,3,3,2,2,-0.0060782,0.1688,160.81,73.886,90.051,95.155,104.8,3209,3209
2021-02-05,3120.6,0.10764,0.037488,0.69897,92.96,71.16,90.28,86.085,37.723,65.806,3,3,3,3,-0.052076,0.13357,168.13,87.695,96.193,106.79,104.46,3209,3209
2021-02-12,3100.6,0.104,0.01951,0.69446,94.86,52.19,89.38,86.702,37.798,65.854,3,3,3,3,-0.045946,0.12368,168.5,96.233,97.445,100.57,103.91,3209,3209
2021-02-19,3107.6,0.076253,-0.024048,0.71808,99.53,20.56,92.21,85.296,38.162,65.871,3,3,3,3,-0.048108,0.096756,171.79,95.309,94.637,101.5,102.07,3209,3209
2021-02-26,3012.9,0.08926,-0.078237,0.59758,96.76,1.86,75.78,83.507,38.526,66.283,3,3,3,3,-0.018198,0.16557,164.87,76.614,85.861,99.55,97.675,3209,3209
2021-03-05,3026.3,0.096961,-0.070684,0.6108,96.31,3.72,78.02,82.37,38.89,67.092,3,3,3,3,-0.022516,0.18047,167.33,78.181,92.062,94.208,97.899,3209,3209
2021-03-12,3054.4,0.12093,-0.047194,0.61832,85.78,7.72,79.94,80.76,39.078,67.703,3,3,3,3,-0.019002,0.17598,168.49,94.842,92.723,96.432,98.927,3209,3209
2021-03-19,3039.5,0.075922,-0.070323,0.6628,99.54,4,85.54,79.577,39.265,68.08,4,3,3,3,-0.014206,0.16454,173.37,120.82,97.003,98.387,101.51,3209,3209
2021-03-26,3041,0.07303,-0.039657,0.65908,99.55,12.27,85.28,78.62,39.452,68.22,4,3,3,3,-0.0016343,0.15762,173.84,111.13,102.58,95.25,101.95,3209,3209
2021-04-02,3112.8,0.065029,0.02467,0.68477,99.55,59.33,87.77,77.853,39.534,68.278,4,3,3,3,0.0025797,0.14862,178.16,100.52,110.21,100.68,99.219,3209,3209
2021-04-09,3131.9,0.10043,0.036687,0.71866,94.59,71.04,92.38,77.473,39.616,68.375,4,3,3,3,-0.0031195,0.091905,183.75,125.52,118.08,104.51,103.07,3209,3209
2021-04-16,3198.6,0.08237,0.057377,0.75883,96.41,81.16,96.96,77.506,39.699,68.511,4,3,3,3,-0.02392,0.095554,188.21,130.29,114.33,105.22,103.37,3209,3209
2021-04-23,3186.1,0.08237,0.053143,0.7614,95.98,78.79,96.97,77.059,39.893,68.803,4,3,3,3,-0.020084,0.072464,190.98,115.96,120.63,111.18,102.96,3220.7,3220.7
2021-04-30,3147.9,0.083092,-0.023267,0.68512,95.56,21.75,87.01,76.794,40.087,69.02,4,3,3,3,-0.0081802,0.075562,187.95,90.673,108.4,109.3,103.18,3220.7,3220.7
2021-05-07,3197.2,0.080866,-0.053152,0.6986,96.9,5.42,89.16,75.455,40.281,69.161,4,3,3,3,-0.023486,0.079001,190.59,102.31,111.85,117.14,105.46,3220.7,3220.7
2021-05-14,3153.3,0.082973,-0.10684,0.66512,95.15,0.6,84.38,74.221,40.305,69.179,4,3,3,3,-0.005962,0.049805,189.34,107.24,103.18,107.24,102.41,3249.3,3249.3
2021-05-21,3156.4,0.08075,-0.0743,0.65116,96.93,2.69,82.63,73.532,40.33,69.277,4,3,3,3,-0.030386,-0.034664,188.42,91.588,93.536,106.95,104.23,3249.3,3249.3
2021-05-28,3188.7,0.080172,-0.050807,0.66217,96.94,7.16,83.58,73.825,40.355,69.455,4,3,3,3,-0.04021,0.0087298,192.17,107.42,103.69,107.44,107.14,3249.3,3249.3
2021-06-04,3240.1,0.065327,0.0051932,0.70107,99.13,41.37,89.58,75,40.813,69.479,4,3,3,3,-0.055421,0.013095,197.53,135.84,111.27,109.68,115.39,3249.3,3249.3
2021-06-11,3249.3,0.061019,0.058997,0.70405,99.57,82.2,89.61,77.304,41.271,69.492,4,3,3,3,-0.058108,0.0061314,198.14,109.27,108.33,104.02,107.7,3252.1,3252.1
2021-06-18,3267.9,0.053123,0.026516,0.72605,99.57,61.54,92.31,78.718,41.729,69.494,4,3,3,3,-0.063471,-0.019648,201.89,92.271,111.95,102.24,108.58,3278.7,3278.7
2021-06-25,3302.8,0.05248,0.037185,0.704,99.57,71.39,89.09,80.102,41.82,69.522,3,3,3,3,-0.07337,-0.030028,201.24,91.18,99.809,101.75,104.85,3302.8,3302.8
2021-07-02,3281.8,0.089046,0.021954,0.72934,91.03,56.47,93.24,79.879,41.911,69.544,3,3,3,3,-0.080018,-0.084899,204.64,92.211,92.241,101.37,103.57,3302.8,3302.8
2021-07-09,3217.9,0.10671,0.059413,0.63421,85.11,82.99,79.18,79.539,42.002,69.56,3,4,3,3,-0.096223,-0.086626,200.63,65.74,77.546,91.746,94.417,3305.2,3305.2
2021-07-16,3276.9,0.086926,0.051755,0.70839,91.1,78.65,89.18,79.137,42.467,69.645,3,4,4,4,-0.11248,-0.073843,206.2,84.15,88.084,99.287,97.312,3305.2,3305.2
2021-07-23,3254.4,0.094499,0.061006,0.65848,89.87,83.38,81.63,78.7,42.931,69.944,3,4,4,4,-0.10635,-0.069868,204.82,101.79,81.986,90.476,94.736,3305.2,3305.2
2021-07-30,3202.3,0.10641,0.036916,0.59297,84.45,70.35,70.35,79.035,43.395,70.458,3,4,4,4,-0.091812,-0.058814,202.16,67.926,75.707,83.593,92.053,3305.2,3305.2
2021-08-06,3270.4,0.096275,0.040179,0.62523,89.54,72.46,77.68,80.014,43.605,70.585,3,4,4,4,-0.11071,-0.088343,205.65,88.548,94.974,85.83,92.805,3305.2,3305.2
2021-08-13,3171.3,0.11728,0.0011564,0.46537,79.58,37.86,47.4,79.507,43.815,70.755,3,4,4,4,-0.082925,-0.060849,198.77,70.479,69.2,78.157,88.146,3305.2,3305.2
2021-08-20,3060.5,0.12185,-0.034389,0.24216,77.59,16.14,10.09,77.57,44.025,70.968,4,4,5,5,-0.04973,0.038125,181.89,40.983,62.847,72.543,80.93,3305.2,3305.2
2021-08-27,3133.9,0.16759,-0.0056887,0.35286,57.85,34.48,27.3,75.645,44.319,72.32,4,4,5,4,-0.071984,-0.054903,193.85,92.435,82.125,80.582,84.174,3305.2,3305.2
2021-09-03,3201.1,0.12883,-0.0051712,0.43444,73.25,34.67,42.12,73.602,44.613,73.174,4,4,4,4,-0.1131,-0.086,200.12,204.37,92.054,91.058,88.936,3305.2,3305.2
2021-09-10,3125.8,0.11196,-0.022052,0.3964,81.56,23.14,35.71,70.525,44.907,72.996,5,4,4,4,-0.091738,-0.060596,199.35,110.72,101,85.919,86.85,3305.2,3305.2
2021-09-17,3140.5,0.12804,0.012497,0.36808,73.88,46.15,30.2,67.975,45.047,72.32,5,4,4,4,-0.096004,-0.056558,197.92,79.587,125.8,89.232,87.304,3305.2,3305.2
2021-09-24,3125.2,0.13561,-0.0022662,0.33226,69.11,36.65,23.01,64.755,45.186,71.644,5,4,4,4,-0.091587,-0.040385,195.19,69.102,97.549,87.613,83.194,3305.2,3305.2
2021-10-01,3019.2,0.1501,-0.054625,0.24966,61.94,5.67,12.75,60.911,45.326,70.968,5,4,5,5,-0.059675,0.018264,187.27,56.331,75.686,83.774,80.793,3305.2,3305.2
2021-10-08,2956.3,0.2052,-0.086976,0.21695,37.5,1.69,7.06,55.969,45.559,70.862,5,4,5,5,-0.039675,0.049697,183.25,68.263,68.929,80.306,84.855,3305.2,3305.2
2021-10-15,3015.1,0.20632,-0.033317,0.28545,37.35,17.18,16.9,51.258,45.792,70.755,5,4,5,5,-0.05839,-0.0070782,190.97,114.43,85.818,93.04,85.884,3305.2,3305.2
2021-10-22,3006.2,0.17577,-0.033569,0.28611,52.8,16.85,17.13,47.156,46.026,70.649,5,4,5,5,-0.057173,-0.038118,190.51,118.02,83.384,102.15,87.211,3305.2,3305.2
2021-10-29,2970.7,0.16959,0.036816,0.27034,56.18,70.87,14.85,45.015,45.559,70.608,5,4,5,5,-0.1199,-0.094457,190.27,70.393,90.269,87.047,85.378,3305.2,3305.2
2021-11-05,2969.3,0.17754,0.086317,0.23978,52.38,92.18,10.06,42.738,45.222,70.567,6,4,5,5,-0.11948,-0.043142,187.48,70.023,91.042,78.955,83.1,3305.2,3305.2
2021-11-12,2968.8,0.19215,0.060976,0.22865,44.66,83.57,8.91,41.745,45.015,70.525,6,4,5,5,-0.11934,-0.048356,186.67,73.932,72.158,78.795,85.59,3305.2,3305.2
2021-11-19,2971,0.18163,0.12206,0.2492,50.79,96.94,13.33,42.709,44.943,70.503,6,4,5,5,-0.12,-0.057283,188.82,74.193,72.09,77.59,91.028,3305.2,3305.2
2021-11-26,2936.4,0.20097,0.057523,0.18973,40.78,81.16,5.54,42.694,44.613,70.481,6,4,5,5,-0.10964,-0.042119,183.2,59.477,66.386,77.535,79.592,3305.2,3305.2
2021-12-03,2968.3,0.24392,0.05669,0.18452,21.48,80.66,4.97,41.181,44.025,70.458,6,4,5,5,-0.11921,-0.0091468,182.91,79.779,76.971,83.675,78.284,3305.2,3305.2
2021-12-10,3010.2,0.21319,0.040548,0.22385,33.07,72.45,9.09,40.081,43.605,70.201,6,4,5,5,-0.13147,-0.041353,187.27,133.81,89.681,80.543,82.285,3305.2,3305.2
2021-12-17,3017.7,0.19223,-0.014875,0.24259,44.96,28.3,11.54,38.325,43.176,69.944,6,4,5,5,-0.13362,-0.013002,186.73,108.06,92.537,81.737,82.287,3305.2,3305.2
2021-12-24,3012.4,0.20804,0.045328,0.25592,35.91,75.34,15.07,37.907,42.738,69.687,6,4,5,5,-0.1321,0.0053442,187.31,88.832,109.24,85.266,86.911,3305.2,3305.2
2021-12-31,2977.7,0.18075,0.07887,0.27753,51.92,88.52,18.03,39.513,42.718,69.645,6,4,5,5,-0.12196,0.002104,190.69,108.02,115,88.121,92.993,3305.2,3305.2
2022-01-07,2954.9,0.20943,0.06756,0.32377,35.25,85.56,23.98,41.654,42.704,69.603,6,4,5,5,-0.1152,-0.01401,192.36,117.06,96.794,97.164,87.378,3305.2,3305.2
2022-01-14,2921.9,0.21923,0.056366,0.301,29.77,79.89,20.92,42.871,42.709,69.56,6,5,5,5,-0.10522,0.0057123,189.62,86.211,96.438,93.71,84.942,3286.2,3305.2
2022-01-21,2834.3,0.24277,0.018612,0.24727,21.67,50.41,13.55,42.504,42.699,69.552,6,5,5,5,-0.07755,0.051184,183.25,59.277,83.429,89.72,81.873,3286.2,3305.2
2022-01-28,2663.3,0.29677,-0.039589,0.16318,8.33,12.7,3.51,39.399,42.63,69.544,6,5,1,1,-0.015698,0.10316,172.3,50.785,66.418,87.238,80.199,3280.4,3305.2
2022-02-04,2750.3,0.25639,-0.058703,0.22762,16.23,5.39,9.7,36.291,42.504,69.536,6,5,2,2,-0.046806,0.048882,179.39,92.692,75.276,89.522,85.232,3280.4,3305.2
2022-02-11,2747.7,0.23268,-0.069481,0.23028,25.56,4.57,10.22,33.954,42.17,69.522,6,5,2,2,-0.071925,0.015641,177.65,133.53,83.434,86.399,85.568,3280.4,3305.2
2022-02-18,2744.5,0.2347,-0.079178,0.23777,25.47,2.14,11.26,30.991,41.917,69.508,6,5,2,2,-0.070847,0.027483,178,96.05,94.337,91.661,89.978,3260.4,3305.2
2022-02-25,2676.8,0.24131,-0.030298,0.21467,23.51,19.25,7.22,29.097,41.745,69.494,6,5,1,1,-0.047326,0.037935,175.49,94.59,112.38,86.761,96.414,3207,3305.2
2022-03-04,2713.4,0.23663,-0.010268,0.29263,25.28,32,21.07,28.507,41.735,69.493,6,5,2,2,-0.060201,0.028138,181.24,136.47,117.52,91.626,96.395,3207,3305.2
2022-03-11,2661.3,0.21777,0.013107,0.28797,32.59,47.07,20.74,28.19,41.704,69.492,6,5,2,2,-0.041784,0.011445,179.53,117.28,98.39,89.528,91.848,3207,3305.2
2022-03-18,2707,0.21762,0.063394,0.3702,32.84,84.35,35.54,29.549,41.654,69.492,6,5,2,2,-0.098296,-0.099323,184.3,101.48,120.02,96.642,96.574,3203.3,3305.2
2022-03-25,2730,0.15117,0.055441,0.4461,64.71,79.1,48.41,31.314,41.339,69.479,6,5,3,3,-0.15226,-0.18668,188.31,130.82,123.74,108.67,99.521,3153.4,3305.2
2022-04-01,2739.8,0.13226,0.0012532,0.51014,73.99,39.05,58.58,31.846,40.906,69.467,6,5,3,3,-0.15856,-0.19491,191.09,119.95,110.19,119.53,98.194,3140.5,3305.2
2022-04-08,2700.4,0.17826,0.01654,0.484,55.11,49.47,55.26,32.395,40.355,69.455,6,5,4,4,-0.15123,-0.15808,189.67,93.318,110.41,104.15,95.883,3068.8,3305.2
2022-04-15,2696.1,0.20027,-0.010073,0.51872,43.27,31.76,60.63,32.655,40.305,69.366,6,5,4,4,-0.14987,-0.17232,190.7,95.334,106.85,113.29,99.862,3049.1,3305.2
2022-04-22,2704.7,0.15957,-0.01908,0.55641,61.59,24.35,66.49,34.562,40.214,69.277,1,5,4,4,-0.15259,-0.14602,192.63,115.67,103.86,113.42,107.06,3049.1,3305.2
2022-04-29,2695.1,0.17703,-0.0055127,0.50744,55.6,35.25,57.96,37.812,40.081,69.189,1,5,4,4,-0.14955,-0.1198,190.07,95.905,95.62,102.64,110.98,3049.1,3305.2
2022-05-06,2644.5,0.17297,0.0094764,0.48242,56.47,44.79,54.17,40.982,40.148,69.179,1,5,4,4,-0.1333,-0.090911,188.16,70.02,92.54,103,102.74,3029.6,3305.2
2022-05-13,2604.2,0.22177,-0.012408,0.35331,30.11,30.39,31.43,42.166,40.214,69.17,1,5,4,4,-0.11989,-0.041864,180.43,65.566,76.652,91.968,102.5,3029.6,3305.2
2022-05-20,2639.3,0.21816,0.024881,0.37703,31.79,59.33,36.01,44.175,40.281,69.161,2,5,4,4,-0.13158,-0.069239,182.9,75.087,72.524,87.098,100.66,3029.6,3305.2
2022-05-27,2638.1,0.23733,0.027587,0.34757,24.2,62.79,30.49,45.666,40.305,69.09,2,5,4,4,-0.13117,-0.071577,182.14,97.708,80.015,85.413,95.386,3029.6,3305.2
2022-06-03,2670.7,0.21429,0.03512,0.40558,34.4,69.07,42.78,47.259,40.33,69.02,2,5,4,4,-0.14178,-0.11531,186.34,128.56,88.128,89.74,101.44,3029.6,3305.2
2022-06-10,2595.9,0.248,0.02704,0.32045,18.02,61.95,23.91,47.175,40.355,68.95,2,5,4,4,-0.11706,-0.10367,181.58,94.546,91.169,87.949,95.488,3029.6,3305.2
2022-06-17,2440.9,0.35667,0.0026416,0.16307,2.82,40,3.33,44.503,40.564,68.803,2,6,5,5,-0.06101,-0.018565,166,42.323,67.985,71.635,81.86,3029.6,3305.2
2022-06-24,2366.6,0.41905,-0.035823,0.10189,1.05,15.09,1.28,39.961,40.33,68.657,2,6,1,1,-0.032367,0.014974,153.16,45.983,66.212,69.618,78.289,3020.2,3305.2
2022-07-01,2305.4,0.40993,-0.049529,0.10772,1.4,7.91,1.53,35.63,40.281,68.511,6,6,1,1,-0.065034,-0.074815,153.84,81.26,59.642,70.564,76.815,3020.2,3305.2
2022-07-08,2350.6,0.38863,-0.025688,0.12433,2.44,21.88,2.04,32.118,40.148,68.443,6,6,2,2,-0.083008,-0.068011,159.69,117.41,74.327,82.233,83.093,3020.2,3305.2
2022-07-15,2331,0.38665,-0.012297,0.12298,2.78,30.71,2.03,29.472,40.041,68.375,6,6,2,2,-0.075286,-0.10015,157.84,92.839,86.807,76.997,76.469,2972.5,3305.2
2022-07-22,2393.1,0.32827,0.02572,0.15702,5.54,61.01,4.05,27.057,39.961,68.307,6,6,2,3,-0.099305,-0.13385,164.5,114.68,116.05,87.815,82.678,2972.5,3305.2
2022-07-29,2451.5,0.30601,0.059172,0.1861,8.97,82.83,6.57,25.436,39.786,68.278,6,6,3,3,-0.12075,-0.13802,167.3,181.89,128.29,87.422,86.057,2862.7,3286.2
2022-08-05,2490.8,0.27591,0.05296,0.23073,13.4,78.59,11.84,23.829,39.637,68.249,6,6,3,3,-0.13462,-0.14121,171.06,139.65,126.32,96.415,94.646,2771.9,3280.4
2022-08-12,2527.9,0.26219,0.049801,0.26589,16.1,77.64,18.84,24.129,39.513,68.22,6,6,3,3,-0.14733,-0.10996,172.87,133.37,155.23,115.06,96.707,2771.9,3280.4
2022-08-19,2492.7,0.25558,0.041364,0.24665,18.09,73.18,15.79,23.537,39.473,68.15,6,6,4,4,-0.13528,-0.084981,170.23,100.88,111.03,120.7,96.073,2759.2,3280.4
2022-08-26,2481,0.31176,0.024391,0.2403,8.5,58,13.5,22.541,39.434,68.08,6,6,4,4,-0.13121,-0.070719,169.11,80.141,105.12,110.48,90.591,2759.2,3270.4
2022-09-02,2409.4,0.32897,0.0020658,0.19519,5.42,39.4,7.73,20.163,39.399,68.009,6,6,4,4,-0.10539,-0.037437,164.85,76.373,87.692,105.06,90.748,2759.2,3207
2022-09-09,2384.3,0.35121,0.011903,0.18218,4.73,45.77,6.22,18.981,39.06,67.998,6,6,4,4,-0.095958,-0.042355,162.76,72.087,82.059,104.1,98.202,2759.2,3207
2022-09-16,2382.8,0.32767,0.014802,0.19679,6.4,48.88,8.19,19.401,38.702,67.987,6,6,4,4,-0.095389,-0.037993,162.92,65.04,73.668,97.485,98.432,2759.2,3207
2022-09-23,2290,0.35425,-0.037686,0.15494,4.7,13.12,3.96,19.537,38.325,67.975,6,6,5,5,-0.058738,-0.02989,155.45,68.876,73.831,86.704,91.997,2759.2,3203.3
2022-09-30,2155.5,0.47874,-0.088466,0.090707,1,1.48,1.23,19.375,38.046,67.681,6,1,6,6,0.0034238,0.037985,142.33,46.327,55.057,75.519,88.334,2759.2,3153.4
2022-10-07,2232.8,0.4215,-0.032713,0.13289,1.33,17.98,3.2,19.279,37.875,67.386,6,1,6,6,-0.031337,0.0075415,148.82,67.888,68.645,76.053,90.87,2759.2,3153.4
2022-10-14,2212.6,0.45839,-0.056885,0.10253,1.33,6.14,1.72,18.684,37.812,67.092,6,1,1,1,0.00025762,0.099189,142.03,97.244,65.855,69.94,90.673,2735,3133.6
2022-10-21,2213.1,0.4429,-0.036426,0.10342,1.66,15.2,1.96,17.503,37.803,66.688,6,1,1,1,0.0025123,0.10355,142.48,78.675,72.066,76.406,84.879,2728.2,3049.1
2022-10-28,2268.4,0.4132,0.026064,0.12378,2.64,61.37,2.93,16.743,37.723,66.283,6,1,1,1,-0.021919,0.11621,144.21,103.81,100.44,79.16,83.098,2728.2,3049.1
2022-11-04,2348.4,0.39234,-0.012477,0.15514,3.95,30.49,5.37,15.232,37.573,65.879,6,1,1,1,-0.05525,0.12293,146.9,123.51,98.296,84.668,83.385,2695.1,3049.1
2022-11-11,2483.2,0.31966,0.055651,0.24801,9.51,80.54,18.49,15.071,37.13,65.871,6,2,2,2,-0.10651,0.07213,153.86,169.6,131.93,93.007,86.402,2685.9,3049.1
2022-11-18,2444.5,0.30145,0.062009,0.29576,13.07,85.19,25.24,15.377,36.702,65.862,6,2,2,2,-0.092371,0.050524,155.77,145.46,134,97.878,91.968,2685.9,3029.6
2022-11-25,2437.9,0.28684,0.053338,0.34157,15.64,79.42,32.93,16.51,36.291,65.854,6,2,2,2,-0.089907,0.040393,157.15,109.7,135.83,116.51,94.553,2685.9,3029.6
2022-12-02,2434.3,0.27022,0.0069524,0.41571,18.51,42.75,48.31,17.907,35.85,65.83,6,2,2,2,-0.088587,0.043294,158.68,119.85,131.97,113.73,97.982,2685.9,3029.6
2022-12-09,2389,0.2903,-0.076731,0.36496,14.89,2.65,37.83,17.989,35.578,65.806,6,1,2,2,-0.071309,0.039948,155.86,87.355,97.898,113.57,94.596,2670.7,3029.6
2022-12-16,2360,0.28562,-0.078405,0.38985,16.13,2.4,42.07,18.033,35.474,65.782,6,1,2,2,-0.059889,0.022752,156.73,75.753,95.336,112.94,97.032,2533.5,3029.6
2022-12-23,2313.7,0.31916,-0.11455,0.29479,9.65,0.48,24.7,18.374,35.402,65.5,6,1,2,2,-0.041064,0.072785,150.8,73.711,80.271,104.29,102.97,2533.5,3029.6
2022-12-30,2236.4,0.32505,-0.076081,0.22507,8.65,3.35,12.92,18.925,35.288,65.218,1,1,1,1,-0.0079234,0.12263,147.74,61.946,68.757,97.673,100.01,2533.5,3020.2
2023-01-06,2290,0.36435,-0.01548,0.25232,5.75,28.16,19.57,19.654,35.131,64.935,1,1,2,1,0.025765,0.12708,149.95,74.171,84.364,92.252,104.47,2533.5,3020.2
2023-01-13,2386.1,0.27948,-0.009657,0.36656,18.15,33.33,38.33,21.611,34.943,64.884,1,1,2,2,-0.015557,0.11258,156.12,144.25,94.48,95.53,105.61,2533.5,3020.2
2023-01-20,2395.3,0.24349,0.022465,0.40468,28.57,57.72,46.08,24.402,34.822,64.833,1,1,2,2,-0.019326,0.086458,157.23,139.48,101.16,94.097,105.47,2533.5,2989.2
2023-01-27,2484,0.21767,0.04725,0.49757,39.56,76.54,60.66,27.221,34.768,64.782,1,2,2,2,-0.054368,0.025892,160.97,129.82,116.74,99.645,106.63,2533.5,2972.5
2023-02-03,2480.4,0.19082,0.034959,0.57999,53.63,68.79,74.23,31.214,34.63,64.773,1,2,3,3,-0.052987,0.019356,164.96,142.64,140.63,102.05,104.56,2533.5,2921.9
2023-02-10,2469.7,0.1601,0.020993,0.59041,66.35,55.19,75.24,33.778,34.521,64.764,1,2,3,3,-0.048896,0.018959,164.96,95.044,110.76,101.77,97.754,2533.5,2834.3
2023-02-17,2451.2,0.19137,0.069397,0.5664,52.98,88.24,71.06,36.168,34.562,64.755,1,2,3,3,-0.04171,0.046641,163.64,84.731,109.43,106.11,101.06,2533.5,2771.9
2023-02-24,2423.6,0.16934,0.05619,0.54242,64.38,81.46,67.14,38.571,34.63,64.701,2,2,3,3,-0.030797,0.044155,163.49,84.087,89.387,102,96.06,2508.1,2771.9
2023-03-03,2432.1,0.18024,0.050601,0.59219,58.57,78.22,75.64,41.272,34.699,64.646,2,2,3,3,-0.034168,0.048153,165.55,87.546,86.199,112.7,94.352,2484,2759.2
2023-03-10,2394.6,0.17051,0.039645,0.5241,63.66,71.73,64.72,44.989,34.768,64.592,2,1,2,2,-0.019051,0.083665,162.09,66.995,75.868,95.651,93.53,2484,2759.2
2023-03-17,2395.7,0.25513,0.078448,0.46188,23.22,89.98,53.38,47.396,34.795,64.554,2,1,2,2,-0.0068832,0.094514,160.29,65.396,75.68,90.048,92.778,2484,2759.2
2023-03-24,2415,0.24167,0.13596,0.44726,29.63,98.84,51.63,50.809,34.822,64.517,2,2,2,2,-0.0023769,0.071296,161.78,76.281,71.526,83.457,94.015,2484,2759.2
2023-03-31,2476.9,0.18858,0.13486,0.51554,53.85,98.61,62.88,55.491,34.849,64.48,2,2,3,3,-0.0071179,0.044251,165.86,110.18,84.847,85.519,102.42,2484,2759.2
2023-04-07,2490.4,0.22503,0.13899,0.52362,35.89,98.84,64.58,59.027,34.943,64.445,2,2,3,3,-0.0060191,0.00048661,169,123.28,96.787,85.721,96.031,2495.2,2759.2
2023-04-14,2571.5,0.20533,0.077053,0.58249,45.57,89.15,74.6,61.955,35.037,64.41,2,2,3,3,-0.03736,-0.0058958,173.7,125.01,117.35,94.157,98.331,2571.5,2759.2
2023-04-21,2544.4,0.19,-0.0014663,0.51597,53.66,37.33,62.67,62.698,35.131,64.375,2,2,3,3,-0.027111,8.3327e-05,170.83,109.14,115.95,91.049,93.089,2575.9,2728.2
2023-04-28,2501.5,0.23933,-0.027971,0.40306,31,20.69,44.14,60.826,35.21,64.332,2,2,3,3,-0.010438,-0.006225,165.13,64.862,90.248,87.498,87.063,2575.9,2728.2
2023-05-05,2500.9,0.23816,-0.0264,0.44333,31.21,21.79,50.69,58.536,35.288,64.288,2,2,3,3,-0.010204,-0.0042513,168.15,65.688,87.958,91.164,88.72,2575.9,2728.2
2023-05-12,2475.4,0.1976,-0.0599,0.45622,50.76,6.18,52.17,56.438,35.366,64.245,2,2,3,3,0.0015876,0.015164,168.09,97.39,85.714,97.353,88.747,2575.9,2695.1
2023-05-19,2537.8,0.21429,0.0083323,0.50766,40.96,44.52,60.96,54.859,35.402,64.213,2,2,3,3,-0.013118,-0.040812,171.27,99.973,81.118,99.874,88.91,2575.9,2685.9
2023-05-26,2558.8,0.16424,0.045188,0.4825,66.67,74.49,57.18,54.562,35.438,64.182,2,2,3,3,-0.021225,-0.026966,170.71,89.57,93.41,94.316,90.403,2575.9,2685.9
2023-06-02,2601.4,0.18428,0.063869,0.52975,57.19,85.23,65.45,54.447,35.474,64.151,5,2,3,3,-0.037234,-0.015282,173.52,90.576,92.744,90.016,89.937,2601.4,2685.9
2023-06-09,2641.2,0.16931,0.11051,0.56537,65.67,95.69,71.2,55.182,35.526,64.055,5,2,3,3,-0.051742,-0.028457,175.65,88.322,97.313,97.772,97.409,2641.2,2685.9
2023-06-16,2625.8,0.179,0.12063,0.52514,60.12,96.61,65.16,56.803,35.578,63.958,5,2,4,4,-0.046192,-0.024848,175.44,98.859,94.421,85.265,95.121,2641.2,2685.9
2023-06-23,2570.1,0.18188,0.095852,0.48799,58.16,93.45,58.24,57.771,35.63,63.862,5,2,4,4,-0.025524,-0.054891,173.31,62.446,74.371,85.453,93.582,2641.2,2641.2
2023-06-30,2564.3,0.18614,0.062813,0.46553,55.62,84.01,53.83,57.309,35.809,63.818,5,2,4,4,-0.039508,-0.068637,173.2,73.333,85.181,86.257,88.538,2641.2,2641.2
2023-07-07,2526.7,0.24695,0.062165,0.3829,25.37,83.82,39.33,56.077,35.989,63.774,5,2,4,4,-0.048723,-0.065112,169.09,73.023,67.595,81.142,86.521,2641.2,2641.2
2023-07-14,2628.3,0.23458,0.071944,0.41587,32.35,87.22,47.09,54.995,36.168,63.729,5,2,4,4,-0.085881,-0.076846,172.67,87.03,79.928,86.851,83.443,2641.2,2641.2
2023-07-21,2609.8,0.24729,0.060406,0.37358,25.22,82.33,37.81,54.5,36.209,63.593,5,2,4,4,-0.089955,-0.11728,170.84,90.127,81.125,77.699,83.979,2641.2,2641.2
2023-07-28,2608.3,0.31369,0.045958,0.28833,11.11,74.11,22.99,54.553,36.25,63.456,5,2,4,4,-0.11856,-0.090117,164.11,63.352,74.302,79.542,82.046,2641.2,2641.2
2023-08-04,2602.8,0.27544,-0.0030754,0.31,17.78,36.08,25.39,53.868,36.291,63.32,5,2,4,4,-0.12479,-0.073198,167.44,91.245,90.692,78.44,84.246,2667.1,2667.1
2023-08-11,2591.3,0.24983,-0.061817,0.34144,23.84,6,31.33,52.519,36.497,63.225,5,2,4,4,-0.12089,-0.095775,170.64,114.79,85.519,82.7,86.399,2667.1,2667.1
2023-08-18,2504.5,0.2774,-0.083832,0.27292,17.1,2.22,20.84,49.921,36.702,63.13,5,2,4,4,-0.090441,-0.041691,164.28,76.127,80.113,78.846,78.644,2667.1,2667.1
2023-08-25,2519.1,0.27364,-0.066243,0.28832,18.21,5.75,23.01,46.062,36.908,63.035,5,2,4,4,-0.095727,-0.030883,166.11,72.422,92.969,83.067,82.542,2667.1,2667.1
2023-09-01,2563.7,0.23273,-0.007336,0.34463,33.72,33.33,32.45,43.422,37.13,62.923,5,2,4,4,-0.11145,-0.061304,170.87,108.66,90.845,87.637,82.042,2667.1,2667.1
2023-09-08,2547.7,0.25787,0.022486,0.33768,21.84,56.17,30.84,40.221,37.351,62.811,5,2,4,4,-0.10586,-0.056165,170.65,95.706,83.275,83.188,83.171,2667.1,2667.1
2023-09-15,2601.3,0.23829,-0.012303,0.34507,31.81,30.33,32.75,37.119,37.119,62.698,5,2,4,4,-0.12428,-0.054874,171.08,91.089,99.469,89.191,85.167,2667.1,2667.1
2023-09-22,2508.1,0.25753,-0.042288,0.25337,22.29,12.28,18.42,33.277,36.978,62.548,6,2,4,4,-0.091758,0.001222,163.8,71.662,82.866,87.807,83,2667.1,2667.1
2023-09-29,2465.1,0.26738,-0.059632,0.23501,19.94,6.78,13.35,29.514,36.702,62.398,6,2,4,4,-0.075892,0.02156,161.31,69.413,68.709,78.541,79.425,2667.1,2667.1
2023-10-06,2408.7,0.33604,-0.099263,0.20486,6.82,1.09,9.39,26.426,36.291,62.249,6,2,5,5,-0.054278,0.050328,158.08,53.035,67.962,77.573,81.752,2667.1,2667.1
2023-10-13,2456.2,0.31932,-0.067487,0.22097,9.35,5.88,11.33,23.094,36.209,62.168,6,2,5,5,-0.072536,0.045362,159.41,81.406,76.425,79.775,80.877,2667.1,2667.1
2023-10-20,2375,0.33582,-0.06374,0.15491,7.06,6.74,4.57,20.104,35.989,62.087,6,1,5,5,-0.040846,0.087205,150.81,84.074,61.666,78.444,79.002,2667.1,2667.1
2023-10-27,2302.8,0.35816,-0.033409,0.14224,5.35,18.44,3.69,18.266,35.63,62.005,6,1,5,5,-0.010778,0.096906,149.32,66.427,73.601,78.086,82.798,2667.1,2667.1
2023-11-03,2368.3,0.33109,0.014909,0.19654,7.58,49.78,9.09,17.873,35.526,61.989,6,1,5,5,0.014956,0.048955,155.18,130.29,104.64,82.246,85.018,2667.1,2667.1
2023-11-10,2409.7,0.28976,-0.015045,0.20285,15.97,28.73,9.94,17.643,35.438,61.972,6,2,5,5,-0.0024485,0.056531,154.3,126.42,91.832,83.817,83.637,2667.1,2667.1
2023-11-17,2469.8,0.26142,0.040051,0.25097,22.35,71.12,19.18,19.294,35.366,61.955,6,2,5,5,-0.013746,0.064031,157.43,106.75,117.92,85.606,89.963,2667.1,2667.1
2023-11-24,2496.6,0.22912,0.061892,0.29961,37.05,83.87,26.45,21.707,35.21,61.653,6,2,4,4,-0.024325,0.040586,160.98,134.97,130.6,97.996,92.713,2667.1,2667.1
2023-12-01,2505,0.242,0.042981,0.31484,31.11,73.39,28.11,22.406,35.037,61.351,6,2,4,4,-0.027589,0.025588,160.39,103.41,105.07,104.86,89.239,2667.1,2667.1
2023-12-08,2517.8,0.2445,0.031042,0.34366,29.64,64.88,33.62,22.916,34.849,61.049,6,2,4,4,-0.032548,0.021172,161.07,87.342,108.48,99.77,91.321,2667.1,2667.1
2023-12-15,2563.6,0.22851,0.040979,0.3693,37.57,71.58,39.32,24.157,34.795,61.003,1,2,4,4,-0.049798,0.020083,161.69,96.748,100.03,108.65,90.131,2667.1,2667.1
2023-12-22,2599.5,0.19295,0.044923,0.41591,54.82,73.77,49.68,27.268,34.699,60.957,1,2,4,4,-0.062939,0.022629,164,99.575,93.253,110.34,96.4,2667.1,2667.1
2023-12-29,2655.3,0.19254,0.039947,0.41771,54.95,70.21,49.79,30.617,34.562,60.911,1,3,4,4,-0.08262,0.012776,164.79,108.8,100.64,108.97,99.199,2667.1,2667.1
2024-01-05,2578.1,0.22112,0.10598,0.42329,40.55,94.9,50.11,34.686,34.603,60.909,1,2,4,4,-0.05515,-0.0081601,166.03,86.395,92.239,96.385,99.526,2669.8,2669.8
2024-01-12,2525.1,0.22566,0.051645,0.45314,39.07,77.33,53.6,38.165,34.644,60.908,2,2,4,4,-0.035306,-0.024522,166.64,84.516,87.22,96.451,96.047,2669.8,2669.8
2024-01-19,2472.7,0.23863,0.053676,0.39553,33.24,78.65,43.97,41.474,34.686,60.907,2,2,4,4,-0.003393,-0.025394,163.96,69.576,77.606,83.959,96.241,2669.8,2669.8
2024-01-26,2478.6,0.2472,0.036295,0.39132,27.72,67.3,42.83,44.146,34.713,60.88,2,2,4,4,0.0074761,-0.008563,163.79,69.045,76.447,83.659,96.576,2669.8,2669.8
2024-02-02,2615.3,0.24292,-0.12504,0.43219,30.35,0.21,50.53,44.718,34.741,60.853,2,2,4,4,-0.014954,0.016933,162.78,116.78,90.334,91.281,94.323,2669.8,2669.8
2024-02-09,2620.3,0.22237,-0.097887,0.43544,40.27,1.47,51.68,45.837,34.768,60.826,2,2,4,4,-0.013792,0.024624,163.02,132.22,89.75,90.025,97.446,2669.8,2669.8
2024-02-16,2648.8,0.1896,-0.041208,0.49871,57.41,13.84,62.26,46.681,34.795,60.298,2,3,4,4,-0.024381,2.6941e-05,167.51,134.73,114.67,92.891,95.198,2669.8,2669.8
2024-02-23,2667.7,0.17343,-0.111,0.48522,65.86,0.84,60.46,46.553,34.822,59.771,2,3,4,4,-0.031308,-0.008904,167.51,93.686,111.56,89.431,90.683,2680.3,2680.3
2024-03-01,2642.4,0.19477,-0.02159,0.43579,54.42,24.84,51.57,46.77,34.849,59.244,2,2,4,4,-0.022018,0.0048474,164.5,75.11,94.496,83.891,88.465,2680.3,2680.3
2024-03-08,2680.3,0.20523,0.07644,0.41524,48.93,89.17,48.54,48.268,34.943,59.172,2,3,4,4,-0.03588,0.010026,164.48,63.746,82.995,83.75,87.582,2680.3,2680.3
2024-03-15,2666.8,0.19948,0.016255,0.42497,52.27,49.48,49.9,48.499,35.037,59.099,2,3,4,4,-0.030995,0.010191,164.94,78.249,76.662,87.921,86.441,2718.8,2718.8
2024-03-22,2748.6,0.17539,0.046928,0.48654,65.69,74.9,61,49.131,35.131,59.027,2,3,4,4,-0.059806,-0.02005,167.71,98.962,79.516,93.376,86.719,2754.9,2754.9
2024-03-29,2746.6,0.18734,0.10335,0.4528,58.62,94.62,53.83,49.878,35.21,58.996,2,3,4,4,-0.059145,-0.024091,166.89,87.049,82.524,88.359,83.436,2757.1,2757.1
2024-04-05,2714.2,0.23958,0.091921,0.407,32.28,92.98,46.69,49.488,35.288,58.966,2,3,4,4,-0.047907,-0.027718,164.68,64.666,80.151,81.57,82.544,2757.1,2757.1
2024-04-12,2681.8,0.24371,0.11339,0.34812,29.02,96.08,34.64,49.152,35.366,58.935,2,3,4,4,-0.036408,-0.0014806,162.55,59.434,73.237,74.922,82.182,2757.1,2757.1
2024-04-19,2591.9,0.25946,0.048729,0.30533,21.84,75.72,25.72,48.31,35.402,58.802,2,2,4,5,0.012022,0.0036533,159.79,62.489,67.31,72.088,83.871,2757.1,2757.1
2024-04-26,2656.3,0.24319,0.010621,0.34271,29.92,45.17,32.44,47.668,35.438,58.669,2,3,4,4,-0.0078642,-0.031827,162.38,99.29,77.191,80.391,85.978,2757.1,2757.1
2024-05-03,2676.6,0.20758,0.012388,0.38619,47.91,45.9,41.6,49.055,35.474,58.536,2,3,4,4,-0.015389,-0.068976,165.54,116.36,88.975,86.036,84.22,2757.1,2757.1
2024-05-10,2727.6,0.19443,-0.0077904,0.42036,55.35,33.54,49.9,50.218,35.526,58.483,2,3,4,4,-0.10488,-0.10169,167.03,119.57,104.68,90.821,86.032,2757.1,2757.1
2024-05-17,2724.6,0.18617,-0.0058733,0.41823,60.16,35.1,49.59,50.497,35.578,58.429,2,3,4,4,-0.10389,-0.081538,167.51,104.72,121.79,90.56,84.546,2757.1,2757.1
2024-05-24,2687.6,0.1835,0.043702,0.39234,61.82,72.91,42.97,51.564,35.63,58.376,2,3,4,4,-0.09155,-0.08121,166.02,80.052,100.05,85.142,83.26,2757.1,2757.1
2024-05-31,2636.5,0.21108,0.0021706,0.35684,45.6,39.63,35.77,51.251,35.809,58.375,2,2,4,4,-0.07395,-0.083066,165.29,65.431,82.891,82.936,83.925,2757.1,2757.1
2024-06-07,2722.7,0.19723,-0.021137,0.38556,54.01,24.54,41.38,49.84,35.989,58.374,2,3,4,4,-0.10325,-0.13863,166.13,76.367,79.503,89.448,86.257,2757.1,2757.1
2024-06-14,2758.4,0.18236,-0.031581,0.37489,62.63,19.23,39.47,49.288,36.168,58.374,2,3,4,4,-0.11487,-0.11639,166.62,97.058,75.412,93.925,86.281,2758.4,2758.4
2024-06-21,2784.3,0.20263,-0.052217,0.34705,50.9,8.89,33.74,46.75,36.209,58.173,2,3,4,4,-0.12309,-0.095548,164.35,80.273,78.297,90.661,83.309,2807.6,2807.6
2024-06-28,2797.8,0.21011,-0.055453,0.33022,46.15,8.27,29.64,43.91,36.25,57.972,5,3,4,4,-0.12734,-0.06209,162.87,76.381,86.104,83.692,84.427,2807.6,2807.6
2024-07-05,2862.2,0.2479,-0.04635,0.29492,25.83,11.67,23.74,41.406,36.291,57.771,5,3,4,4,-0.14698,-0.062513,160.11,71.163,75.594,77.529,84.595,2862.2,2862.2
2024-07-12,2857,0.23628,-0.016237,0.32529,34.44,27.31,28.71,39.943,36.497,57.617,5,4,4,4,-0.14541,-0.071905,162.31,84.235,80.194,77.765,89.134,2891.3,2891.3
2024-07-19,2795.5,0.24548,-0.038293,0.3058,27.74,15.03,25.45,38.797,36.702,57.463,5,4,4,4,-0.1266,-0.071098,160.38,87.774,79.028,78.661,86.631,2891.3,2891.3
2024-07-26,2731.9,0.25761,-0.084132,0.27296,21.83,2.8,20.8,37.344,36.908,57.309,5,4,4,5,-0.10628,-0.078785,157.22,66.586,74.924,80.356,80.685,2891.3,2891.3
2024-08-02,2676.2,0.2719,-0.11616,0.23711,17.72,0.4,13.77,34.737,36.497,57.215,5,5,5,5,-0.087677,-0.056216,154.12,75.905,81.575,78.534,78.856,2891.3,2891.3
2024-08-09,2588.4,0.31453,-0.13973,0.21199,10.86,0.2,9.56,31.651,36.25,57.12,6,5,5,5,-0.028998,-0.020335,150.05,116.86,88.818,84.445,81.34,2891.3,2891.3
2024-08-16,2697.2,0.29942,-0.066285,0.25654,12.85,6.76,19.28,28.802,36.168,57.026,6,4,5,5,-0.10395,-0.10915,153.86,120.24,101.4,89.674,86.089,2891.3,2891.3
2024-08-23,2701.7,0.2822,-0.068555,0.24947,16.33,6.35,17.86,25.288,35.809,56.952,6,4,5,5,-0.10543,-0.092061,152.54,128.28,119.82,94.875,89.199,2891.3,2891.3
2024-08-30,2674.3,0.28248,-0.054239,0.23737,16.29,9.5,14.06,23.182,35.578,56.877,6,5,5,5,-0.096268,-0.081749,151.56,84.216,100.82,94.635,88.194,2891.3,2891.3
2024-09-06,2544.3,0.30123,-0.060598,0.15825,12.75,8.1,5.14,20.664,35.474,56.803,6,5,5,6,-0.050081,-0.065355,143.1,56.726,85.835,84.712,82.909,2891.3,2891.3
2024-09-13,2575.4,0.32794,-0.083554,0.19402,7.73,3.55,8.28,17.824,35.402,56.682,6,5,5,5,-0.083416,-0.03337,147.23,79.038,81.589,91.038,86.899,2891.3,2891.3
2024-09-20,2593.4,0.29651,-0.084429,0.22171,13.93,3.15,11.81,15.997,35.288,56.56,6,5,5,5,-0.089764,-0.056073,148.65,89.928,82.855,97.087,90.563,2891.3,2891.3
2024-09-27,2649.8,0.24968,0.023845,0.25484,26.05,58.15,19.65,16.211,35.131,56.438,6,5,5,5,-0.10914,-0.093694,152.76,159.17,96.665,102.44,94.137,2891.3,2891.3
2024-10-04,2569.7,0.25049,-0.0029556,0.21227,25.74,38.82,10,16.503,34.943,56.361,6,5,5,5,-0.081383,-0.039991,150.1,103.09,90.279,95.443,93.163,2891.3,2891.3
2024-10-11,2596.9,0.26658,0.06046,0.22993,21.23,83.37,13.31,16.961,34.822,56.284,6,5,5,5,-0.091004,-0.021824,150.64,86.822,103.24,97.467,92.686,2891.3,2891.3
2024-10-18,2593.8,0.25967,-0.0056312,0.23374,22.66,37.11,14.26,17.033,34.768,56.208,6,5,5,5,-0.089921,-0.0095454,148.97,85.842,97.415,87.704,90.787,2891.3,2891.3
2024-10-25,2583.3,0.28384,-0.034213,0.20269,16.22,19.3,9.36,16.959,34.747,56.164,6,5,5,5,-0.086205,0.010736,144.83,64.67,75.076,82.388,91.477,2891.3,2891.3
2024-11-01,2542.4,0.2661,-0.051136,0.20797,21.81,10.89,9.92,17.24,34.72,56.121,6,5,5,5,-0.0715,9.9421e-05,145.45,75.823,80.68,86.665,91.62,2891.3,2891.3
2024-11-08,2561.2,0.25313,-0.038206,0.23187,25.92,16.7,14.17,18.2,34.686,56.077,6,5,5,5,-0.078312,-0.0022168,147,101.96,81.428,91.749,91.851,2891.3,2891.3
2024-11-15,2416.9,0.31118,-0.084503,0.16116,11.71,3.1,5.23,17.774,34.603,56.047,6,6,6,6,-0.023286,0.084992,137.06,67.974,71.785,83.663,82.07,2891.3,2891.3
2024-11-22,2501.2,0.31417,-0.061086,0.18372,10.95,8.51,7.16,17.408,34.521,56.016,6,5,6,6,-0.056236,0.099475,138.5,73.321,86.428,80.593,83.718,2891.3,2891.3
2024-11-29,2455.9,0.28135,-0.093381,0.20675,17.96,2.32,10.23,17.222,34.441,55.986,6,6,6,6,-0.038817,0.067119,139.17,108.44,85.942,83.287,86.422,2891.3,2891.3
2024-12-06,2428.2,0.31014,-0.098071,0.16146,12.11,1.93,5.39,17.07,34.199,55.98,6,6,6,6,-0.027832,0.10281,133.75,70.963,72.132,76.613,84.658,2891.3,2891.3
2024-12-13,2494.5,0.3433,-0.0018752,0.25738,6.04,40.19,22.12,18.124,34.059,55.975,6,5,1,1,-0.038293,0.042323,142.32,102.5,105.39,87.178,90.442,2891.3,2891.3
2024-12-20,2404.2,0.26706,0.016398,0.24065,21.93,51.82,17.08,19.573,34.02,55.969,1,6,1,1,-0.0021671,0.046925,140.31,120.82,92.825,89.598,84.547,2891.3,2891.3
2024-12-27,2404.8,0.26918,0.042868,0.2079,21.15,73.75,10.54,19.554,33.976,55.843,1,6,1,1,-0.0024243,0.035168,138.45,82.416,82.331,85.215,83.095,2891.3,2891.3
2025-01-03,2441.9,0.2776,0.12742,0.27212,18.71,97.9,23.9,20.927,33.908,55.716,1,6,1,1,0.0049265,-0.0058048,144.1,84.728,92.287,86.933,85.262,2891.3,2891.3
2025-01-10,2515.8,0.24262,0.18233,0.33001,34.21,100,32.82,22.149,33.817,55.59,1,5,1,1,-0.088275,-0.012942,147.35,98.954,114.31,97.401,87.618,2891.3,2891.3
2025-01-17,2523.6,0.24054,0.11641,0.35895,35.8,96.19,39.81,24.442,33.791,55.557,1,5,1,1,-0.091082,0.024675,147.55,104.97,94.235,97.658,91.214,2891.3,2891.3
2025-01-24,2536.8,0.23654,0.158,0.35272,38.57,99.62,38.4,27.582,33.611,55.524,1,5,1,1,-0.095829,0.052202,146.39,84.049,91.241,91.71,90.448,2866.1,2891.3
2025-01-31,2517.4,0.2359,0.13895,0.33403,39.19,98.48,33.97,30.609,33.277,55.491,1,5,1,1,-0.088851,0.049891,145.47,86.222,91.823,91.189,90.045,2866.1,2891.3
2025-02-07,2521.9,0.21845,0.062111,0.36805,45.73,84.09,41.67,33.347,33.301,55.388,1,5,1,1,-0.090495,0.049578,146.67,86.06,89.937,96.132,89.926,2777.7,2891.3
2025-02-14,2591.1,0.19332,0.096137,0.40257,59.1,93.19,48.77,37.847,33.324,55.285,2,5,1,1,-0.11476,0.042413,148.71,105.97,95.651,98.326,98.125,2777.7,2891.3
2025-02-21,2654.6,0.16357,0.046401,0.48217,73.82,74.72,62.83,42.598,33.347,55.182,2,5,1,2,-0.13595,0.012458,152.27,126.41,104.17,97.019,99.385,2707.7,2891.3
2025-02-28,2532.8,0.14888,0.0094968,0.40448,77.65,46.14,49.34,46.388,33.491,55.12,2,5,1,1,-0.094394,0.061713,148.52,97.712,101.76,96.679,94.579,2707.7,2891.3
2025-03-07,2563.5,0.17497,-0.019005,0.40166,69.25,27.26,48.31,49.772,33.635,55.057,2,5,1,1,-0.10524,0.095517,147.5,85.351,98.656,98.089,96.096,2707.7,2891.3
2025-03-14,2566.4,0.18874,-0.035445,0.40522,61.12,19.14,50.28,51.744,33.778,54.995,2,5,1,1,-0.10624,0.10287,148.34,77.548,95.838,93.222,99.803,2689.8,2891.3
2025-03-21,2643.1,0.17263,-0.057298,0.39057,70.09,9.55,45.69,53.032,33.791,54.949,2,5,1,1,-0.1322,0.13697,146.9,84.55,84.952,92.959,93.383,2671.6,2891.3
2025-03-28,2558,0.19398,-0.062202,0.32106,58.04,8.41,30.28,53.246,33.804,54.904,2,5,1,1,-0.10332,0.15326,143.31,71.847,74.664,89.692,90.204,2671.6,2891.3
2025-04-04,2465.4,0.22266,-0.054238,0.32065,42.79,10.82,30.22,52.265,33.817,54.859,2,6,1,1,-0.069651,0.16244,143.26,66.645,75.104,86.152,89.786,2671.6,2891.3
2025-04-11,2432.7,0.23041,-0.075007,0.3489,39.91,5.4,38.18,50.491,33.863,54.76,2,1,1,1,0.0060467,0.176,145.44,85.022,78.248,86.605,87.939,2671.5,2891.3
2025-04-18,2483.4,0.18924,-0.065964,0.46777,60.88,7.99,61.34,49.853,33.908,54.661,2,1,1,2,0.0012966,0.13129,151.19,132.01,93.986,89.367,93.301,2671.5,2891.3
2025-04-25,2546.3,0.16412,0.001868,0.55207,73.9,42.12,74.21,50.541,33.954,54.562,2,1,2,2,0.0010054,0.089887,154.03,167.86,118.32,94.057,98.361,2671.5,2891.3
2025-05-02,2559.8,0.15814,-0.019704,0.52851,75.81,27.78,71.3,51.015,33.976,54.559,2,1,2,2,0.0054731,0.064252,152.73,129.15,128.89,95.742,98.666,2671.5,2891.3
2025-05-09,2577.3,0.1629,0.041369,0.55762,74.02,71.9,75.42,52.421,33.998,54.556,2,1,2,2,0.0057503,0.090483,153.94,115.72,134.97,100.85,99.039,2671.5,2891.3
2025-05-16,2626.9,0.13497,0.0066868,0.56371,82.34,44.65,76.01,52.719,34.02,54.553,2,1,2,2,-0.01324,0.080727,155.02,98.82,118.39,100.34,97.633,2671.5,2891.3
2025-05-23,2592.1,0.1478,-0.010135,0.53317,78.72,34.62,72.01,52.201,34.039,54.535,2,1,2,2,0.017411,0.059324,154.17,97.972,106.44,102.83,94.793,2671.5,2891.3
2025-05-30,2697.7,0.12748,-0.05495,0.58879,85.62,10.66,80.15,52.361,34.059,54.517,2,1,2,2,0.0004819,0.044985,157.68,117.41,107.73,115.53,103.29,2720.6,2891.3
2025-06-06,2812.1,0.09571,-0.020694,0.65157,94.31,27.52,88.07,54.067,34.079,54.5,2,1,2,2,0.015547,0.03046,161.59,140.18,120.68,123.35,104.59,2812.1,2891.3
2025-06-13,2894.6,0.086355,-0.063534,0.65898,95.23,8.61,88.46,55.799,34.199,54.535,2,1,2,2,0.017978,0.050096,163.6,143.15,114.42,126.74,107.83,2920,2920
2025-06-20,3021.8,0.074489,-0.013101,0.68758,98.41,33.09,91.22,58.251,34.32,54.556,3,1,2,2,-0.0024389,0.037673,167.02,110.57,124.42,117.99,109.34,3021.8,3021.8
2025-06-27,3055.9,0.090789,0.01834,0.63397,94.12,53.65,85.95,61.658,34.441,54.562,3,1,2,2,-0.0005432,0.018538,165.28,87.122,111.54,107.88,111.23,3108.2,3108.2
2025-07-04,3054.3,0.11822,-0.0090094,0.65774,86.91,36.07,87.98,64.937,34.481,54.76,3,1,2,2,0.0016993,0.023161,166.54,93.3,101.54,110.64,115.53,3116.3,3116.3
2025-07-11,3175.8,0.10509,-0.066759,0.68326,90.77,7.45,90.36,67.805,34.521,54.904,3,1,2,2,-0.017747,-0.0051188,171.04,146.77,112.77,113.59,121.86,3183.2,3183.2
2025-07-18,3188.1,0.096543,-0.049705,0.69449,93.26,13.07,91.83,69.655,34.562,54.995,3,1,2,2,-0.021537,-0.011116,171.04,108.53,100.58,111.84,111.84,3215.3,3215.3
2025-07-25,3196.1,0.10124,-0.031607,0.64406,91.93,22.64,86.41,70.089,34.603,55.12,3,1,2,2,-0.02398,0.01981,167.87,59.526,93.868,102.36,103,3215.3,3215.3
2025-08-01,3119.4,0.12671,0.035271,0.53248,84.34,68.35,70.52,71.245,34.644,55.285,3,1,2,2,0.0034237,0.042,162.54,54.498,77.421,88.753,98.301,3254.5,3254.5
2025-08-08,3210,0.10864,0.098769,0.61915,89.29,93.86,83.39,72.406,34.686,55.491,3,1,2,2,-0.024897,-0.018587,167.87,101.91,78.222,94.033,100.41,3254.5,3254.5
2025-08-15,3225.7,0.10726,0.095341,0.60698,89.53,92.61,81.44,73.816,34.703,55.557,3,1,2,2,-0.029628,0.0034409,167.53,96.404,77.761,90.291,100.96,3254.5,3254.5
2025-08-22,3168.7,0.11853,0.041542,0.50288,85.78,72.48,64.75,74.722,34.72,55.659,3,1,2,2,-0.0081421,-0.0014573,163.32,65.617,81.714,86.113,96.537,3254.5,3254.5
2025-08-29,3186,0.10574,0.025943,0.49979,90.24,61.22,64.45,75.64,34.737,55.799,3,1,2,2,-0.013522,0.021302,164.77,74.23,84.702,82.17,91.173,3254.5,3254.5
2025-09-05,3205.1,0.12736,0.041284,0.52375,83.41,71.86,69,75.836,34.747,55.913,3,1,2,2,0.0045147,0.033145,166.51,98.013,80.268,80.048,87.578,3254.5,3254.5
2025-09-12,3395.5,0.10188,0.048687,0.59369,91.61,76.92,79.79,77.028,34.758,55.975,3,1,2,2,-0.0027948,0.015077,171.79,134.28,99.774,88.055,93.318,3395.5,3395.5
2025-09-19,3445.2,0.082361,0.13122,0.58852,96.48,97.68,78.57,78.106,34.768,55.986,3,1,2,2,-0.01718,-0.0047491,173.31,113.29,105.38,92.747,92.052,3461.3,3461.3
2025-09-26,3386.1,0.09085,0.10402,0.46166,93.85,94.12,57.4,78.359,34.795,56.047,3,1,2,2,0.011385,0.01973,168.34,55.331,86.701,85.693,83.646,3486.2,3486.2
2025-10-03,3549.2,0.11673,0.15866,0.47191,86.18,99.64,59.79,79.112,34.822,56.121,3,1,2,2,0.0035501,0.020045,170.39,59.458,86.714,83.548,82.985,3549.2,3549.2
2025-10-10,3610.6,0.17078,0.1988,0.44813,67.83,100,55.42,79.622,34.849,56.208,3,1,2,2,-0.013513,0.009005,170.17,60.11,82.839,81.544,80.965,3610.6,3610.6
2025-10-17,3748.9,0.16526,0.15367,0.41605,69.87,99.11,51.06,79.846,34.943,56.361,3,2,2,2,0.017552,0.028877,169.14,89.201,70.622,84.018,81.869,3748.9,3748.9
2025-10-24,3941.6,0.14184,0.1313,0.43366,77.12,97.17,52.92,80.26,35.037,56.56,3,2,2,2,-0.024236,0.050201,171.2,100.53,78.092,90.704,87.593,3941.6,3941.6
2025-10-31,4107.5,0.15052,0.14902,0.39002,73.91,98.94,43.64,79.997,35.131,56.803,3,2,2,2,-0.063649,0.10385,169.37,85.732,87.449,87.076,86.276,4107.5,4107.5
2025-11-07,3953.8,0.18968,-0.0050989,0.32327,56.83,38.45,29.63,76.528,35.21,56.952,3,2,2,2,-0.02724,0.12752,164.75,61.363,78.724,80.746,80.587,4221.9,4221.9
2025-11-14,4011.6,0.10896,-0.035497,0.36756,88.31,19.54,39.26,73.955,35.288,57.12,4,2,2,2,-0.041258,0.13765,168.11,90.112,87.912,78.893,85.308,4221.9,4221.9
2025-11-21,3853.3,0.13698,-0.095906,0.29385,77.75,2.28,24.78,71.269,35.366,57.309,4,2,2,2,-0.0018685,0.19318,163.08,98.831,78.153,78.123,86.279,4221.9,4221.9
2025-11-28,3926.6,0.08916,-0.059142,0.34553,94.4,9.82,34.74,69.623,35.402,57.617,4,2,2,2,-0.0015841,0.15439,168.28,92.568,91.328,89.38,88.485,4221.9,4221.9
2025-12-05,4100.1,0.063421,0.0035412,0.40942,99.14,43.61,49.91,69.101,35.438,57.931,4,2,2,2,-0.025741,0.074724,172.03,128.2,112.41,94.109,90.231,4221.9,4221.9
2025-12-12,4167.2,0.053137,0.038196,0.44697,99.36,69.23,55.77,68.66,35.474,58.251,4,2,2,2,-0.041431,0.080892,174.38,118.35,104.57,95.86,86.697,4221.9,4221.9
2025-12-19,4020.6,0.06611,0.045683,0.42398,98.29,74.35,52.36,67.631,35.526,58.333,4,2,2,2,0.021236,0.11431,172.48,86.091,105.01,90.552,86.227,4221.9,4221.9
2025-12-26,4129.7,0.094412,0.025711,0.41088,92.95,60.1,50,66.691,35.578,58.374,4,2,2,2,0.020459,0.10964,171.66,78.373,95.187,90.134,87.765,4221.9,4221.9
2026-01-02,4309.6,0.15404,0.064239,0.38296,71.43,84.87,42.43,65.498,35.63,58.376,4,2,2,2,0.034316,0.072044,173.81,71.293,81.906,90.396,87.993,4309.6,4309.6
2026-01-09,4586.3,0.1653,0.045792,0.35399,68.3,74.48,36.98,64.548,35.809,58.483,4,2,2,2,0.008388,0.12671,171.7,60.608,72.849,86.576,87.207,4586.3,4586.3
2026-01-16,4840.7,0.14806,0.10536,0.39205,74.1,93.41,44.71,64.422,35.989,58.669,4,2,2,2,0.0092982,0.18243,174.03,87.309,78.962,91.741,86.908,4840.7,4840.7
2026-01-23,4990.1,0.097057,0.11253,0.47259,91.74,94.64,60.9,65.024,36.168,58.935,4,3,3,3,-0.0081121,0.16256,179.79,123.99,87.116,97.14,88.216,4990.1,4990.1
2026-01-30,5224.4,0.075262,0.12806,0.5303,97.67,96.72,70.47,66.348,36.209,58.996,4,3,3,3,-0.052579,0.12139,186.95,116.44,100.84,90.938,93.761,5224.4,5224.4
2026-02-06,5089.1,0.087438,0.061842,0.51705,93.88,82.59,68.1,69.385,36.25,59.099,4,3,3,3,-0.0072075,0.11663,185.76,99.687,111.12,90.151,94.139,5371.1,5371.1
2026-02-13,5507,0.046827,0.0068882,0.59327,99.79,44.23,80.38,71.21,36.291,59.244,3,3,3,3,-0.08254,0.026104,191.25,131.01,123.52,98.878,101.35,5522.3,5522.3
2026-02-20,5808.5,0.035714,-0.015786,0.63073,99.79,29.73,85.91,73.884,36.497,60.298,3,3,3,3,-0.13017,0.0072471,194.58,149.24,126.96,104.41,101.24,5808.5,5808.5
2026-02-27,6244.1,0.052276,0.032071,0.60632,99.37,64.32,81.99,76.284,36.702,60.853,3,4,4,4,-0.19085,-0.069427,194.27,105.6,114.17,103.34,100.57,6307.3,6307.3
2026-03-06,5584.9,0.11501,0.01582,0.46804,84.73,50.68,59.42,76.173,36.908,60.907,3,1,2,2,-0.095331,-0.081588,184.88,78.485,114.8,103.7,94.326,6307.3,6307.3
2026-03-13,5487.2,0.084923,-0.0038635,0.49414,93.74,38.8,64.27,75.506,36.978,60.909,3,1,2,2,-0.079235,-0.091542,188.49,86.988,105.32,110.07,98.245,6307.3,6307.3
2026-03-20,5781.2,0.068476,0.059322,0.52932,97.5,81.23,69.97,76.018,37.049,60.957,3,1,2,2,-0.12605,-0.1428,192.2,118.72,96.571,112.37,98.977,6307.3,6307.3
2026-03-27,5438.9,0.079679,-0.0082856,0.51556,95.84,35.43,67.29,75.951,37.119,61.049,3,1,2,2,-0.071046,-0.23047,190.48,105.21,95.628,106.19,100.45,6307.3,6307.3
2026-04-03,5377.3,0.17844,0.00014853,0.45198,61.41,40.65,55.61,74.938,37.194,61.455,3,1,2,2,0.013581,-0.16311,186.33,80.136,97.566,105.81,101.61,6307.3,6307.3
2026-04-10,5858.9,0.13602,0.035483,0.53067,75.98,66.89,70.46,75.761,37.269,61.757,3,1,2,2,-0.0085767,-0.19804,193.45,94.886,99.935,102.6,106.59,6307.3,6307.3
2026-04-17,6191.9,0.078666,0.081368,0.66761,95.87,88.81,89.83,77.369,37.344,61.955,3,1,3,3,0.004388,-0.26242,205.78,149.5,108.61,102.36,111.11,6307.3,6307.3
2026-04-24,6475.6,0.073631,0.2115,0.67689,97.11,100,90.52,78.315,37.42,61.989,3,2,3,3,0.0062758,-0.28252,209.02,127.65,109.72,102.33,107.33,6475.8,6475.8
2026-05-01,6598.9,0.076827,0.26516,0.65793,96.09,100,88.18,78.724,37.497,62.087,3,2,4,4,-0.15235,-0.30758,209.65,94.895,124.21,108.08,106.87,6690.9,6690.9
2026-05-08,7498,0.094822,0.25018,0.59467,90.55,99.83,80.1,79.257,37.573,62.249,3,2,4,4,-0.25399,-0.24367,207.42,82.172,104.55,100.09,101.76,7498,7498
2026-05-15,7493.2,0.13574,0.15053,0.45543,75.82,98.48,56.06,79.124,37.648,62.548,3,2,4,4,-0.25351,-0.1602,196.24,49.269,77.187,89.609,92.166,7981.4,7981.4
2026-05-22,7847.7,0.14027,0.12855,0.42529,73.82,96.13,51.43,78.97,37.723,62.811,3,3,4,4,-0.28724,-0.19984,195.99,61.092,70.82,84.987,88.461,7981.4,7981.4
2026-05-29,8476.1,0.22396,0.053807,0.28801,37.76,77.52,22.99,75.932,37.798,63.035,3,3,5,5,-0.34008,-0.099896,180.78,47.093,52.398,83.003,86.637,8476.1,8476.1
2026-06-05,8160.6,0.29213,-0.072565,0.19622,13.03,5.53,7.87,71.443,37.803,63.225,4,3,5,5,-0.31456,-0.050502,169.8,58.925,50.02,75.52,84.256,8801.5,8801.5
2026-06-12,8123.6,0.26404,-0.065562,0.20981,20.12,7.86,9.7,67.137,37.808,63.456,4,3,5,5,-0.31144,-0.052718,171.24,73.725,66.225,75.147,83.503,8801.5,8801.5
2026-06-19,9052.4,0.3109,0.012071,0.17269,10.34,47.41,5.84,62.111,37.812,63.32,4,3,5,5,-0.38209,-0.01102,164.75,90.646,73.304,66.921,80.563,9063.8,9063.8
2026-06-26,8411.2,0.4203,-0.108,0.09434,1.42,1.17,1,56.788,37.824,63.225,5,4,6,6,-0.33499,0.10833,146.58,46.671,59.141,57.44,73.626,9114.5,9114.5
2026-07-03,8088.3,0.36858,-0.061304,0.1336,3.84,9.15,3,53.041,37.835,63.13,5,4,6,6,-0.30844,0.065253,155.94,72.694,81.229,64.196,77.407,9114.5,9114.5
2026-07-10,7475.9,0.35409,-0.11991,0.13446,5.04,0.5,3.16,47.765,37.847,63.035,5,5,6,6,,0.07527,155.14,110.59,72.948,69.509,74.402,9114.5,9114.5
2026-07-17,6820.6,0.3878,-0.17556,0.12027,3.02,0.17,1.99,40.825,37.867,62.923,5,5,6,6,,,151.78,86.904,70.928,71.949,69.401,9114.5,9114.5
2026-07-24,6690.6,0.35954,-0.16701,0.11147,4.42,0.33,1.99,33.633,37.835,62.811,6,6,6,6,,,149.97,102.65,91.27,74.66,69.476,9114.5,9114.5
2026-07-31,6595.4,0.40314,-0.13729,0.099759,2.2,0.66,1.16,26.442,37.812,62.698,6,,,,,,145.17,88.193,87.548,80.722,69.031,9114.5,9114.5
2026-08-07,6258.8,0.24864,-0.053562,0.15629,26.2,12.21,5.12,20.747,37.803,62.548,6,,,,,,156.88,130.35,115.62,91.443,79.305,9114.5,9114.5
2026-08-14,6977.9,0.15097,0.058774,0.21061,70.86,80.07,11.04,19.189,37.723,62.398,6,,,,,,164.8,181.73,125.33,94.289,86.568,9114.5,9114.5
2026-08-21,6912.9,0.27486,-0.029831,0.17363,18.13,23.85,7.07,14.79,37.573,62.249,6,,,,,,156.82,95.336,104.97,97.461,82.14,9114.5,9114.5
2026-08-28,6788.9,0.1513,0.24846,0.23083,70.58,99.67,14.78,16.178,37.42,62.203,6,,,,,,162.72,109.14,143.2,105.59,95.105,9114.5,9114.5
2026-09-04,6687.2,0.19542,0.028794,0.22913,51.39,63.11,14.26,18.849,37.269,62.157,6,,,,,,161.22,119.87,106.82,107.14,96.273,9114.5,9114.5
2026-09-11,6909.9,0.19686,-0.022748,0.23876,51.09,26.68,16.69,20.437,37.119,62.111,6,,,,,,162.21,82.399,94.94,105.8,90.399,9114.5,9114.5
2026-09-18,6894.2,0.19333,0.086774,0.2513,52.77,89.71,20.26,23.082,36.978,62.076,6,,,,,,162.94,74.516,94.629,99.713,96.521,9114.5,9114.5
2026-09-25,7080.9,0.21117,0.11439,0.24558,43.79,93.96,18.11,26.894,36.702,62.041,6,,,,,,162.46,67.836,77.139,101.84,95.077,9114.5,9114.5
2026-10-02,7003.7,0.17967,0.19316,0.29703,60.43,99.19,27.04,31.267,36.291,62.005,1,,,,,,166.11,90.191,84.414,97.14,95.262,9114.5,9114.5
2026-10-07,6803.9,0.17896,0.16591,0.31725,61.1,98.7,29.27,35.847,36.209,61.989,1,,,,,,166.82,85.757,79.961,92.517,97.313,9114.5,9114.5
