종목명,시가총액(억원),2026_영업이익(십억원),2027_영업이익(십억원),영업이익_증가율
삼성전자,14644927.9,390927.6,544670.4,0.3933
SK하이닉스,11782841.8,266671.8,391820.3,0.4693
삼성전자우,1488398.6,,,
SK스퀘어,1295493.7,43413.0,54749.9,0.2611
삼성전기,1045711.7,1926.4,3701.4,0.9214
LG에너지솔루션,813150.0,825.4,3851.4,3.666
현대차,773984.4,11569.0,13340.2,0.1531
삼성바이오로직스,694827.2,2416.2,2819.8,0.167
삼성물산,604885.1,3796.4,4374.0,0.1521
KB금융,599777.0,9421.4,9576.2,0.0164
삼성생명,588000.0,3356.0,5526.0,0.6466
한화에어로스페이스,528524.9,4627.3,5705.1,0.2329
신한지주,518742.5,8083.0,8463.3,0.047
두산에너빌리티,490669.8,1130.2,1626.5,0.4391
기아,485673.8,10234.0,11376.5,0.1116
HD현대중공업,442936.4,4032.1,4666.7,0.1574
삼성SDI,433550.2,323.1,1422.5,3.4024
셀트리온,433365.8,1853.7,2194.0,0.1836
SK,395139.7,10108.2,12069.1,0.194
현대모비스,373204.5,3783.0,4260.6,0.1262
하나금융지주,370122.1,5986.1,6248.2,0.0438
LG전자,326583.7,4577.8,4792.1,0.0468
NAVER,317839.9,2242.5,2607.6,0.1628
LS ELECTRIC,293550.0,716.5,1030.2,0.4379
삼성화재,293333.9,3098.7,3379.3,0.0906
POSCO홀딩스,261497.0,3097.6,3826.5,0.2353
효성중공업,257823.8,1117.5,1558.5,0.3946
HD현대일렉트릭,256295.1,1231.3,1555.5,0.2633
우리금융지주,254191.4,4379.8,4799.2,0.0958
고려아연,253815.3,2246.9,1955.0,-0.1299
한화오션,251259.0,2253.0,2517.1,0.1172
HD한국조선해양,233197.4,6046.1,7082.6,0.1714
SK이노베이션,222304.4,8033.0,4067.8,-0.4936
메리츠금융지주,217216.8,3148.1,3372.2,0.0712
한미반도체,203491.5,382.2,561.7,0.4696
한국전력,200613.8,9789.1,13711.2,0.4007
SK텔레콤,196318.1,1962.2,2079.7,0.0599
HMM,196193.5,1463.3,1010.4,-0.3095
LG화학,189893.4,1302.1,3950.8,2.034
두산,181532.9,1812.5,2506.4,0.3829
KT&G,181045.4,1532.8,1654.4,0.0793
삼성에스디에스,180290.3,827.9,1068.0,0.29
미래에셋증권,179196.9,4263.8,2634.9,-0.382
LG,179162.5,1566.1,1870.9,0.1947
삼성중공업,175472.0,1387.5,1990.5,0.4346
S-Oil,169887.4,4155.6,3081.5,-0.2585
기업은행,166263.3,3702.3,3999.8,0.0804
HD현대,165490.5,11191.8,10936.1,-0.0229
알테오젠,163438.3,258.9,446.3,0.7242
에이피알,156865.9,757.9,1064.7,0.4048
포스코퓨처엠,156545.3,100.7,179.3,0.7796
카카오,155486.4,1016.2,1165.4,0.1468
현대글로비스,146250.0,2149.3,2372.2,0.1037
LIG디펜스앤에어로스페이스,144100.0,448.7,626.2,0.3956
KT,135587.7,2060.2,2257.5,0.0958
LG이노텍,134192.5,1265.1,1458.0,0.1525
현대로템,134135.9,1080.8,1347.5,0.2468
한화시스템,126387.1,251.8,471.1,0.8711
현대건설,125386.6,867.0,1129.6,0.3028
DB손해보험,125040.2,2137.0,2318.7,0.085
한국항공우주,119504.5,371.3,599.6,0.615
에코프로,116767.5,,,
GS,111474.6,4129.6,3466.5,-0.1606
삼양식품,111112.0,733.8,885.4,0.2066
대한항공,106415.8,1158.6,2211.0,0.9083
현대오토에버,105719.5,281.4,352.5,0.2529
에코프로비엠,104678.6,85.0,167.9,0.9754
카카오뱅크,104489.4,739.0,880.4,0.1913
한국금융지주,103316.0,3887.7,3218.4,-0.1722
크래프톤,101103.0,1461.6,1589.8,0.0877
NH투자증권,96178.2,2343.3,2058.7,-0.1215
포스코인터내셔널,93590.9,1468.8,1555.5,0.059
한진칼,92866.3,,,
LS,92508.0,1735.4,1985.7,0.1442
삼성에피스홀딩스,90574.3,246.8,310.0,0.2559
레인보우로보틱스,90209.3,4.0,12.0,2.0
HD현대마린솔루션,89218.6,420.4,535.8,0.2745
삼성E&A,85652.0,982.1,1191.6,0.2133
아모레퍼시픽,83235.2,482.5,555.6,0.1517
이수페타시스,82218.3,327.2,460.4,0.4069
한국타이어앤테크놀로지,81262.0,2131.0,2384.8,0.1191
삼성증권,76083.6,2326.8,2106.8,-0.0946
하이브,75738.7,285.0,490.2,0.7201
LG씨엔에스,72180.0,580.9,662.8,0.141
키움증권,71865.6,2306.8,1933.2,-0.162
코웨이,69847.4,1018.0,1182.5,0.1616
한화솔루션,68142.4,807.2,1170.9,0.4505
SK바이오팜,67584.3,353.3,471.6,0.3347
한화,67461.1,5865.2,6793.2,0.1582
대우건설,66895.8,831.5,815.0,-0.0198
LG유플러스,63197.3,1149.8,1233.3,0.0726
현대차2우B,62935.1,,,
한미약품,60724.1,300.9,292.2,-0.0288
카카오페이,60534.5,164.4,202.2,0.2302
가온전선,59853.0,147.2,283.0,0.9232
유한양행,59849.6,129.1,206.3,0.5975
HD건설기계,59758.6,760.2,927.1,0.2196
주성엔지니어링,59402.9,55.9,134.2,1.4007
두산밥캣,57705.4,828.3,929.9,0.1227
JB금융지주,56982.4,1019.2,1087.5,0.067
산일전기,56321.6,254.8,338.1,0.3271
대한전선,53996.0,228.6,255.5,0.1179
대덕전자,53815.0,275.9,408.1,0.479
삼성카드,52599.9,814.8,849.7,0.0429
엘앤에프,50733.8,231.5,242.4,0.0472
오리온,50399.2,645.4,706.4,0.0945
한화생명,50114.2,847.2,940.8,0.1105
리노공업,50071.2,218.9,265.4,0.2123
HLB,49682.9,,,
에이비엘바이오,48485.1,-75.0,-51.0,
맥쿼리인프라,47221.7,,,
NC,47181.4,498.7,586.1,0.1753
BNK금융지주,46455.5,1003.5,1114.4,0.1105
LG디스플레이,45050.0,964.9,1404.6,0.4557
OCI홀딩스,44995.3,354.4,555.2,0.5665
현대해상,44670.1,1087.5,1217.2,0.1193
LG생활건강,44477.3,378.1,448.1,0.1851
원익IPS,43341.1,183.9,275.6,0.4987
두산로보틱스,42781.2,13.0,40.0,2.0769
펩트론,42390.9,-41.1,-49.7,
현대차우,41967.0,,,
리가켐바이오,41906.0,-98.5,-94.8,
SKC,41464.2,-66.0,78.7,
심텍,41210.3,238.1,398.7,0.674
KCC,41202.9,444.7,503.2,0.1315
한전기술,40436.8,66.3,96.2,0.4513
이오테크닉스,39976.9,138.2,195.6,0.4148
현대제철,39900.3,368.3,683.7,0.8561
파마리서치,39324.8,270.9,337.0,0.2439
DB하이텍,38806.1,366.8,473.4,0.2906
삼천당제약,38634.5,45.0,281.0,5.2444
CJ,38017.6,2700.7,3013.6,0.1158
한화엔진,37259.1,227.9,360.9,0.584
한국콜마,36587.9,315.4,367.3,0.1646
신세계,36505.6,774.6,866.0,0.118
케어젠,35451.9,,,
한온시스템,34944.2,427.8,499.9,0.1686
피에스케이,34296.6,179.2,225.6,0.2592
휴젤,34229.0,219.3,284.8,0.2987
한국가스공사,34155.8,2470.6,2371.7,-0.04
로보티즈,33647.1,0.1,21.1,251.8
영원무역,32879.1,651.3,717.2,0.1012
한미사이언스,32691.2,,,
코스맥스,32402.8,232.4,277.3,0.1932
일진전기,32187.6,220.2,256.1,0.1632
금호석유화학,32000.1,530.0,441.5,-0.167
포스코DX,31775.3,,,
강원랜드,31235.3,223.8,221.8,-0.0091
넷마블,30768.6,335.1,386.7,0.1541
에스원,30475.3,206.1,253.7,0.231
서울보증보험,30372.4,446.0,535.0,0.1996
클래시스,29943.2,210.7,281.4,0.3355
iM금융지주,29867.3,630.3,687.2,0.0902
롯데쇼핑,29788.1,798.8,862.1,0.0793
팬오션,29454.8,678.1,681.6,0.0052
SK바이오사이언스,29382.0,-119.9,-62.0,
한올바이오파마,28732.4,1.9,10.4,4.3793
파두,28613.4,85.9,215.8,1.5122
현대엘리베이터,28459.3,214.0,219.0,0.0234
HPSP,28311.2,128.3,174.2,0.3577
ISC,27768.1,102.3,140.2,0.3702
미래에셋생명,27644.3,193.1,196.5,0.0176
GS건설,27600.0,415.6,584.2,0.4056
CJ제일제당,27488.9,1282.4,1443.5,0.1256
보로노이,27240.4,-44.0,-37.0,
DL이앤씨,27085.5,574.5,575.7,0.0021
효성,26751.2,544.0,530.0,-0.0257
농심,26611.6,217.0,235.2,0.0839
DN오토모티브,26417.7,638.0,685.5,0.0745
디앤디파마텍,26356.6,,,
코리안리,26243.1,600.7,491.7,-0.1815
제주반도체,25969.9,,,
현대무벡스,25950.6,21.0,25.0,0.1905
F&F,25933.9,535.8,573.9,0.0711
BGF리테일,25908.6,308.2,341.9,0.1094
실리콘투,25771.5,276.7,348.9,0.261
올릭스,25528.2,-31.0,-30.0,
유진테크,25482.6,102.7,131.9,0.2839
동서,25423.5,,,
두산퓨얼셀,25346.1,-71.5,50.5,
달바글로벌,25302.3,161.6,218.5,0.3524
에코프로머티,24855.7,107.6,194.8,0.8104
신영증권,24824.4,,,
한화비전,24688.8,203.4,296.7,0.4589
롯데케미칼,24510.3,-18.2,129.3,
테스,24122.6,101.6,135.7,0.3356
롯데지주,23869.5,379.7,447.2,0.1779
에스엘,23270.7,461.7,507.3,0.0988
한국앤컴퍼니,22974.3,457.4,453.6,-0.0083
솔브레인,22946.8,193.3,258.5,0.3368
티에스이,22897.2,166.8,219.1,0.3135
케이뱅크,22556.7,116.4,198.6,0.7062
에스피지,22554.4,23.2,30.4,0.3089
펄어비스,22372.4,476.7,198.9,-0.5827
NHN,22272.1,182.0,225.2,0.2377
HL만도,22234.2,411.7,472.1,0.1465
미스토홀딩스,21953.5,568.6,605.8,0.0654
영원무역홀딩스,21814.2,753.6,827.0,0.0974
현대지에프홀딩스,21732.6,358.6,394.9,0.1014
제일기획,21719.8,328.6,356.4,0.0846
서진시스템,21704.9,102.3,437.4,3.2757
GS리테일,21696.1,363.3,393.8,0.0838
풍산,21634.7,426.6,386.7,-0.0936
SK가스,21319.3,612.5,513.0,-0.1624
한솔케미칼,20918.8,188.0,238.7,0.2697
에스티팜,20897.5,75.4,102.8,0.363
금호타이어,20481.7,621.7,659.7,0.0611
피에스케이홀딩스,20268.7,105.3,145.2,0.3789
고영,20188.4,56.7,75.9,0.3401
아모레퍼시픽홀딩스,20185.0,488.7,532.4,0.0894
이마트,20117.4,520.1,620.1,0.1923
동진쎄미켐,20056.7,193.7,217.0,0.1203
현대백화점,19990.7,419.2,513.0,0.2237
한전KPS,19957.5,178.0,194.8,0.0941
하나마이크론,19947.3,322.2,387.8,0.2036
셀트리온제약,19625.8,,,
이수스페셜티케미컬,19430.7,-0.9,-1.7,
우리기술,19351.9,,,
씨에스윈드,19209.1,303.2,342.5,0.1297
시프트업,19179.2,106.8,103.6,-0.0297
롯데에너지머티리얼즈,19061.0,-44.7,43.0,
티씨케이,18703.2,123.9,164.3,0.3259
롯데렌탈,18336.2,350.6,383.2,0.0929
대한광통신,17818.7,-2.3,14.7,
파크시스템스,17541.2,54.3,71.4,0.3133
SK이터닉스,17340.1,66.3,83.1,0.2528
에스엠,17308.4,188.7,216.8,0.1489
대한조선,16949.5,364.7,374.9,0.0281
코오롱인더,16859.6,272.9,294.1,0.0775
엘앤씨바이오,16721.2,37.0,62.7,0.692
다우기술,16687.3,,,
동원산업,16685.2,549.2,586.3,0.0676
메지온,16680.3,,,
JYP Ent.,16629.2,167.7,188.9,0.1264
HD현대마린엔진,16604.6,155.0,211.7,0.3658
호텔신라,16543.1,197.6,245.8,0.2436
SK리츠,16435.6,,,
CJ대한통운,16424.9,481.6,546.4,0.1345
두산우,16185.7,,,
에임드바이오,16167.8,,,
테크윙,16155.4,98.5,172.9,0.7553
LS마린솔루션,16063.4,21.3,66.1,2.1033
브이엠,15927.7,95.0,139.3,0.4668
아시아나항공,15840.7,-570.0,116.0,
비에이치아이,15441.2,123.1,159.0,0.2919
오리온홀딩스,15370.0,602.8,585.6,-0.0285
현대위아,15338.0,219.5,267.0,0.2164
LX인터내셔널,15310.2,466.2,463.9,-0.0049
씨젠,15093.3,90.0,111.3,0.2372
IPARK현대산업개발,15026.9,521.4,704.2,0.3507
코오롱티슈진,15005.7,-29.0,-45.0,
삼성전기우,14971.0,,,
효성티앤씨,14930.5,557.1,614.5,0.1029
HD현대에너지솔루션,14851.2,147.1,166.5,0.1319
녹십자,14841.9,73.0,94.2,0.2903
원익홀딩스,14713.8,,,
세아베스틸지주,14416.6,165.6,223.1,0.3468
대웅제약,14378.9,231.1,242.0,0.0473
HJ중공업,14375.0,205.0,299.0,0.4585
네이처셀,14336.8,,,
비츠로셀,13993.2,92.7,107.4,0.1585
기가비스,13981.4,29.4,82.6,1.8042
대주전자재료,13851.0,39.6,50.1,0.2652
미래에셋증권2우B,13745.3,,,
코리아써키트,13742.0,146.7,222.8,0.5191
롯데웰푸드,13678.0,214.5,239.9,0.1183
제이에스링크,13605.7,,,
LS에코에너지,13566.8,85.0,99.2,0.167
오뚜기,13466.3,207.5,216.0,0.041
오름테라퓨틱,13444.4,,,
후성,13439.1,52.7,70.2,0.3321
오스코텍,13371.2,34.0,138.0,3.0588
HDC,13143.2,686.0,823.7,0.2007
삼성화재우,13050.5,,,
SK아이이테크놀로지,12963.3,-242.4,-103.7,
케이씨텍,12888.9,146.2,201.1,0.3755
RFHIC,12875.8,55.1,79.8,0.4468
KB발해인프라,12855.0,,,
LG전자우,12765.7,,,
코스모신소재,12671.4,15.7,52.5,2.3408
대신증권,12583.9,455.0,383.7,-0.1568
SK네트웍스,12517.1,119.7,136.1,0.1364
하림지주,12354.2,1024.0,1101.0,0.0752
성호전자,12346.8,45.2,104.2,1.3039
두산테스나,12311.5,44.3,111.5,1.5162
더블유게임즈,12174.7,285.7,313.1,0.0959
한일시멘트,12054.1,115.0,148.0,0.287
태성,11894.5,,,
스피어,11882.6,17.4,56.4,2.2478
롯데정밀화학,11855.1,163.2,165.1,0.0119
HK이노엔,11785.2,130.4,147.9,0.1341
리브스메드,11667.9,-20.5,7.2,
삼화콘덴서,11590.4,20.0,26.0,0.3
한국카본,11446.3,181.4,198.7,0.0951
교보증권,11396.3,,,
삼현,11335.5,,,
코미코,11176.6,128.9,170.7,0.3239
롯데리츠,11154.2,,,
하이트진로,10877.7,191.3,201.4,0.053
DL,10729.4,649.6,610.5,-0.0602
롯데관광개발,10675.2,198.6,239.2,0.2043
하나머티리얼즈,10600.8,95.1,125.9,0.3239
태광산업,10388.0,,,
삼아알미늄,10329.3,7.4,41.9,4.6622
코스메카코리아,10242.1,114.4,136.7,0.1948
대웅,10145.8,311.0,359.9,0.1572
한화투자증권,10083.7,,,
에스에이엠티,10019.5,,,
한화손해보험,10016.2,495.6,563.9,0.1376
대원전선,9982.2,,,
쿠쿠홀딩스,9797.4,114.0,123.0,0.0789
종근당,9565.3,77.1,86.1,0.1161
SK디스커버리,9560.1,,,
인바디,9544.5,57.2,70.7,0.2349
LG화학우,9449.5,,,
NICE평가정보,9396.4,119.0,131.4,0.1042
한화리츠,9375.1,,,
SNT다이내믹스,9360.6,112.1,135.7,0.2105
STX엔진,9314.4,103.8,119.2,0.1473
파라다이스,9300.0,168.9,203.8,0.2061
알지노믹스,9090.0,,,
세방전지,9078.3,214.0,237.0,0.1075
롯데칠성,9046.9,201.9,227.7,0.1281
SK케미칼,9030.0,7.8,115.4,13.7006
유안타증권,9007.8,,,
GST,8957.0,76.6,94.5,0.2343
카카오게임즈,8891.9,-89.4,50.2,
한샘,8884.1,37.8,44.7,0.1825
경동나비엔,8784.9,237.7,269.3,0.1332
CJ CGV,8759.3,99.6,132.7,0.3324
씨어스,8753.7,63.3,92.1,0.4557
한국금융지주우,8746.4,,,
해성디에스,8738.0,101.7,146.5,0.4396
동국제약,8729.5,111.6,129.2,0.1584
에스앤에스텍,8715.3,58.3,,
디아이,8659.8,103.0,124.2,0.2054
차바이오텍,8646.5,,,
GS피앤엘,8636.3,134.1,155.5,0.1596
샘씨엔에스,8623.2,34.8,47.0,0.3506
지역난방공사,8603.0,510.6,424.6,-0.1684
지엔씨에너지,8602.8,41.5,73.2,0.766
빙그레,8601.7,106.0,125.0,0.1792
큐리언트,8590.3,,,
신성델타테크,8561.2,,,
인제니아테라퓨틱스(Reg.S),8529.2,,,
삼표시멘트,8525.4,124.0,130.0,0.0484
로보스타,8492.2,,,
제이앤티씨,8417.0,54.0,163.7,2.0315
유일로보틱스,8364.8,,,
휴림로봇,8345.2,,,
덕산네오룩스,8318.4,90.2,104.1,0.1545
레이크머티리얼즈,8301.8,24.0,,
SFA반도체,8214.8,-1.1,85.2,
쎄트렉아이,8191.6,20.5,42.6,1.0805
클로봇,8096.0,13.0,,
루닛,8086.2,-29.1,-5.3,
LS머트리얼즈,8010.1,16.6,,
SGC에너지,7838.7,164.4,175.6,0.0679
HS효성첨단소재,7804.1,236.4,278.7,0.1792
SFA,7774.2,124.7,178.2,0.4293
CJ ENM,7773.9,132.4,211.5,0.5966
와이지엔터테인먼트,7766.1,77.2,70.7,-0.0836
ESR켄달스퀘어리츠,7678.0,,,
피엔티,7640.3,123.5,134.0,0.085
보령,7600.7,80.2,83.0,0.0352
인텔리안테크,7580.7,38.9,59.7,0.5339
스튜디오드래곤,7574.7,47.6,59.1,0.2426
와이씨,7548.2,54.4,72.7,0.3372
이노션,7544.0,185.3,195.9,0.0571
미래에셋벤처투자,7537.8,,,
SK오션플랜트,7497.4,70.2,110.5,0.5751
SNT홀딩스,7402.0,317.0,349.0,0.1009
영풍,7345.9,,,
원익QnC,7281.8,111.3,146.9,0.3195
에스디바이오센서,7281.2,-29.1,-8.8,
다우데이타,7273.2,,,
솔브레인홀딩스,7248.2,,,
제룡전기,7228.1,,,
서부T&D,7154.0,84.7,99.0,0.1692
씨엠티엑스,7115.3,68.9,102.7,0.491
큐리옥스바이오시스템즈,7087.7,-12.2,,
성광벤드,7077.5,47.1,63.3,0.3449
OCI,7018.8,164.8,188.1,0.1412
케이엠더블유,6986.9,-8.8,63.5,
와이지-원,6914.3,,,
선익시스템,6846.3,92.6,139.3,0.504
비에이치,6826.6,96.8,131.2,0.3547
SNT모티브,6820.8,108.2,122.3,0.1308
E1,6764.0,140.5,433.5,2.0854
LF,6754.4,166.4,172.4,0.0361
맵스리얼티,6702.6,,,
티엘비,6660.1,55.4,79.9,0.4429
명인제약,6643.0,,,
TKG휴켐스,6606.0,86.9,89.9,0.0349
안랩,6598.0,,,
동운아나텍,6555.3,1.5,9.6,5.4
현대바이오,6552.7,,,
케이아이엔엑스,6519.7,30.3,36.5,0.2046
신한알파리츠,6506.6,,,
이엔에프테크놀로지,6501.0,91.5,125.8,0.3751
미원에스씨,6495.0,,,
대한해운,6487.2,246.6,244.9,-0.0065
한국쉘석유,6487.0,,,
롯데손해보험,6486.0,,,
SNT에너지,6483.4,133.0,145.0,0.0902
에이프릴바이오,6462.2,-2.0,14.0,
JW중외제약,6461.8,112.3,121.3,0.0801
자화전자,6449.2,82.4,79.0,-0.0413
대상,6434.1,183.1,204.4,0.1166
온코닉테라퓨틱스,6379.8,27.1,45.5,0.674
금호건설,6371.5,68.5,95.3,0.3902
금양,6332.8,,,
파미셀,6330.4,59.8,91.3,0.5262
솔루엠,6259.1,90.2,117.1,0.2975
동아쏘시오홀딩스,6241.1,109.4,119.9,0.0965
동원시스템즈,6233.1,97.9,95.0,-0.0296
태웅,6202.3,31.1,47.8,0.537
지투지바이오,6186.1,,,
카프로,6185.4,,,
LX홀딩스,6163.5,169.5,178.5,0.0531
코미팜,6147.4,,,
펌텍코리아,6138.0,65.9,76.5,0.1596
에이치브이엠,6098.4,17.5,29.7,0.6996
현대그린푸드,6068.9,138.8,149.8,0.0794
코나아이,6029.2,118.3,141.8,0.1982
넥슨게임즈,6006.4,54.0,73.0,0.3519
태광,5988.3,48.2,82.0,0.7012
대한유화,5980.0,175.9,222.7,0.2659
쏠리드,5972.4,40.8,51.6,0.2663
에스티큐브,5955.3,,,
필옵틱스,5954.3,4.3,33.0,6.6744
LX세미콘,5928.3,74.5,77.5,0.0396
넥센타이어,5908.9,177.2,213.0,0.202
SFA넥셀,5888.0,,,
삼지전자,5874.7,,,
GKL,5857.7,70.6,80.3,0.1377
나노신소재,5842.9,13.0,22.4,0.7231
메디톡스,5824.2,33.4,39.5,0.1841
한화머시너리앤서비스홀딩스,5823.1,,,
DI동일,5810.7,12.3,20.9,0.6992
세아홀딩스,5807.6,205.0,251.0,0.2244
한일홀딩스,5799.4,,,
미원상사,5778.0,,,
가비아,5770.9,,,
한화3우B,5709.2,,,
세미파이브,5655.0,-2.1,26.1,
SK증권,5620.5,,,
세진중공업,5616.7,79.9,91.0,0.1389
앱클론,5586.6,,,
F&F홀딩스,5573.8,,,
부국증권,5568.6,,,
PI첨단소재,5559.0,68.2,75.4,0.1048
코스모로보틱스,5558.8,,,
위메이드,5557.4,47.0,93.0,0.9787
지아이이노베이션,5516.1,,,
한국단자,5502.6,141.2,153.0,0.0836
전진건설로봇,5450.3,29.9,35.1,0.1776
엔켐,5444.9,,,
신풍제약,5441.0,,,
KG스틸,5440.5,135.3,160.5,0.1862
프로텍,5391.0,73.4,83.6,0.139
CJ4우(전환),5388.8,,,
풍산홀딩스,5327.2,142.2,121.8,-0.1438
젬백스,5299.0,,,
아이센스,5291.3,14.2,23.8,0.6702
아이티센글로벌,5267.4,398.0,422.0,0.0603
솔루스첨단소재,5265.9,-75.3,28.8,
KG모빌리티,5261.7,36.1,85.3,1.3629
쿠쿠홈시스,5250.3,,,
한양이엔지,5250.0,,,
NHN KCP,5232.9,62.0,71.0,0.1455
서울반도체,5218.3,16.1,34.0,1.1118
일동제약,5217.1,35.8,42.9,0.1983
미코,5209.7,,,
인카금융서비스,5187.5,126.7,,
가온칩스,5170.5,8.7,,
마키나락스,5157.8,,,
현대힘스,5131.3,37.0,62.0,0.6757
동국제강,5104.7,123.5,148.5,0.2028
동성화인텍,5098.2,99.0,124.0,0.2525
하이젠알앤엠,5087.3,0.6,,
하나투어,5049.7,52.5,67.9,0.292
애경케미칼,5006.0,,,
토모큐브,4986.2,0.1,11.1,110.0
SOOP,4977.2,93.1,102.0,0.0956
대신증권우,4962.0,,,
로킷헬스케어,4936.7,-7.4,,
태영건설,4934.0,,,
삼천리,4921.5,178.8,180.9,0.0117
에코프로에이치엔,4918.6,33.0,55.0,0.6677
삼성FN리츠,4880.3,,,
엠앤씨솔루션,4860.7,63.6,84.7,0.3318
바이오노트,4854.9,,,
대덕,4849.5,,,
현대차증권,4847.7,,,
삼양사,4847.3,,,
포스코엠텍,4805.6,,,
비나텍,4789.3,6.2,21.6,2.4839
아모레퍼시픽우,4777.4,,,
유진로봇,4764.1,,,
브이티,4745.1,71.0,87.0,0.2254
성우하이텍,4736.0,,,
월덱스,4730.4,,,
삼양홀딩스,4727.8,,,
고려제강,4716.9,,,
아이에스동서,4712.2,199.8,217.5,0.0885
아이쓰리시스템,4669.3,19.6,28.3,0.4476
디어유,4667.0,39.0,45.2,0.1593
피노,4666.0,,,
녹십자홀딩스,4632.3,,,
NICE,4631.4,,,
한국기업평가,4631.3,,,
원텍,4624.7,57.0,66.0,0.1579
뉴파워프라즈마,4622.7,69.2,82.0,0.1851
타이거일렉,4571.5,22.4,29.6,0.3214
한컴,4468.4,49.1,59.1,0.2036
예스티,4407.3,26.6,66.8,1.5157
NH투자증권우,4378.1,,,
슈프리마,4372.9,36.8,43.7,0.1884
농심홀딩스,4368.8,,,
천보,4337.6,-13.6,16.9,
성일하이텍,4335.0,10.3,24.1,1.3237
노타,4332.0,-4.0,2.0,
에프에스티,4327.8,23.1,37.1,0.6061
조광피혁,4321.9,,,
유니드,4297.4,98.8,112.5,0.1388
쏘카,4294.8,30.0,38.2,0.2733
카페24,4279.5,40.5,52.5,0.2963
아세아,4272.1,,,
메가스터디교육,4265.3,119.7,123.0,0.028
서희건설,4224.4,,,
신대양제지,4219.2,,,
덕산하이메탈,4207.5,32.8,54.5,0.6606
KPX홀딩스,4178.2,,,
인벤티지랩,4172.0,,,
네오위즈,4171.5,38.5,51.4,0.3343
이녹스첨단소재,4166.9,51.9,72.8,0.4027
유진투자증권,4165.3,,,
DB증권,4159.7,,,
광전자,4154.6,,,
세아제강지주,4149.9,152.5,351.6,1.3056
명신산업,4145.1,116.5,138.5,0.1888
국일제지,4143.2,,,
원익머트리얼즈,4141.7,69.8,87.4,0.2516
현대차3우B,4131.2,,,
케이씨,4121.7,,,
삼영무역,4118.1,,,
흥아해운,4116.1,,,
큐로셀,4103.7,-25.9,12.0,
드림텍,4091.6,40.2,63.6,0.5816
동화기업,4074.9,-1.1,8.5,
한화갤러리아,4071.1,,,
엠케이전자,4069.5,48.4,88.1,0.8202
컴투스,4068.7,31.8,41.1,0.2933
코람코라이프인프라리츠,4058.9,,,
프레스티지바이오파마,4038.5,,,
감성코퍼레이션,4030.4,57.0,71.1,0.2461
한솔테크닉스,4026.5,88.6,,
에이디테크놀로지,4018.4,20.9,41.7,0.9952
부광약품,4010.7,,,
파이버프로,3985.2,17.6,,
KCC글라스,3984.6,46.1,77.6,0.6833
코스모화학,3979.1,,,
율촌화학,3970.5,13.1,45.4,2.4656
자이에스앤디,3936.4,56.0,100.3,0.792
세아제강,3928.3,98.7,116.5,0.1803
하이록코리아,3912.9,65.8,75.8,0.1503
네오셈,3904.4,27.5,40.5,0.4727
신도리코,3900.9,,,
한국피아이엠,3899.8,4.4,7.1,0.6136
삼양바이오팜,3874.1,,,
한전산업,3866.4,,,
KISCO홀딩스,3863.1,-13.0,14.0,
메디포스트,3861.7,,,
일진하이솔루스,3849.2,-4.1,1.6,
우리기술투자,3847.2,,,
아주IB투자,3834.3,,,
INVENI,3828.6,,,
인텍플러스,3822.5,6.5,39.3,5.0431
제이에스코퍼레이션,3815.7,176.7,188.6,0.0673
아난티,3794.7,,,
웹젠,3793.4,22.4,26.4,0.1786
제주은행,3787.4,,,
아세아시멘트,3756.1,78.9,118.9,0.5068
엘티씨,3755.5,65.0,107.6,0.6554
티에프이,3753.5,34.8,47.5,0.3649
HLB이노베이션,3743.7,-35.0,-34.0,
PS일렉트로닉스,3713.6,30.8,40.4,0.3117
글로벌텍스프리,3696.9,35.0,40.7,0.1629
BGF,3694.7,59.0,65.0,0.1017
현대퓨처넷,3691.0,,,
국도화학,3685.8,89.5,94.8,0.0587
한세실업,3680.0,89.9,105.6,0.1743
메카로,3669.4,,,
풀무원,3663.4,115.1,135.9,0.181
에이스침대,3659.7,,,
파인엠텍,3657.8,31.4,53.4,0.7018
신세계인터내셔날,3649.0,56.2,70.0,0.245
네패스,3622.6,41.0,52.2,0.2716
큐렉소,3622.6,5.3,7.7,0.4528
동아에스티,3609.0,40.6,42.5,0.0443
한국철강,3604.9,-11.0,9.0,
HL홀딩스,3599.8,114.5,122.4,0.0692
LS증권,3550.8,,,
시노펙스,3548.3,8.5,11.1,0.3059
켐트로닉스,3546.9,46.7,63.0,0.348
삼립,3546.5,96.6,104.0,0.0766
제주항공,3544.2,9.0,60.6,5.7317
코세스,3507.7,,,
디케이티,3480.2,33.3,58.1,0.744
삼성SDI우,3470.4,,,
삼성물산우B,3456.2,,,
다날,3434.3,9.1,12.0,0.32
콜마홀딩스,3429.6,,,
엔젤로보틱스,3401.8,,,
툴젠,3392.1,,,
네오팜,3389.9,32.1,37.0,0.1526
빛과전자,3386.4,,,
현대코퍼레이션,3380.0,197.1,191.0,-0.0306
SIMPAC,3333.9,,,
아세아제지,3333.5,,,
신성이엔지,3330.2,20.2,36.2,0.7921
엠씨넥스,3327.2,42.6,52.4,0.2308
싸이맥스,3315.5,35.9,45.7,0.273
넥스트바이오메디컬,3315.1,-4.5,-0.3,
인화정공,3312.9,,,
한섬,3307.5,92.6,104.0,0.1231
넥스틸,3297.1,,,
오이솔루션,3286.3,4.1,22.0,4.3659
에스티아이,3279.7,75.1,130.6,0.739
티로보틱스,3261.9,,,
넥스틴,3253.1,21.4,39.2,0.8318
보성파워텍,3252.4,,,
코오롱,3239.8,311.1,380.5,0.2231
스틱인베스트먼트,3237.4,,,
남해화학,3234.1,,,
넥센,3205.2,,,
유바이오로직스,3193.8,45.0,43.5,-0.0333
한국자산신탁,3187.8,40.0,66.0,0.65
휴온스,3186.6,49.0,55.6,0.1347
GRT,3186.1,,,
진성티이씨,3170.5,51.0,64.7,0.2686
엑스게이트,3165.5,,,
덴티움,3165.0,86.2,106.0,0.2297
지노믹트리,3157.1,,,
퍼시스,3151.0,,,
휴온스글로벌,3146.0,,,
일진홀딩스,3138.5,,,
서연이화,3138.0,,,
RF머트리얼즈,3134.8,18.1,26.1,0.4446
광동제약,3132.4,,,
신라젠,3117.5,,,
애경산업,3103.2,18.3,24.0,0.3115
한중엔시에스,3095.7,14.3,28.7,1.007
JW홀딩스,3090.1,,,
동국홀딩스,3089.9,38.0,47.0,0.2368
한스바이오메드,3087.6,18.7,33.2,0.7792
한라캐스트,3073.5,12.0,17.0,0.4167
한양디지텍,3048.9,,,
HLB생명과학,3047.9,,,
케이카,3041.5,76.1,83.8,0.1012
LX하우시스,3040.0,133.6,123.0,-0.0792
HEM파마,3039.3,11.8,41.5,2.5169
폰드그룹,3028.3,77.9,90.8,0.1656
한국정보통신,3014.3,,,
한국화장품제조,3013.8,,,
에이블씨엔씨,3007.2,36.4,45.3,0.2445
제이브이엠,2998.3,38.6,41.3,0.0686
진에어,2996.3,-29.7,79.9,
수산인더스트리,2992.9,49.4,55.5,0.1235
휴메딕스,2992.8,45.8,50.5,0.1034
한라IMS,2978.8,28.3,34.9,0.2332
이수화학,2971.2,,,
노바렉스,2970.1,54.2,62.6,0.155
네패스아크,2966.8,26.4,44.1,0.6692
에이플러스에셋,2961.6,35.1,,
AP시스템,2959.0,65.5,74.1,0.1313
DB,2955.2,,,
대한제강,2952.5,23.5,33.5,0.4255
인탑스,2952.1,18.6,28.9,0.5606
한양증권,2946.3,,,
KG케미칼,2935.0,,,
한국토지신탁,2926.4,37.3,49.1,0.3164
두산2우B,2920.2,,,
이뮨온시아,2916.1,,,
한국알콜,2912.9,,,
유나이티드제약,2905.3,47.0,49.0,0.0425
디아이티,2889.8,,,
하림,2888.9,,,
SAMG엔터,2883.6,31.2,37.8,0.2115
대상홀딩스,2882.5,,,
이지홀딩스,2880.6,199.2,204.5,0.0266
셀바스AI,2874.5,22.4,,
TYM,2864.9,83.3,,
프로티나,2858.1,-2.1,7.0,
삼양엔씨켐,2852.0,25.3,35.9,0.419
바텍,2844.6,53.9,64.0,0.1894
TCC스틸,2844.2,-5.9,28.0,
마녀공장,2837.7,,,
트리니티항공,2833.4,-145.5,53.5,
씨앤씨인터내셔널,2821.4,21.1,23.9,0.1327
파트론,2820.0,38.4,44.7,0.1639
골프존홀딩스,2818.7,,,
매커스,2814.8,33.8,37.7,0.1154
사조대림,2813.5,,,
S-Oil우,2807.3,,,
이지스밸류플러스리츠,2798.8,,,
CJ프레시웨이,2783.9,102.0,116.0,0.1374
KG에코솔루션,2775.3,,,
서울바이오시스,2775.0,,,
KG이니시스,2774.7,103.8,122.8,0.1827
한텍,2774.7,39.4,40.0,0.0152
서울가스,2772.0,,,
HLB제약,2751.9,,,
스맥,2750.2,,,
위메이드맥스,2740.4,,,
일성아이에스,2733.2,,,
광주신세계,2722.9,,,
송원산업,2719.2,,,
아이엠바이오로직스,2718.1,,,
포스코스틸리온,2718.0,27.5,31.5,0.1455
제우스,2717.1,47.0,64.0,0.3617
한솔아이원스,2713.0,42.7,61.3,0.4356
오킨스전자,2708.1,27.6,55.0,0.9946
아이마켓코리아,2707.7,68.0,78.0,0.1471
인투셀,2704.0,,,
DXVX,2697.0,,,
롯데이노베이트,2694.5,44.9,55.9,0.2457
티앤엘,2690.4,68.6,82.5,0.2015
아이티켐,2684.4,,,
화신,2671.4,99.7,127.0,0.2738
엔케이젠바이오텍코리아,2655.0,,,
퍼스텍,2648.3,,,
케이프,2647.8,,,
매일유업,2647.8,74.4,79.6,0.0699
대원강업,2613.3,,,
유진기업,2601.5,,,
에이유브랜즈,2600.9,22.8,25.0,0.0965
콜마비앤에이치,2600.3,43.3,36.8,-0.1501
더블유씨피,2599.2,-41.8,26.8,
삼양컴텍,2592.1,32.5,38.5,0.1846
키다리스튜디오,2590.8,,,
데브시스터즈,2589.6,-39.1,8.4,
비츠로넥스텍,2584.7,,,
한국공항,2571.1,,,
우진,2569.1,20.3,21.2,0.0443
비덴트,2563.1,,,
아스플로,2562.9,,,
나이스정보통신,2561.7,64.3,70.3,0.0933
대명에너지,2554.9,33.9,36.2,0.0678
세방,2542.4,,,
큐에이드,2531.9,,,
사조산업,2510.0,,,
KH바텍,2509.8,31.9,40.1,0.2582
남양유업,2496.3,,,
코오롱글로벌,2489.0,119.6,145.0,0.2124
티엠씨,2488.9,12.0,17.0,0.4167
대한제당,2488.1,,,
삼진제약,2485.5,27.5,29.3,0.0655
오픈엣지테크놀로지,2476.6,-0.1,7.5,
서흥,2475.8,67.3,74.0,0.0996
바이오다인,2464.5,4.8,15.5,2.2292
펨트론,2460.9,20.3,33.6,0.6552
오로라,2453.9,63.4,87.9,0.3856
강원에너지,2450.3,,,
에어부산,2443.7,39.0,68.0,0.7436
티엑스알로보틱스,2438.2,,,
헥토파이낸셜,2430.9,26.2,30.4,0.1584
일신방직,2426.9,,,
현대약품,2422.4,,,
네오티스,2418.2,18.0,34.1,0.8972
선진,2413.6,,,
뉴로메카,2411.1,2.0,3.0,0.5
리파인,2410.6,,,
삼영전자,2410.0,9.4,10.0,0.0638
이노스페이스,2409.0,-34.8,0.3,
바디텍메드,2407.7,,,
아이스크림미디어,2398.3,68.1,,
한선엔지니어링,2398.3,,,
KPX케미칼,2395.2,,,
에스바이오메딕스,2390.3,-8.4,-8.5,
세나테크놀로지,2389.3,40.3,54.4,0.3499
유니슨,2382.2,,,
코스맥스비티아이,2381.8,,,
LIG아큐버,2376.2,19.4,39.1,1.0207
신한서부티엔디리츠,2375.8,,,
씨메스로보틱스,2373.2,-13.2,-4.4,
잇츠한불,2370.6,,,
BYC,2370.4,,,
LS네트웍스,2360.2,,,
대신밸류리츠,2349.4,,,
다올투자증권,2348.1,,,
미창석유,2345.1,,,
대원산업,2338.4,,,
제이알글로벌리츠,2333.0,,,
피에이치에이,2326.8,51.0,54.4,0.0667
더본코리아,2320.6,,,
인피니트헬스케어,2320.1,,,
흥국화재,2319.2,,,
디지털대성,2313.7,44.6,49.8,0.1163
엘브이엠씨홀딩스,2313.1,,,
골프존,2312.5,38.0,51.8,0.3632
지씨셀,2311.6,-12.9,,
아스테라시스,2306.6,4.5,19.3,3.3371
케이티알파,2303.9,,,
유니셈,2302.9,28.0,42.2,0.5071
대동,2291.7,,,
제닉,2287.0,24.6,38.7,0.5732
한진,2285.9,40.0,122.0,2.05
뷰웍스,2278.7,38.2,42.5,0.1124
삼부토건,2277.9,,,
저스템,2275.5,29.3,38.3,0.3063
LB세미콘,2273.9,33.7,50.7,0.5045
바이넥스,2268.3,-4.4,10.0,
미원화학,2267.4,,,
미래반도체,2262.4,23.5,25.2,0.0723
SBS,2259.5,12.8,40.4,2.1544
케이엔제이,2259.1,32.0,,
서호전기,2258.3,,,
모토닉,2258.1,,,
필에너지,2255.3,,,
미래나노텍,2254.4,,,
SK우,2253.2,,,
덕산테코피아,2252.4,1.2,37.2,30.0
한미글로벌,2251.8,31.6,42.7,0.3534
경방,2248.1,,,
비츠로테크,2248.0,,,
강스템바이오텍,2247.9,,,
PKC,2246.9,18.6,20.8,0.1183
바이오플러스,2246.8,36.1,50.7,0.4044
KSS해운,2239.7,,,
노루홀딩스,2236.9,67.0,71.0,0.0597
에스비비테크,2232.3,-5.1,-3.8,
사피엔반도체,2229.0,2.4,16.8,6.1489
LG생활건강우,2226.2,,,
채비,2223.1,,,
디아이씨,2220.5,,,
무학,2217.3,,,
코텍,2207.8,,,
JTC,2204.4,81.2,,
세보엠이씨,2198.5,55.9,58.0,0.0376
나우로보틱스,2197.2,,,
아이씨티케이,2197.1,-2.0,8.4,
큐라클,2193.5,-13.6,,
KB스타리츠,2189.1,,,
에스엔시스,2170.4,21.0,27.6,0.3143
상아프론테크,2169.7,11.0,17.7,0.6091
아리바이오홀딩스,2161.8,,,
GS글로벌,2150.0,48.7,63.0,0.2936
페니트리움바이오,2146.5,,,
칩스앤미디어,2144.1,7.0,9.3,0.3286
CR홀딩스,2138.2,,,
백산,2137.3,60.6,67.9,0.1205
솔트룩스,2135.9,,,
덕양에너젠,2131.8,,,
아스트,2131.1,,,
천일고속,2128.1,,,
슈어소프트테크,2127.6,,,
효성화학,2123.4,,,
휴스틸,2121.1,,,
LG우,2119.9,,,
에코아이,2118.6,,,
에이팩트,2118.1,,,
한국캐피탈,2114.6,,,
상신이디피,2111.2,26.9,41.4,0.5372
그래피,2109.9,0.3,8.3,26.6667
DSC인베스트먼트,2109.4,,,
오리엔탈정공,2096.4,40.2,44.2,0.0995
우리로,2088.3,,,
이지바이오,2084.2,52.5,54.3,0.0343
KBI메탈,2076.0,,,
삼영,2067.2,26.8,,
옵티코어,2066.6,,,
한농화성,2064.1,,,
영진약품,2053.9,,,
우주일렉트로,2046.8,,,
성신양회,2042.2,39.0,47.0,0.2051
코오롱생명과학,2042.1,,,
이리츠코크렙,2033.3,,,
삼목에스폼,2033.0,,,
DS단석,2031.6,,,
동원개발,2025.0,21.0,25.0,0.1905
에치에프알,2024.3,-0.7,49.5,
진양홀딩스,2022.4,,,
클리오,2022.2,24.6,25.0,0.0183
티이엠씨,2010.3,30.3,37.0,0.2211
해성산업,2008.5,,,
갤럭시아머니트리,2004.6,,,
엑시콘,2003.3,19.0,34.8,0.833
드림시큐리티,1999.5,,,
마이크로컨텍솔,1995.1,17.8,19.5,0.0955
에이직랜드,1995.0,5.0,9.2,0.84
와이씨켐,1993.8,9.5,21.4,1.2526
대한제분,1990.8,,,
YG PLUS,1986.3,,,
이랜시스,1984.3,,,
엠로,1975.6,1.6,10.3,5.4375
쿠콘,1969.9,20.0,21.1,0.055
퓨쳐켐,1966.9,,,
HDC랩스,1962.4,35.3,40.0,0.1331
종근당홀딩스,1958.9,47.7,55.0,0.153
스카이라이프,1957.9,40.0,51.8,0.2934
이랜텍,1957.5,54.6,,
동아지질,1957.1,,,
KZ정밀,1954.6,,,
디앤디플랫폼리츠,1953.6,,,
메가터치,1948.3,,,
환인제약,1941.8,24.6,28.9,0.1748
네오위즈홀딩스,1937.9,,,
AJ네트웍스,1936.8,82.8,95.8,0.1577
쓰리빌리언,1934.8,-3.6,4.4,
에스엠벡셀,1933.6,4.5,,
심텍홀딩스,1928.2,,,
금화피에스시,1926.0,,,
교촌에프앤비,1918.7,32.0,42.3,0.3219
코메론,1918.2,18.3,18.6,0.0164
티쓰리,1911.3,20.5,23.4,0.1415
에프앤가이드,1908.9,29.3,36.4,0.2423
에브리봇,1902.3,,,
아이티엠반도체,1898.6,3.8,26.2,5.8947
계룡건설,1897.8,178.0,213.0,0.1966
나무가,1891.7,15.1,27.8,0.8411
듀켐바이오,1886.0,8.2,10.5,0.2805
코난테크놀로지,1883.9,,,
대성에너지,1883.8,,,
카나프테라퓨틱스,1879.4,,,
헥토이노베이션,1878.8,58.8,76.4,0.2993
도우인시스,1877.0,14.9,30.5,1.047
동성케미컬,1874.8,,,
현대사료,1873.4,,,
대신증권2우B,1873.3,,,
하이트진로홀딩스,1868.1,,,
신흥에스이씨,1856.6,21.3,32.4,0.5211
이연제약,1849.4,,,
SJG세종,1847.7,91.0,101.1,0.111
서연,1845.5,,,
유니테스트,1842.9,23.9,63.0,1.6339
대성산업,1836.6,,,
한세예스24홀딩스,1832.0,106.3,,
사람인,1829.9,,,
티씨머티리얼즈,1829.0,,,
한국정보인증,1828.6,,,
DMS,1828.2,,,
BGF에코머티리얼즈,1826.5,,,
그린광학,1825.6,5.4,,
석경에이티,1824.7,11.0,25.0,1.2727
신세계 I&C,1817.5,,,
대원제약,1816.6,19.4,34.5,0.7758
잉글우드랩,1815.9,31.0,,
알멕,1815.2,14.9,32.5,1.175
대아티아이,1811.2,,,
사조씨푸드,1807.9,,,
국보디자인,1807.5,,,
JW생명과학,1803.6,35.6,38.9,0.0927
HLB테라퓨틱스,1802.6,,,
경농,1800.0,,,
슈피겐코리아,1799.6,,,
아모텍,1797.3,9.2,29.8,2.2568
HS효성,1794.0,,,
한솔제지,1792.2,118.8,122.7,0.0328
HB테크놀러지,1790.3,,,
신성에스티,1789.0,3.0,26.0,7.6667
화승엔터프라이즈,1787.4,55.9,79.7,0.4251
바이오니아,1783.5,,,
우양피앤엘,1782.8,,,
코스맥스엔비티,1780.2,37.0,48.6,0.3131
방림,1778.9,,,
한국비엔씨,1778.3,,,
SP삼화,1770.9,,,
미래산업,1763.9,,,
대화제약,1759.3,,,
나이벡,1757.5,,,
도화엔지니어링,1756.8,,,
매드업,1741.6,,,
DH오토넥스,1740.4,,,
일진파워,1737.1,,,
지어소프트,1736.2,,,
현대비앤지스틸,1731.0,,,
이크레더블,1729.5,17.0,18.6,0.0941
베뉴지,1728.0,,,
셀비온,1725.4,,,
유수홀딩스,1718.8,,,
유화증권,1718.1,,,
메디아나,1716.6,21.7,37.1,0.7097
아나패스,1709.4,43.4,68.3,0.5737
비보존 제약,1709.3,,,
더핑크퐁컴퍼니,1707.8,26.0,39.9,0.5346
앤로보틱스,1703.2,,,
모베이스전자,1695.4,,,
안트로젠,1694.0,,,
지누스,1690.5,-67.0,14.0,
에스앤디,1686.5,49.0,40.4,-0.1755
디오,1686.4,25.9,35.6,0.3772
모두투어,1685.9,5.1,18.7,2.6667
안국약품,1683.8,,,
동부건설,1675.1,70.3,84.3,0.1991
EDGC,1671.2,,,
레드캡투어,1665.4,,,
대창단조,1663.9,,,
SM C&C,1662.5,,,
디바이스,1656.5,,,
삼익THK,1656.0,,,
SYTS,1650.0,,,
대양전기공업,1649.4,29.3,31.3,0.0683
지놈앤컴퍼니,1648.0,,,
니어스랩,1646.6,,,
금호전기,1646.0,,,
빅솔론,1644.9,,,
엠아이텍,1644.2,,,
강남제비스코,1638.0,,,
아이디스,1637.5,,,
아바코,1636.5,35.0,37.0,0.0571
해태제과식품,1636.4,,,
유니퀘스트,1635.1,,,
제일일렉트릭,1633.2,27.7,,
비엠티,1630.8,,,
웅진,1626.5,,,
에이치엠넥스,1623.1,,,
제테마,1622.0,13.1,17.6,0.3435
대한약품,1620.0,34.7,36.1,0.0403
일양약품,1614.6,,,
인터플렉스,1614.3,21.8,30.2,0.3853
CJ제일제당 우,1614.2,,,
코리아에프티,1612.0,60.6,69.0,0.1386
인터로조,1605.9,29.7,37.8,0.2741
제일약품,1601.4,,,
피델릭스,1597.0,,,
버킷스튜디오,1596.4,,,
KG파이낸셜,1592.7,35.2,39.6,0.125
코다코,1592.0,,,
코스텍시스,1590.7,9.5,20.1,1.1158
아가방컴퍼니,1590.1,,,
미래에셋증권우,1588.9,,,
오르비텍,1587.8,,,
노루페인트,1586.0,,,
바이오비쥬,1586.0,10.8,8.4,-0.2222
하이비젼시스템,1583.9,23.8,44.7,0.8768
녹십자웰빙,1582.6,25.9,31.0,0.1969
GC메디아이,1579.0,,,
유비쿼스홀딩스,1577.9,,,
메가스터디,1577.1,,,
스트라드비젼,1571.7,,,
아이엘,1570.8,7.0,,
흥구석유,1570.5,,,
케이엔알시스템,1567.6,,,
헬릭스미스,1567.2,,,
동국씨엠,1566.7,39.0,45.0,0.1538
압타바이오,1564.8,,,
아이디스홀딩스,1559.4,,,
NH올원리츠,1557.2,,,
SG,1552.5,,,
푸른저축은행,1552.0,,,
에이스테크,1551.7,,,
경동제약,1550.7,,,
와이솔,1550.4,-4.1,13.0,
조선내화,1549.5,,,
바이오솔루션,1547.7,-1.0,7.0,
금호석유화학우,1545.0,,,
프레스티지바이오로직스,1544.2,,,
아모레퍼시픽홀딩스3우C,1542.6,,,
에스오에스랩,1541.7,,,
알루코,1541.5,55.9,73.9,0.322
CJ우,1537.0,,,
와이바이오로직스,1533.6,-8.0,,
삼미금속,1526.0,8.0,,
폴라리스오피스,1525.3,,,
동양이엔피,1521.7,58.7,,
한국주철관,1520.8,,,
하나제약,1514.3,27.1,28.1,0.0369
대한화섬,1513.9,,,
롯데하이마트,1510.9,10.9,25.5,1.3288
유비쿼스,1506.1,,,
우양에이치씨,1501.2,,,
멀티캠퍼스,1496.5,,,
미원홀딩스,1494.1,,,
유성티엔에스,1488.3,,,
삼화전기,1484.8,41.2,,
신라교역,1483.2,,,
티케이케미칼,1477.1,,,
삼양패키징,1476.7,,,
시너지이노베이션,1475.8,,,
윤성에프앤씨,1466.5,,,
엘오티베큠,1465.8,,,
디엔에프,1463.8,,,
쎌바이오텍,1462.6,,,
크레오에스지,1455.5,,,
나노엔텍,1455.2,6.0,,
지앤비에스 에코,1441.9,28.0,37.1,0.325
동화약품,1441.3,,,
와이엠티,1435.7,,,
더즌,1435.1,,,
매일홀딩스,1433.6,,,
슈프리마에이치큐,1432.7,4.7,5.2,0.1064
재영솔루텍,1429.9,,,
한국석유,1428.1,24.7,25.1,0.0162
이구산업,1424.6,,,
지투파워,1421.9,13.3,11.0,-0.1729
아이패밀리에스씨,1419.6,23.0,25.0,0.087
자람테크놀로지,1415.5,,4.0,
텔레칩스,1413.0,15.7,24.0,0.5287
제이오,1412.0,,,
켄코아에어로스페이스,1411.9,-7.3,,
티움바이오,1410.3,,,
태경산업,1405.9,,,
삼보판지,1405.5,,,
아이비김영,1402.3,22.5,24.9,0.1067
제이엘케이,1402.1,,,
만호제강,1397.6,,,
동국산업,1396.8,,,
인선이엔티,1396.5,,,
씨피시스템,1395.5,4.0,5.8,0.45
효성ITX,1393.9,,,
한솔홀딩스,1392.9,32.0,44.9,0.4031
애니플러스,1390.1,32.2,45.0,0.3975
한진중공업홀딩스,1387.9,,,
나우IB,1379.3,,,
에스텍,1374.7,,,
이수앱지스,1372.1,,,
범한퓨얼셀,1370.2,4.0,10.0,1.5
아이텍,1369.4,1.3,,
화승인더,1369.2,,,
동성제약,1369.1,,,
네오오토,1368.9,,,
모다이노칩,1366.4,,,
화신정공,1365.4,,,
메쎄이상,1361.8,22.9,28.9,0.262
지니언스,1352.9,11.6,13.1,0.1293
남선알미늄,1348.9,,,
일진다이아,1347.9,,,
한신공영,1338.7,,,
제룡산업,1338.0,,,
고려신용정보,1337.0,18.0,18.0,0.0
신원,1335.9,,,
마크로젠,1335.7,12.4,26.9,1.1694
경보제약,1334.0,,,
KT나스미디어,1333.8,23.9,28.5,0.1925
우진엔텍,1332.6,,,
케이알엠,1330.2,,,
삼일제약,1329.7,-7.7,0.6,
플리토,1327.0,,,
한독,1325.4,,,
링크솔루션,1323.0,-2.1,9.2,
화승코퍼레이션,1321.4,,,
이엘씨,1321.3,,,
시스웍,1320.9,,,
선광,1320.0,,,
경인양행,1317.2,,,
솔본,1316.7,,,
디씨엠,1313.3,,,
윈스테크넷,1311.5,,,
신흥,1310.4,,,
라이콤,1307.2,,,
아크릴,1304.9,1.8,6.8,2.7778
에코앤드림,1298.4,,,
동방메디컬,1297.9,23.4,29.9,0.2778
큐알티,1292.8,16.2,26.5,0.6358
퓨릿,1292.6,21.5,26.0,0.2093
알에스오토메이션,1290.4,,,
코칩,1288.3,,,
경동도시가스,1288.1,,,
레메디,1279.6,,,
제노코,1279.4,1.9,4.9,1.5789
넥써쓰,1278.6,,,
오로스테크놀로지,1272.9,1.5,26.8,16.8667
메쥬,1272.8,,,
토니모리,1272.5,20.7,28.5,0.3768
져스텍,1271.3,,,
신화프리텍,1266.1,,,
LG헬로비전,1262.4,33.7,44.1,0.3076
HDC현대EP,1260.0,,,
이지스레지던스리츠,1259.0,,,
금강공업,1258.2,,,
코맥스,1256.9,,,
디와이파워,1256.5,,,
나무에이엑스,1256.2,,,
HB솔루션,1254.4,,,
삼성제약,1253.3,,,
씨앤지하이테크,1252.1,21.3,29.1,0.3662
쇼박스,1248.8,,,
상상인,1247.7,,,
샘표,1246.7,,,
어보브반도체,1244.7,,,
텔코웨어,1244.6,,,
비씨엔씨,1238.8,9.3,16.2,0.7419
새로닉스,1238.6,,,
지씨지놈,1236.9,3.1,6.5,1.0745
성우,1235.2,,,
아진엑스텍,1234.1,,,
킵스파마,1232.8,,,
조일알미늄,1232.1,,,
일승,1229.1,,,
컨텍,1226.5,4.8,14.2,1.9583
노바텍,1223.6,14.2,,
모트렉스,1223.2,51.0,61.3,0.202
엠디바이스,1221.7,,,
JW신약,1221.6,,,
파세코,1220.0,,,
엘케이켐,1219.4,10.8,17.2,0.5899
라온로보틱스,1218.4,,,
신영와코루,1210.5,,,
혜인,1210.3,,,
하이텍팜,1209.0,,,
현대리바트,1208.9,17.6,28.4,0.6154
AP위성,1208.1,8.0,,
제일파마홀딩스,1207.6,,,
KCC건설,1207.0,86.0,93.0,0.0814
KCTC,1206.0,,,
제넥신,1202.3,,,
와이투솔루션,1202.1,,,
토비스,1201.4,78.0,89.5,0.1474
에스투더블유,1198.4,1.3,8.9,5.8462
현대코퍼레이션홀딩스,1196.8,,,
팜스토리,1192.2,,,
엠플러스,1189.2,25.2,,
나라스페이스테크놀로지,1188.3,,,
노머스,1187.3,19.2,25.3,0.3177
리센스메디컬,1186.9,-1.3,6.8,
톱텍,1186.3,,,
티앤알바이오팹,1182.1,,,
KX,1176.5,50.8,55.1,0.0846
유아이엘,1175.1,,,
SV인베스트먼트,1170.3,,,
인천도시가스,1170.2,,,
태림포장,1166.2,,,
넵튠,1163.7,,,
그린케미칼,1161.6,,,
켐트로스,1161.0,,,
플래스크,1160.6,,,
나인테크,1159.8,,,
국전,1158.0,,,
현대이지웰,1146.4,,,
셀레믹스,1145.0,,,
성도이엔지,1140.8,,,
진흥기업,1137.6,,,
고스트스튜디오,1136.4,,,
도이치모터스,1135.2,,,
그래디언트,1135.1,,,
유니트론텍,1135.1,66.6,,
그린리소스,1134.7,,,
엔에프씨,1134.3,17.9,22.2,0.2437
수산세보틱스,1133.8,,,
현대에버다임,1131.2,,,
퀄리타스반도체,1129.3,,,
디와이,1129.1,,,
극동유화,1126.3,,,
아바텍,1124.9,7.4,19.6,1.6486
대성홀딩스,1124.7,,,
한컴위드,1124.5,,,
중앙첨단소재,1123.1,,,
현대바이오랜드,1122.0,,,
동양,1121.6,,,
세명전기,1119.1,,,
피아이이,1118.7,,,
SKAI,1117.0,,,
뷰노,1115.9,4.5,10.0,1.2222
하나기술,1115.3,10.2,18.5,0.8137
코윈테크,1114.4,16.2,21.7,0.3395
핑거,1113.9,7.3,15.9,1.1781
파워로직스,1113.0,,,
NH농우바이오,1112.5,17.0,,
동구바이오제약,1110.1,,,
이노테크,1108.0,15.8,,
바이젠셀,1107.0,,,
엠에스씨,1107.0,,,
에이티넘인베스트,1106.4,,,
NICE인프라,1106.4,38.0,43.7,0.15
세경하이테크,1105.4,8.3,30.4,2.6407
NPC,1105.3,,,
HS화성,1105.3,32.0,31.8,-0.0062
코아스템켐온,1105.0,,,
진로발효,1103.7,,,
라온텍,1103.3,,,
루미르,1101.1,1.9,10.3,4.4211
동남합성,1100.8,,,
경동인베스트,1099.7,,,
씨이랩,1097.7,,,
인포바인,1097.5,,,
그리드위즈,1096.9,5.7,7.4,0.2982
풍원정밀,1096.9,,,
사조동아원,1096.7,,,
GS우,1096.3,,,
STX,1094.9,,,
상상인증권,1094.2,,,
케이엔솔,1093.3,47.8,,
KBI동양철관,1092.7,,,
삼보모터스,1092.7,,,
KEC,1088.1,,,
시지메드텍,1085.3,2.9,7.6,1.6207
우림피티에스,1084.0,,,
레이언스,1081.7,12.3,14.3,0.1626
와이엔텍,1081.1,,,
아로마티카,1076.6,9.5,12.9,0.3579
메타바이오메드,1076.0,22.1,28.1,0.2715
한국무브넥스,1074.9,,,
세아메카닉스,1074.1,7.6,,
다산네트웍스,1072.2,,,
케이엔더블유,1070.1,,,
두올,1065.2,,,
뉴엔AI,1065.0,,,
케이에스피,1063.1,,,
태경비케이,1060.6,,,
한국경제TV,1059.3,,,
CMG제약,1059.1,,,
세원정공,1058.0,,,
대정화금,1057.7,,,
대창,1057.2,,,
푸드나무,1056.7,,,
샘표식품,1055.3,,,
비아트론,1054.0,5.5,,
HS애드,1051.9,,,
씨에스베어링,1051.3,18.1,22.0,0.2155
오늘이엔엠,1050.3,,,
조선선재,1050.1,,,
오스테오닉,1047.5,12.4,17.1,0.3735
청담글로벌,1047.0,27.2,31.0,0.1397
우리손에프앤지,1044.8,,,
야스,1044.6,45.1,,
LB인베스트먼트,1043.6,,,
아톤,1042.9,14.7,18.8,0.2789
한국제지,1042.0,,,
원익,1038.8,,,
디에스케이,1037.4,,,
제이아이테크,1036.0,,,
뉴로핏,1034.5,-14.5,,
삼익악기,1033.9,,,
까뮤이앤씨,1033.7,,,
엠에스오토텍,1032.7,,,
아진산업,1030.3,72.0,95.0,0.3194
세운메디칼,1029.3,,,
아시아나IDT,1029.0,,,
에프엔에스테크,1026.7,18.7,24.7,0.3244
한울소재과학,1026.2,,,
RF시스템즈,1024.9,5.5,9.6,0.7623
옵투스제약,1023.5,,,
크라운제과,1021.9,31.5,35.1,0.1143
무림P&P,1019.7,23.0,24.0,0.0435
나노팀,1018.7,6.5,,
코데즈컴바인,1014.2,,,
한국화장품,1013.9,,,
오상헬스케어,1011.7,,,
스모트로닉,1011.4,,,
KC코트렐,1007.8,,,
탑런토탈솔루션,1002.1,30.0,,
삼성공조,1001.2,,,
케이씨에스,1000.8,,,
AK홀딩스,1000.2,,,
나인앤컴퍼니,996.8,,,
금강철강,995.9,,,
아스타,994.3,,,
스톰테크,994.3,,,
모나용평,994.0,23.7,35.7,0.5063
대성하이텍,991.2,8.0,9.5,0.1875
에이럭스,979.6,9.8,,
NI스틸,978.1,,,
엑셈,976.9,15.3,21.9,0.4314
HL D&I,976.8,108.3,153.0,0.4123
더네이쳐홀딩스,976.4,,,
YTN,975.0,,,
이스트소프트,974.3,,,
링네트,974.1,,,
씨씨에스,973.6,,,
아모그린텍,973.3,14.4,23.2,0.6111
동아엘텍,972.2,,,
세이브존I&C,970.6,,,
박셀바이오,969.8,,,
컴퍼니케이,969.4,,,
엑스페릭스,969.2,,,
원익피앤이,968.1,,,
다원시스,965.5,,,
DL이앤씨2우(전환),964.1,,,
계양전기,962.3,,,
세종텔레콤,959.0,,,
피에스텍,957.9,,,
아남전자,957.9,,,
코람코더원리츠,953.4,,,
와이제이링크,952.8,,,
페이퍼코리아,952.2,,,
황금에스티,952.0,,,
한일사료,949.6,,,
메드팩토,949.4,,,
선진뷰티사이언스,949.4,19.0,,
금양그린파워,949.0,3.0,10.8,2.6
태양금속,945.0,,,
서울옥션,942.0,,,
영보화학,940.0,,,
워트,939.8,5.7,,
에스와이,935.1,,,
벽산,931.4,40.0,,
풍국주정,931.1,,,
폴라리스AI,930.5,,,
이지케어텍,927.5,,,
에이치엔에스하이텍,923.8,,,
위더스제약,921.3,,,
나노,920.6,8.8,11.4,0.3029
하이로닉,918.4,,,
티에이치엔,918.0,,,
웨이비스,917.8,,,
파워넷,915.9,31.0,,
디와이피엔에프,915.1,,,
LS티라유텍,914.7,,,
아이크래프트,914.5,,,
팜스코,912.7,,,
에이치피오,912.6,17.0,26.4,0.5529
리메드,911.8,,,
서원인텍,910.5,,,
한국수출포장,907.8,,,
정상제이엘에스,907.7,11.3,11.5,0.0177
로체시스템즈,907.1,,,
큐브엔터,905.0,18.4,23.7,0.288
부국증권우,904.5,,,
에이엘티,903.2,3.7,,
모비스,902.4,,,
KT밀리의서재,902.0,18.1,21.0,0.1602
KTcs,900.5,,,
아미노로직스,899.9,,,
로젠,898.5,,,
대봉엘에스,898.0,,,
KTis,897.9,,,
블루콤,897.8,,,
위드텍,896.1,,,
폴레드,895.3,,,
웹케시,895.2,14.8,16.8,0.1351
티와이홀딩스,894.9,,,
동신건설,892.1,,,
라온시큐어,890.7,6.3,8.2,0.3016
스톤브릿지벤처스,889.0,,,
일지테크,886.5,,,
오성첨단소재,886.5,,,
젝시믹스,882.9,23.0,27.5,0.1957
디앤씨미디어,881.3,9.4,9.2,-0.0213
삼기에너지솔루션즈,880.8,9.0,13.1,0.4556
삼원강재,878.3,,,
미래컴퍼니,878.3,,,
큐리오시스,874.4,-1.2,4.1,
동일산업,874.3,,,
광무,873.7,,,
크레버스,870.2,,,
빅텍,870.1,,,
차AI헬스케어,870.1,,,
아주스틸,868.1,,,
한빛레이저,863.5,,,
한국첨단소재,862.0,,,
중앙백신,860.0,,,
동국S&C,858.9,2.0,9.0,3.5
엔알비,857.7,13.1,,
대림제지,857.4,,,
동방,857.3,,,
창해에탄올,855.7,,,
지니너스,854.8,,,
인지컨트롤스,853.7,,,
로보로보,853.6,,,
사조오양,851.8,,,
나이스디앤비,851.6,16.2,17.0,0.0494
삼영엠텍,847.6,,,
위닉스,847.2,,,
한국파마,845.3,,,
레이,843.0,7.6,12.9,0.6974
컴투스홀딩스,841.5,,,
지오엘리먼트,841.4,6.1,8.3,0.3607
셀루메드,839.8,,,
크라운해태홀딩스,838.9,,,
테라뷰,838.2,,,
엔지켐생명과학,837.9,,,
MDS테크,836.5,,,
이월드,835.2,,,
드림씨아이에스,834.0,10.0,15.0,0.5
에스트래픽,833.9,,,
동인기연,832.2,30.1,29.9,-0.0061
SK이노베이션우,831.5,,,
이니텍,830.2,,,
삼아제약,830.0,,,
케이옥션,829.7,,,
엠게임,828.8,,,
한국컴퓨터,827.7,,,
조흥,827.4,,,
대한뉴팜,826.8,,,
HLB글로벌,824.8,,,
액스비스,824.2,7.9,,
알서포트,821.4,,,
주성코퍼레이션,818.6,,,
TP,815.5,,,
새빗켐,815.3,,,
아이큐어,815.0,,,
KX하이텍,815.0,23.7,,
조이시티,813.7,22.2,28.0,0.2613
아이앤씨,812.9,,,
DSR제강,812.2,,,
제일엠앤에스,810.6,,,
지에프아이,810.6,,,
아이로보틱스,810.5,,,
쎄니트,810.3,,,
모베이스,810.1,,,
엑세스바이오,809.0,,,
데이타솔루션,808.8,,,
서산,808.0,,,
인트론바이오,807.8,,,
예스24,807.5,,,
SBI인베스트먼트,806.3,,,
기도산업,805.3,,,
일성건설,805.0,,,
대교,804.7,0.3,2.2,6.3333
라파스,803.9,,,
가온그룹,801.5,19.0,25.0,0.3158
테이팩스,799.4,,,
세미티에스,799.0,,,
리드코프,798.9,,,
HRS,798.9,15.0,15.9,0.06
에코플라스틱,798.7,,,
한일철강,798.3,,,
다스코,797.9,,,
테라젠이텍스,796.9,,,
엠오티,796.7,,,
유한양행우,795.8,,,
선바이오,795.1,,,
피스피스스튜디오,794.9,,,
엘앤케이바이오,794.6,,,
우리넷,794.5,8.7,21.7,1.4943
제닉스로보틱스,793.6,,,
싸이토젠,793.3,,,
초록뱀미디어,792.3,,,
마음AI,792.1,,,
포커스에이아이,789.7,,,
남광토건,789.6,,,
두산퓨얼셀1우,788.5,,,
DRB동일,787.3,,,
이상네트웍스,786.8,,,
SK디앤디,785.7,63.3,93.3,0.4747
한솔로지스틱스,785.5,25.7,28.0,0.0895
화천기공,785.4,,,
동국생명과학,785.2,16.2,19.7,0.216
아비코전자,781.6,8.3,11.8,0.4217
액트로,779.0,,,
동일고무벨트,778.4,,,
영화테크,778.2,,,
기가레인,776.7,,,
로스웰,776.5,,,
한국가구,775.5,,,
대림바스,774.0,,,
오파스넷,772.4,,,
APS,771.6,,,
서한,770.8,,,
신스틸,768.0,,,
한울반도체,767.1,,,
CS홀딩스,766.6,,,
서남,764.5,,,
CG인바이츠,764.3,,,
삐아,763.9,,,
케이피에프,762.8,,,
동방아그로,762.6,,,
아이씨디,761.5,,,
테라사이언스,761.1,,,
삼호개발,761.0,,,
에스넷,760.7,,,
지아이에스,758.0,13.2,17.5,0.3258
휴비츠,757.1,,,
와이즈넛,756.2,,,
일동홀딩스,755.9,,,
종근당바이오,753.2,,,
한신기계,752.8,,,
제이스로보틱스,752.4,,,
시공테크,751.8,,,
에스피소프트,751.5,,,
중앙에너비스,750.4,,,
케이앤에스아이앤씨,750.1,,,
수젠텍,750.1,,,
키스트론,747.8,9.1,10.2,0.1209
아모센스,747.5,11.0,19.4,0.7575
한성크린텍,747.1,3.4,4.7,0.3824
디에스엠,746.8,,,
대영포장,745.8,,,
삼현철강,744.3,,,
현대공업,744.0,,,
KT지니뮤직,743.3,20.1,22.4,0.1144
엠엑스온,742.6,9.3,14.0,0.5054
아이디피,742.0,12.2,,
씨티씨바이오,741.1,,,
탑머티리얼,740.6,,,
지엠비코리아,736.2,,,
라이온켐텍,734.2,,,
화일약품,734.0,,,
세원물산,734.0,,,
정다운,733.8,22.2,,
엔브이에이치코리아,732.1,,,
디케이락,732.1,,,
DKME,732.1,,,
강동씨앤엘,731.8,,,
싸이닉솔루션,730.6,,,
포바이포,729.2,,,
양지사,727.9,,,
뉴프렉스,727.7,,,
유니크,726.5,,,
폴라리스AI파마,725.3,,,
아이진,724.1,,,
아미코젠,723.5,,,
APS이노베이션,723.3,,,
국제약품,722.6,,,
피제이전자,722.4,,,
팅크웨어,722.1,22.9,,
앱튼,721.5,,,
웅진씽크빅,721.1,2.0,3.0,0.5
아이에스티이,720.9,6.2,,
원준,720.8,,,
바이오스마트,720.3,,,
DSR,720.0,,,
해치텍,719.4,,,
NH프라임리츠,719.3,,,
CJ씨푸드,718.6,,,
자이글,718.5,,,
성창기업지주,718.4,,,
지아이텍,718.3,,,
선도전기,718.2,,,
네오리진,718.0,,,
팜젠사이언스,715.9,,,
바이오에프디엔씨,715.7,6.9,8.9,0.2899
크리스에프앤씨,714.6,37.0,,
아모레퍼시픽홀딩스우,714.1,,,
파로스아이바이오,713.3,,,
에이치엘지노믹스,712.8,,,
케이엔에스,712.3,6.5,8.8,0.3538
블랙야크아이앤씨,711.6,,,
아이엠티,711.1,4.0,,
비투엔,708.1,,,
아이티센씨티에스,706.9,,,
쿼드메디슨,706.1,-3.3,10.5,
에스와이스틸텍,705.4,,,
이엠텍,704.2,,,
한화머시너리앤서비스홀딩스3우B,702.1,,,
HC보광산업,701.3,,,
현대에이치티,700.4,,,
디지틀조선,700.4,,,
에이텍,700.4,,,
미투온,700.3,14.5,17.0,0.1724
SY동아,699.2,,,
옵티팜,699.0,,,
셀바스헬스케어,697.6,,,
코오롱인더우,697.5,,,
삼정펄프,697.5,,,
태웅로직스,695.0,,,
피앤에스로보틱스,694.3,1.5,1.9,0.2667
제이씨케미칼,691.4,,,
디에이테크놀로지,691.3,,,
코아시아,690.8,,,
제일연마,690.1,,,
피제이메탈,689.5,,,
한일단조,689.2,,,
휴비스,687.6,,,
동양고속,686.2,,,
한국특강,686.1,,,
엔케이,683.9,,,
네오뷰,682.7,,,
모델솔루션,682.5,,,
비트컴퓨터,681.6,,,
신일전자,681.4,,,
이엔셀,680.5,,,
동원모빌리티,676.5,,,
넥스트칩,675.8,4.4,22.5,4.1136
이녹스,675.8,,,
팬젠,674.4,,,
옵트론텍,673.0,14.0,23.7,0.6929
THE E&M,670.5,,,
동일금속,667.9,,,
유라테크,667.0,,,
한국내화,665.3,,,
센서뷰,664.4,,,
대창솔루션,663.4,,,
아이티센엔텍,663.0,33.8,40.7,0.2041
써니전자,662.2,,,
녹십자엠에스,661.4,,,
큐에스아이,661.1,,,
우신시스템,660.2,26.5,37.8,0.4264
탑코미디어,660.0,,,
특수건설,659.7,,,
디알텍,659.5,14.0,,
신일제약,658.1,,,
프로티아,656.9,6.0,,
신신제약,655.4,,,
랩지노믹스,654.8,,,
센코,654.5,,,
해성에어로보틱스,654.3,,,
잉크테크,653.9,,,
서플러스글로벌,653.2,,,
삼일씨엔에스,653.1,,,
TJ미디어,653.0,,,
비엘팜텍,651.8,,,
아리바이오랩,651.3,,,
딜리셔스,649.8,,,
대현,649.6,,,
예림당,648.4,,,
빛샘전자,648.2,,,
유비벨록스,647.4,,,
티플랙스,646.8,,,
한국전자인증,646.0,,,
인지소프트,645.2,,,
흥국,645.0,,,
대륙제관,644.9,,,
비상교육,644.0,,,
제너셈,643.9,10.1,13.4,0.3267
아고스,643.6,,,
아우토크립트,642.6,-3.9,4.4,
푸드웰,642.0,,,
케이엘넷,641.4,,,
FSN,640.8,,,
레몬헬스케어,637.8,,,
삼륭물산,637.5,,,
엠엑스로보틱스,636.1,5.1,11.0,1.1569
무림페이퍼,635.0,,,
레뷰코퍼레이션,634.5,10.8,13.3,0.2315
삼성출판사,634.0,,,
스마트레이더시스템,633.9,-2.6,,
지구홀딩스,633.2,,,
국순당,633.1,,,
페스카로,631.5,7.8,12.5,0.6026
화천기계,631.4,,,
앤디포스,631.2,,,
지엘팜텍,631.2,,,
금호에이치티,630.6,,,
위메이드플레이,630.3,,,
알체라,629.8,,,
웨이브일렉트로,628.8,,,
해성옵틱스,627.3,,,
인디에프,626.4,,,
이화공영,625.9,,,
셀바이오휴먼텍,625.6,15.0,,
인크로스,623.3,,,
이오플로우,623.0,,,
유니테크노,622.8,,,
휴니드,621.8,,,
엔시스,621.4,,,
엔비알모션,621.0,1.5,9.9,5.6
티에스아이,620.1,,,
KNN,619.8,,,
제이엔케이글로벌,618.4,,,
하이스틸,617.9,,,
인벤테라,616.7,,,
트루엔,616.6,16.9,18.4,0.0888
와이어블,616.2,,,
고바이오랩,614.6,,,
대원미디어,613.9,13.0,15.0,0.1538
이글루,613.6,17.7,,
우리산업,611.9,,,
유유제약,611.0,,,
컴투스엔,609.9,,,
보락,609.2,,,
피엠티,609.0,,,
유엔젤,608.7,,,
다이나믹솔루션,608.3,,,
샌즈랩,607.7,,,
브이원텍,605.8,,,
미래에셋글로벌리츠,605.6,,,
SGC E&C,604.4,72.0,74.0,0.0278
제이투케이바이오,604.0,,,
코스리거글로벌,603.3,,,
엔젯,602.3,,,
원일티엔아이,601.8,8.5,,
에스엠씨지,599.2,6.3,9.4,0.4921
태경케미컬,597.4,,,
오픈베이스,597.0,,,
코리아나,596.0,,,
머큐리,595.6,,,
코츠테크놀로지,594.6,10.0,11.2,0.12
부방,593.3,,,
에이에스텍,592.9,,,
내츄럴엔도텍,592.2,,,
알파칩스,590.2,,,
팬스타엔터프라이즈,589.7,,,
나래나노텍,588.0,,,
조비,587.2,,,
남화산업,585.7,,,
기신정기,585.5,,,
원풍,585.0,,,
참좋은여행,584.5,,,
누리플렉스,583.5,,,
에이비온,583.0,,,
BYC우,582.6,,,
호전실업,582.0,25.5,33.4,0.3098
DGI,581.4,,,
레이저쎌,581.2,,,
와이엠씨,580.6,,,
삼화왕관,580.6,,,
블루엠텍,580.1,,,
압타머사이언스,579.9,,,
퀀텀레일,578.7,,,
대양금속,578.4,,,
SCL사이언스,577.6,0.6,,
알에프텍,577.3,,,
덕우전자,574.3,,,
디알젬,574.2,,,
삼기,572.0,,,
오텍,571.2,,,
오리콤,571.2,,,
태양,569.3,,,
위츠,568.9,8.7,12.2,0.4104
다원넥스뷰,568.8,5.5,7.8,0.4182
코렌텍,567.1,,,
휴마시스,566.3,,,
유화증권우,566.2,,,
애드바이오텍,566.0,,,
이건홀딩스,565.7,,,
한켐,565.5,,,
새론오토모티브,565.4,,,
인터지스,565.2,,,
토탈소프트,564.0,,,
인바이오젠,562.5,,,
수산아이앤티,562.4,,,
3S,562.4,,,
한패스,561.4,,,
코위버,561.4,,,
제이씨현시스템,560.1,,,
화승알앤에이,559.4,,,
남양유업우,558.8,,,
부산산업,558.6,,,
프리엠스,557.4,,,
한국선재,556.2,,,
성원에너텍,555.1,,,
일진디스플,555.0,,,
진양제약,554.8,,,
디와이덕양,553.0,,,
소마젠,553.0,,,
서울평가정보,552.8,7.7,8.4,0.0909
코리아써우,551.7,,,
동우팜투테이블,551.7,,,
화성밸브,549.7,,,
유안타증권우,549.0,,,
케이피항공산업,548.6,,,
코닉오토메이션,548.5,,,
에스디생명공학,547.6,,,
에스씨디,546.6,,,
아셈스,546.0,,,
더블유에스아이,545.9,,,
현대건설우,545.3,,,
퓨런티어,545.1,6.7,9.1,0.3582
오가노이드사이언스,544.6,,,
HLB제넥스,544.2,,,
피엔케이피부임상연구센타,543.8,6.1,8.3,0.3607
SJM홀딩스,543.6,,,
희림,543.0,9.5,13.3,0.4
이닉스,542.5,,,
모나리자,542.4,,,
오리엔트바이오,541.3,,,
파이오링크,540.6,11.5,14.0,0.2174
전방,540.1,,,
구영테크,540.0,,,
우원개발,539.5,,,
드림어스컴퍼니,539.5,,,
테고사이언스,539.2,,,
와이엠텍,537.3,,,
삼양케이씨아이,536.9,,,
위지트,536.6,,,
대성창투,535.7,,,
츌립앤사이언스,535.6,,,
알피바이오,535.6,,,
평화산업,535.3,,,
엠투엔,534.4,,,
에르코스,534.0,,,
디와이디,533.7,,,
디티씨,533.7,,,
SG&G,533.5,,,
범양건영,531.7,,,
남화토건,531.2,,,
SJM,530.6,,,
케이사인,530.0,,,
서원,529.3,,,
평화홀딩스,527.2,,,
에스피시스템스,526.8,,,
대동기어,525.8,,,
푸른로보틱스,523.4,,,
네오이뮨텍,523.1,,,
유신,522.6,,,
노랑풍선,521.1,,,
다보링크,521.1,,,
본느,520.2,,,
러셀,520.1,,,
롯데칠성우,519.5,,,
제이엠티,519.2,,,
덕성,519.0,,,
엘컴텍,518.5,,,
레몬,518.2,,,
신송홀딩스,516.9,,,
홈캐스트,516.3,,,
고려산업,516.2,,,
DL이앤씨우,515.8,,,
알에프세미,515.5,,,
에이테크솔루션,515.0,,,
세코닉스,514.8,5.3,11.4,1.1509
지에스이,513.4,,,
인팩,513.0,,,
쎄크,512.8,0.9,9.4,9.4444
캐프,512.5,,,
에피소드컴퍼니,511.7,,,
에이프로젠,511.4,,,
SK디스커버리우,511.2,,,
와이즈버즈,510.1,,,
포니링크,509.4,,,
삼익제약,508.4,3.3,3.8,0.1515
경남스틸,506.1,,,
한컴라이프케어,505.6,5.4,6.8,0.2593
진양산업,505.1,,,
SK케미칼우,504.5,,,
대진첨단소재,504.3,,,
HLB파나진,503.5,,,
이노메트리,502.5,2.8,4.5,0.6071
모티브링크,502.4,,,
포인트엔지니어링,502.3,,,
SM Life Design,502.1,,,
경창산업,501.8,,,
서울식품,501.1,,,
옴니시스템,498.3,,,
제노레이,497.7,,,
셀리드,495.7,,,
삼화전자,495.4,,,
씨티케이,494.2,,,
옵티시스,493.7,,,
인성정보,493.5,,,
대모,492.0,,,
CJ 바이오사이언스,491.3,,,
티이엠씨씨엔에스,491.1,,,
현우산업,490.6,,,
삼진식품,490.0,10.0,,
에이치시티,490.0,19.2,18.1,-0.0573
케이비아이동국실업,489.7,,,
노브랜드,488.7,,,
우성,487.9,,,
동양파일,486.0,,,
코어라인소프트,485.5,,,
진원생명과학,485.3,,,
케이피엠테크,484.7,,,
제이피아이헬스케어,484.5,5.0,,
코콤,480.3,,,
딥노이드,480.2,,,
제일테크노스,479.7,,,
씨아이테크,479.5,,,
코스나인,478.3,,,
상신브레이크,477.7,,,
마니커,477.6,,,
아진전자부품,477.2,,,
오상자이엘,476.5,,,
시큐레터,476.3,,,
YW,475.8,,,
대덕전자1우,475.7,,,
큐라티스,475.3,,,
우리산업홀딩스,475.0,,,
에쎈테크,475.0,,,
에너토크,474.6,,,
성문전자,474.3,,,
아이엠비디엑스,473.0,,,
아이빔테크놀로지,471.7,,,
미래에셋맵스리츠,471.4,,,
삼천리자전거,471.2,,,
TPC로보틱스,470.9,,,
제이스코홀딩스,469.6,,,
유성기업,468.9,,,
TBH글로벌,467.5,,,
일신석재,467.1,,,
HC홈센타,466.4,,,
셀로맥스사이언스,464.5,,,
비아이매트릭스,464.1,10.0,15.6,0.56
대호에이엘,463.2,,,
HB인베스트먼트,462.7,,,
씨유테크,461.7,,,
하이드로리튬,461.6,,,
SG세계물산,461.5,,,
에이텍모빌리티,461.3,,,
씨케이솔루션,461.2,,,
윈팩,460.9,,,
영우디에스피,460.3,10.0,,
덴티스,459.3,,,
그린생명과학,458.0,,,
온코크로스,457.9,,,
유니온,457.4,,,
쎄노텍,457.1,,,
벡트,456.5,0.1,2.3,22.0
나노실리칸첨단소재,456.4,,,
아시아경제,454.6,,,
시선AI,454.4,,,
조광페인트,454.4,,,
우리바이오,453.1,,,
하츠,453.1,,,
부산주공,450.9,,,
깨끗한나라,450.6,,,
흥국에프엔비,449.9,,,
탑엔지니어링,449.7,,,
대원,449.6,,,
에이프로,449.3,,,
프로이천,448.3,,,
이엔플러스,448.2,,,
액토즈소프트,447.9,,,
SB성보,447.4,,,
얼라인드,445.7,,,
한화솔루션우,445.3,,,
문배철강,441.9,,,
유티아이,441.3,44.0,133.0,2.0227
파라택시스코리아,441.3,,,
데이원컴퍼니,441.1,,,
MSDI,440.7,,,
LK삼양,440.4,,,
쏘닉스,439.6,,,
SDN,439.4,,,
에어레인,438.7,,,
부국철강,438.0,,,
유니켐,436.8,,,
이지스,435.3,,,
한국종합기술,434.7,,,
코아시아씨엠,434.6,7.1,,
파수AI,434.2,,,
우성머티리얼스,433.6,,,
오비고,433.5,,,
제로투세븐,432.7,,,
엑스플러스,431.5,,,
앱코,431.3,,,
엘엠에스,431.0,,,
명문제약,430.5,,,
코리아에셋투자증권,428.6,,,
원익큐브,428.3,,,
이브이첨단소재,427.9,,,
신한글로벌액티브리츠,427.8,,,
위너스일렉,427.6,,,
사이냅소프트,427.1,7.3,9.7,0.3288
케이씨피드,427.1,,,
루멘스,426.2,,,
네이블,424.5,,,
엔투텍,422.7,,,
오리엔트정공,422.5,,,
유니드비티플러스,421.8,,,
디케이앤디,421.3,,,
DYP,420.1,,,
알트,418.7,14.2,17.6,0.2394
동방선기,418.6,,,
이루온,418.4,,,
에이텀,418.2,,,
포시에스,417.8,,,
퀀타매트릭스,417.8,,,
서린바이오,417.6,,,
영림원소프트랩,417.1,,,
신화인터텍,416.6,,,
일신바이오,416.5,,,
진바이오텍,416.3,,,
엑시큐어하이트론,413.5,,,
상신전자,413.2,,,
한국팩키지,412.1,,,
린드먼아시아,412.1,,,
뉴트리,412.0,,,
서연탑메탈,411.2,,,
파라텍,411.2,,,
상지건설,410.4,,,
대창스틸,409.5,,,
대보마그네틱,407.0,,,
미래생명자원,406.7,,,
HLB펩,406.5,,,
갤럭시아에스엠,406.4,,,
제이티,405.4,,,
서전기전,405.4,,,
포스뱅크,405.1,,,
ES큐브,404.9,,,
NHN벅스,404.8,,,
램테크놀러지,404.7,,,
일월지엠엘,404.5,,,
금비,404.0,,,
광명전기,403.9,,,
iMBC,403.6,,,
DL우,402.1,,,
대구백화점,402.0,,,
TS인베스트먼트,401.9,,,
승일,401.0,,,
진시스템,399.9,,,
링크제니시스,399.7,,,
폴라리스세원,399.4,,,
영화금속,398.7,,,
위지윅스튜디오,398.5,,,
시디즈,397.6,,,
인크레더블버즈,396.9,,,
에쓰씨엔지니어링,393.3,,,
콜마바이오텍,393.0,,,
서진오토모티브,392.8,,,
유니온머티리얼,392.3,,,
온타이드,391.8,,,
삼일기업공사,391.8,,,
디에이피,391.2,,,
알비더블유,390.9,,,
오가닉티코스메틱,390.2,,,
쓰리에이로직스,389.9,4.1,13.2,2.2195
나라엠앤디,389.8,,,
영흥,389.7,,,
원바이오젠,388.8,,,
이글벳,388.7,,,
효성오앤비,388.0,,,
케일럼,386.7,,,
젠큐릭스,386.6,,,
마이크로투나노,386.5,,,
한독크린텍,386.2,,,
이화산업,386.1,,,
케이엠,385.0,,,
엔바이오니아,384.2,5.4,16.0,1.963
케이탑리츠,384.0,,,
누보,383.9,8.2,10.4,0.2683
알리코제약,383.2,,,
크리스탈신소재,382.9,,,
아이컴포넌트,381.8,,,
고려제약,380.6,,,
케이디켐,379.7,,,
성우전자,379.2,,,
블리츠웨이엔터테인먼트,379.0,,,
보라티알,378.0,,,
아티스트컴퍼니,376.5,,,
덕신이피씨,376.5,,,
유에스티,375.6,,,
DH오토리드,374.3,,,
이엠넷,373.8,,,
비트플래닛,371.5,,,
아세아텍,371.5,,,
신테카바이오,371.4,-2.1,,
백금T&A,371.1,,,
에프엔씨엔터,371.0,2.7,,
우진플라임,371.0,,,
동일기연,370.3,,,
보해양조,370.2,,,
서암기계공업,369.8,,,
진양폴리,365.7,,,
토마토시스템,364.6,,,
씨앤투스,364.5,,,
폴라리스AI핸디,363.7,,,
SGA솔루션즈,363.6,,,
알엔티엑스,363.6,,,
한네트,363.1,,,
YBM넷,363.0,,,
HLB바이오스텝,362.6,,,
지슨,361.3,4.0,10.6,1.65
자연과환경,361.2,,,
스튜디오미르,360.3,5.0,,
삼화네트웍스,360.1,,,
하이즈항공,360.0,,,
바이오톡스텍,359.9,,,
카이노스메드,359.7,,,
레이저옵텍,359.3,,,
씨큐브,358.3,,,
화인써키트,358.2,7.2,,
포톤,357.8,,,
오공,357.5,,,
셀피글로벌,357.2,,,
이노인스트루먼트,355.7,,,
휴림에이텍,355.7,,,
인지디스플레,355.5,,,
와이엠,354.7,,,
신풍,353.8,,,
유틸렉스,353.2,,,
원림,353.0,,,
경인전자,352.6,,,
하스,352.4,,,
디와이에이,352.2,,,
모헨즈,352.2,,,
민테크,352.1,,,
광진실업,352.0,,,
화인베스틸,351.8,,,
그리티,351.1,,,
케어랩스,350.8,,,
그린플러스,350.5,,,
마이크로디지탈,350.3,7.4,14.4,0.9459
플랜티넷,349.0,,,
휴엠앤씨,348.7,,,
에이치와이티씨,348.5,,,
아이비젼웍스,347.7,,,
세우글로벌,347.0,,,
피엔에이치테크,346.8,3.6,5.3,0.4722
KB오토시스,346.7,,,
와이랩,345.8,0.4,3.1,6.75
우진아이엔에스,345.3,,,
세방우,345.3,,,
오디텍,344.8,,,
코셈,342.6,,,
티케이지애강,341.8,,,
넥스턴앤롤코리아,341.6,,,
다산디엠씨,339.5,,,
캐스텍코리아,339.4,,,
하이딥,339.4,,,
오브젠,339.4,,,
유니온바이오메트릭스,339.3,,,
산돌,339.2,,,
기산텔레콤,338.7,,,
이건산업,336.8,,,
TS트릴리온,336.4,,,
오스템,335.7,,,
핸즈코퍼레이션,335.7,,,
DH오토웨어,335.6,,,
에코글로우,334.9,,,
테크엘,333.9,,,
비씨월드제약,332.2,,,
한국큐빅,331.1,,,
에이아이코리아,331.0,,,
한창제지,328.8,,,
브리지텍,328.7,,,
픽셀플러스,325.8,,,
지에프씨생명과학,325.4,,,
미트박스,325.2,,,
플레이디,323.2,,,
비비씨,322.8,14.8,,
팬엔터테인먼트,322.6,,,
체리부로,321.3,,,
대신정보통신,321.3,,,
인스피언,320.9,,,
노을,320.6,-7.9,1.4,
미래아이앤지,320.2,,,
에코캡,320.0,,,
메가엠디,319.7,,,
대한방직,319.6,,,
미스터블루,319.0,,,
정원엔시스,318.9,,,
한화투자증권우,318.7,,,
크라우드웍스,317.5,,,
케이씨티,317.3,,,
베노티앤알,317.3,,,
솔디펜스,317.2,,,
메타랩스,316.7,,,
한세엠케이,316.3,,,
큐캐피탈,316.2,,,
에스팀,316.1,,,
경남제약,315.9,,,
인포뱅크,315.2,,,
씨티알모빌리티,313.4,,,
트윔,312.9,,,
세종메디칼,312.2,,,
닷밀,311.8,5.7,8.2,0.4386
에스코넥,311.8,,,
신풍제약우,311.6,,,
제이엔비,311.6,,,
엣지파운드리,310.9,,,
와토스코리아,310.3,,,
서울전자통신,309.7,,,
블루산업개발,309.4,,,
아이퀘스트,309.1,,,
멤레이비티,308.4,,,
한솔홈데코,307.8,,,
포인트모바일,306.9,,,
뉴키즈온,306.1,,,
뉴온,305.8,,,
원일특강,305.8,,,
캡스톤파트너스,305.4,,,
모비릭스,304.9,,,
콘텐트리중앙,304.0,23.4,44.2,0.8862
유라클,303.3,-3.5,,
진매트릭스,302.8,,,
에스엘에스바이오,302.2,,,
LSK아이로봇,301.8,,,
MH에탄올,301.4,,,
프리시젼바이오,301.4,,,
MDS스피어,300.8,,,
티비씨,300.6,,,
M83,300.5,,,
진양화학,300.4,,,
WISCOM,300.1,,,
진도,300.0,,,
동일제강,299.4,,,
NE능률,298.5,,,
제이엠아이,298.0,,,
에스에이티,297.7,,,
좋은사람들,297.6,,,
네오크레마,297.4,,,
NEW,297.2,5.5,,
디와이씨,297.1,,,
동국알앤에스,296.6,,,
포메탈,296.2,,,
시큐브,296.0,,,
티디에스팜,295.9,,,
SG글로벌,295.4,,,
파인디지털,295.1,,,
원티드랩,294.9,,,
심플랫폼,294.6,0.5,3.8,6.6
체시스,294.4,,,
모니터랩,294.2,,,
파인테크닉스,294.1,,,
우양,293.8,,,
팸텍,293.7,,,
한성기업,293.7,,,
에이치엘사이언스,292.8,,,
이삭엔지니어링,292.6,,,
엔텔스,292.0,,,
캠시스,292.0,,,
시그네틱스,291.5,,,
아이즈비전,291.5,,,
한익스프레스,290.7,,,
한창산업,290.7,,,
꿈비,290.3,,,
팜스빌,290.2,,,
마스턴프리미어리츠,289.8,,,
메타케어,289.4,,,
빌리언스,287.6,,,
대림통상,287.1,,,
웰크론,286.3,,,
한국주강,285.9,,,
청보,285.3,,,
자비스,285.1,,,
신화콘텍,284.5,,,
에스프리즘,284.4,-6.0,-6.0,
제이에스티나,284.4,,,
모비데이즈,284.0,,,
STX그린로지스,283.3,,,
싸이버원,282.1,,,
티에스넥스젠,281.9,,,
브레인즈컴퍼니,281.1,,,
웨이버스,280.3,,,
비큐AI,279.9,,,
소노스퀘어,279.8,,,
더라미,278.7,,,
에이프로젠바이오로직스,278.5,,,
덱스터,275.7,,,
세니젠,275.2,,,
파인메딕스,274.5,,,
마니커에프앤지,273.2,,,
카스,272.9,,,
한울앤제주,272.0,,,
디지캡,272.0,,,
케이웨더,271.9,,,
신원종합개발,271.9,,,
파버나인,271.3,,,
손오공,271.1,,,
피코그램,271.0,,,
아틀라스링크,270.7,,,
엠아이큐브솔루션,270.5,,,
넥사다이내믹스,270.3,,,
아이티센피엔에스,270.3,,,
무림SP,269.9,,,
힘스,269.8,,,
에스에너지,269.7,,,
삼진,269.6,,,
케이바이오랩스,269.5,,,
GH신소재,269.1,,,
한주라이트메탈,268.6,,,
바이브컴퍼니,268.4,,,
폴라리스우노,268.4,,,
EG,268.2,,,
인콘,267.9,,,
뱅크웨어글로벌,267.7,,,
신진에스엠,266.9,,,
에스켐,266.4,9.6,,
위즈코프,266.0,,,
뷰티스킨,265.8,,,
프리티,265.6,,,
에프알텍,265.6,,,
아이에이,265.3,,,
인스웨이브,265.1,,,
글로벌에스엠,265.0,,,
한창,264.7,,,
신도기연,264.4,,,
플래티어,263.4,,,
풍강,263.3,,,
피씨디렉트,262.3,,,
애드포러스,262.2,,,
디모아,262.0,,,
티사이언티픽,261.4,,,
자이언트스텝,261.1,,,
누리플랜,260.3,,,
보원케미칼,260.2,6.0,8.0,0.3333
KBG,260.0,,,
티웨이홀딩스,260.0,,,
엔피,259.3,,,
휴네시온,258.9,,,
키이스트,258.5,,,
코디,258.5,13.4,,
한싹,258.2,,,
대원전선우,258.2,,,
대산F&B,257.6,,,
컬러레이,257.4,,,
동원수산,257.4,,,
한국정보공학,256.6,,,
케이지에이,256.4,,,
성우테크론,256.3,,,
메이슨캐피탈,255.7,,,
알엔투테크놀로지,255.3,,,
제놀루션,255.2,,,
에스디시스템,254.7,,,
넥센타이어1우B,254.5,,,
멕아이씨에스,254.4,,,
한빛소프트,254.4,,,
코아스,254.3,,,
에코심플렉스,253.8,,,
앱토크롬,253.3,,,
대동스틸,252.3,,,
엑사이엔씨,252.1,,,
모나미,251.9,,,
아이언디바이스,251.9,,,
이노테나,250.7,,,
에스지헬스케어,250.4,2.5,,
이스트에이드,250.4,,,
이퓨쳐,249.4,,,
모아데이타,249.2,,,
율촌,247.8,6.0,6.0,0.0
피앤씨테크,247.8,,,
KR모터스,247.0,,,
풍전약품,246.7,,,
디티앤씨,246.6,,,
피엔티엠에스,246.0,,,
알톤,244.6,,,
솔루스첨단소재1우,244.3,,,
아티스트스튜디오,243.9,,,
라메디텍,243.8,,,
라온피플,243.1,,,
아이지넷,243.1,,,
대한과학,242.3,,,
에코볼트,242.1,,,
GMI벤처,242.0,,,
엠젠솔루션,241.9,,,
아이씨에이치,241.7,,,
엔비티,241.6,,,
세동,241.6,,,
대한항공우,241.0,,,
에이치케이,240.6,,,
소프트캠프,239.2,,,
비트맥스,238.7,,,
형지엘리트,237.6,,,
모아텍,237.0,,,
알티캐스트,236.9,,,
대성미생물,236.7,,,
배럴,236.4,,,
S&K폴리텍,235.8,,,
아즈텍WB,235.8,,,
디티앤씨알오,235.2,,,
동양에스텍,234.6,,,
삼진엘앤디,234.6,,,
위세아이텍,234.4,,,
스페코,233.9,,,
인티큐브,233.9,,,
프럼파스트,233.7,,,
휴맥스,233.5,,,
바이오포트,233.5,7.0,,
참엔지니어링,233.3,,,
오픈놀,233.0,,,
엠브레인,232.6,,,
우듬지팜,232.0,,,
휴럼,231.5,,,
씨싸이트,230.8,,,
서울제약,230.6,,,
오에스피,230.5,,,
세림B&G,230.1,,,
솔트웨어,229.6,,,
스튜디오삼익,228.6,,,
이씨에스,228.1,,,
아센디오,227.7,,,
에이루트,227.3,,,
씨유메디칼,227.3,,,
한국맥널티,227.2,,,
엑셀세라퓨틱스,227.2,,,
아우딘퓨쳐스,227.1,,,
비비안,226.6,,,
남성,226.6,,,
이엘피,226.6,,,
키네마스터,226.5,,,
유비온,225.6,,,
글로본,225.5,,,
캔버스엔,225.4,,,
엠에프씨,225.1,,,
한일화학,224.6,,,
토박스코리아,224.5,,,
메디앙스,223.5,,,
파인디앤씨,223.2,,,
이노에이엑스,222.9,3.5,4.3,0.2286
한국비티비,222.8,,,
나라셀라,222.4,,,
에이스토리,221.8,5.5,,
오션인더블유,220.9,,,
세중,220.5,,,
에스티오,220.5,,,
샤페론,219.7,,,
태원물산,219.6,,,
티피씨글로벌,218.8,,,
호텔신라우,218.4,,,
인바이오,218.4,,,
플레이위드,218.3,,,
씨엔알리서치,217.9,,,
한국정밀기계,217.7,,,
두산퓨얼셀2우B,217.7,,,
이지트로닉스,216.9,,,
다산솔루에타,216.8,,,
성창오토텍,216.4,,,
인산가,215.9,,,
한국유니온제약,215.6,,,
오토앤,215.3,,,
지란지교시큐리티,215.1,,,
밸로프,215.1,,,
라닉스,214.7,,,
핌스,214.4,4.9,7.7,0.5714
시지트로닉스,214.4,-7.0,,
파루,214.0,,,
링크드,213.8,,,
삼일,213.2,,,
CNT85,212.8,,,
인터엠,212.8,,,
비피도,212.3,,,
오아,212.0,13.4,18.6,0.3881
텔콘RF제약,211.9,,,
벨로크,211.6,,,
로지시스,210.9,,,
엔시트론,210.8,,,
웰크론한텍,210.8,,,
딜리,210.7,,,
루트K,209.3,,,
이엠앤아이,209.1,,,
아이윈,209.0,,,
우리이앤엘하루틴,208.5,,,
지엔코,207.6,,,
이노시뮬레이션,207.2,,,
세화피앤씨,207.0,,,
CSA 코스믹,206.5,,,
삼영에스앤씨,206.3,,,
리더스코스메틱,205.3,,,
뉴인텍,205.0,,,
상보,204.8,,,
SUN&L,204.7,,,
이원컴포텍,204.2,,,
딥커머스,203.0,,,
디지아이,202.9,,,
대호특수강,202.5,,,
아이티아이즈,202.3,,,
동일스틸럭스,201.9,,,
케이피티유,201.3,,,
대상우,201.1,,,
웹스,201.0,,,
이노뎁,200.7,,,
비츠로시스,200.1,,,
윈하이텍,199.6,,,
아시아종묘,199.3,,,
이스타코,198.8,,,
넥스트아이,198.2,,,
PN풍년,198.0,,,
롯데지주우,197.8,,,
판타지오,197.4,,,
드림인사이트,196.7,3.4,,
미디어젠,196.1,,,
씨엔플러스,195.9,,,
리튬포어스,195.6,,,
윙입푸드,195.5,,,
이미지스,195.4,,,
LX하우시스우,194.6,,,
엘디티,194.5,,,
카티스,193.7,,,
파커스,193.2,,,
세진티에스,193.1,,,
아이오케이이엔엠,192.7,,,
롤링스톤,192.0,,,
엔피케이,191.9,,,
버넥트,191.6,,,
파라택시스이더리움,191.4,,,
크린앤사이언스,190.8,,,
하이퍼코퍼레이션,187.5,,,
에스에스알,187.3,,,
케이쓰리아이,187.2,,,
디에이치엑스컴퍼니,187.1,,,
듀오백,186.6,,,
에스앤더블류,186.5,,,
차이커뮤니케이션,186.4,,,
큐로홀딩스,186.0,,,
한주에이알티,186.0,,,
우리엔터프라이즈,185.9,,,
소프트센,185.6,,,
사토시홀딩스,185.5,,,
비스토스,185.3,,,
스타플렉스,185.2,,,
윙스풋,182.6,,,
우진비앤지,181.6,,,
핑거스토리,181.4,,,
브이씨,179.8,,,
한국전자홀딩스,179.6,,,
SHD,179.2,,,
SH에너지화학,179.1,,,
조이웍스앤코,178.5,,,
에스폴리텍,176.9,,,
플라즈맵,176.6,,,
에이전트AI,176.6,,,
윌비스,176.2,,,
KC그린홀딩스,175.7,,,
대동금속,175.4,,,
코퍼스코리아,174.7,,,
지니틱스,174.3,,,
뉴보텍,173.9,,,
더코디,173.4,,,
유아이디,172.4,,,
전진바이오팜,172.2,,,
국영지앤엠,171.0,,,
육일씨엔에쓰,170.6,,,
조아제약,170.4,,,
부스타,168.9,,,
피씨엘,168.0,,,
CS,167.6,,,
졸스,165.1,,,
한진칼우,164.5,,,
엔젠바이오,163.4,,,
에스제이그룹,163.1,,,
제이케이시냅스,159.6,,,
패션플랫폼,158.8,,,
이노진,156.9,,,
넥센우,156.3,,,
코오롱우,155.3,,,
파인텍,154.1,,,
인베니아,152.2,,,
이렘,152.2,,,
웰킵스하이텍,152.0,,,
E8,151.9,,,
드래곤플라이,151.7,,,
주연테크,150.2,,,
녹십자홀딩스2우,149.6,,,
엑시온그룹,148.4,,,
모아라이프플러스,147.2,,,
삼보산업,145.9,,,
바른손이앤에이,145.9,,,
신라섬유,145.4,,,
프롬바이오,145.2,,,
티엔엔터테인먼트,145.1,,,
핀텔,142.7,,,
대원화성,142.6,,,
에넥스,141.1,,,
썸에이지,140.9,,,
대한제당우,140.7,,,
하이트진로2우B,139.2,,,
베셀,137.8,,,
피플바이오,136.4,,,
셀레스트라,136.1,,,
진영,136.0,,,
디젠스,134.4,,,
에이엔피,134.3,,,
올리패스,134.2,,,
대덕1우,132.8,,,
메디콕스,126.9,,,
유진테크놀로지,123.5,,,
KS인더스트리,123.3,,,
국일신동,123.3,,,
삼영이엔씨,123.0,,,
삼양사우,122.3,,,
비케이홀딩스,121.9,,,
아이스크림에듀,118.3,,,
한화갤러리아우,117.1,,,
케스피온,116.5,,,
대교우B,116.2,,,
휴맥스홀딩스,116.1,,,
케이엠제약,115.9,,,
코리아써키트2우B,111.1,,,
예선테크,110.9,,,
파이온엑스,110.5,,,
한탑,110.4,,,
대상홀딩스우,109.3,,,
LX홀딩스1우,107.8,,,
신라에스지,107.6,,,
헝셩그룹,107.4,,,
형지글로벌,105.1,,,
알파AI,104.6,,,
태양금속우,104.6,,,
JW중외제약2우B,102.5,,,
나노씨엠에스,102.1,,,
NPC우,99.5,,,
코오롱글로벌우,97.5,,,
케이이엠텍,95.1,,,
유디엠텍,94.9,,,
다이나믹디자인,94.6,,,
앤씨앤,94.1,,,
수성웹툰,92.5,,,
한양증권우,91.2,,,
씨엑스아이,89.9,,,
솔루스첨단소재2우B,85.8,,,
유유제약1우,85.1,,,
해성산업1우,84.7,,,
SK증권우,84.1,,,
바이오인프라,82.7,,,
모바일어플라이언스,80.4,,,
JW중외제약우,77.5,,,
에이에프더블류,76.8,,,
투비소프트,76.5,,,
골드앤에스,73.7,,,
에스아이리소스,72.8,,,
원풍물산,72.8,,,
스코넥,70.7,,,
노루홀딩스우,67.6,,,
형지I&C,64.4,,,
계양전기우,62.0,,,
금호건설우,61.5,,,
성신양회우,60.8,,,
크라운제과우,60.0,,,
코이즈,58.7,,,
덕성우,58.7,,,
노루페인트우,55.0,,,
KD,54.8,,,
캐리,52.4,,,
아이톡시,45.5,,,
하이트진로홀딩스우,43.1,,,
흥국화재우,42.3,,,
태영건설우,40.9,,,
동부건설우,38.6,,,
동원시스템즈우,37.6,,,
일양약품우,35.7,,,
금강공업우,33.4,,,
티와이홀딩스우,31.5,,,
크라운해태홀딩스우,31.2,,,
성문전자우,28.4,,,
유유제약2우B,23.9,,,
남선알미우,23.1,,,
동양우,22.8,,,
대호특수강우,21.8,,,
깨끗한나라우,16.4,,,
동양2우B,12.7,,,
CJ씨푸드1우,12.5,,,
진흥기업우B,11.5,,,
서울식품우,11.4,,,
진흥기업2우B,8.5,,,
소프트센우,6.2,,,
더테크놀로지,4.3,,,
