sector,n,kospi_weight,mean_1주,median_1주,win_1주,mean_2주,median_2주,win_2주,mean_1달,median_1달,win_1달,mean_2달,median_2달,win_2달,mean_3달,median_3달,win_3달,mean_6달,median_6달,win_6달,rank_mean_1주,rank_mean_2주,rank_mean_1달,rank_mean_2달,rank_mean_3달,rank_mean_6달
IDM,3,0.553807,1.44,-0.009,33.3,4.804,4.358,66.7,7.246,5.59,100.0,1.672,1.095,66.7,-4.64,-5.043,33.3,49.034,53.431,100.0,20.0,14.0,15.0,22.0,42.0,1.0
IT SW,47,0.01409,3.444,1.515,59.6,4.369,0.302,51.1,5.381,-2.627,40.4,7.13,-0.34,46.8,30.781,21.407,95.7,-18.718,-32.302,25.5,17.0,15.0,16.0,11.0,8.0,11.0
MLCC/기판,14,0.026268,15.271,13.855,100.0,28.955,23.811,100.0,39.861,29.821,100.0,42.031,41.72,100.0,43.488,42.903,100.0,48.882,15.935,64.3,2.0,1.0,1.0,2.0,3.0,2.0
개별주,34,0.003128,-0.208,-1.113,35.3,-1.688,-3.022,29.4,-4.977,-7.528,20.6,-4.657,-4.868,32.4,11.005,10.297,79.4,-28.826,-34.598,12.1,24.0,25.0,28.0,32.0,26.0,20.0
건설,39,0.02312,-2.433,-2.087,12.8,-5.459,-4.746,7.7,-7.474,-9.278,12.8,-1.779,-2.657,38.5,10.441,10.255,74.4,-29.93,-39.219,7.7,38.0,35.0,34.0,26.0,27.0,23.0
건설기계,3,0.001998,-6.281,-5.397,0.0,-14.206,-11.795,0.0,-17.881,-17.917,0.0,-22.542,-21.691,0.0,-4.337,-5.169,33.3,-44.587,-44.557,0.0,42.0,42.0,42.0,42.0,41.0,38.0
게임,16,0.003765,-0.293,-0.92,43.8,-2.265,-3.542,31.2,-2.764,-2.215,37.5,-2.296,-6.909,31.2,8.562,-0.456,50.0,-34.455,-33.585,0.0,27.0,28.0,24.0,28.0,31.0,32.0
디스플레이,17,0.000881,4.377,4.477,76.5,3.115,2.245,52.9,5.196,6.038,64.7,3.049,2.698,58.8,20.029,13.419,82.4,-29.541,-38.17,11.8,14.0,16.0,17.0,19.0,19.0,21.0
로봇,23,0.007156,6.866,6.86,91.3,6.498,4.554,73.9,17.412,9.776,87.0,3.484,-6.348,30.4,33.823,31.479,100.0,-33.219,-36.148,8.7,9.0,12.0,9.0,18.0,6.0,30.0
로직,18,0.001087,10.591,7.615,94.4,16.534,16.186,88.9,27.408,23.911,94.4,19.579,17.886,72.2,29.459,25.51,94.4,-11.697,-20.273,33.3,6.0,5.0,6.0,7.0,9.0,8.0
반도체 장비,40,0.005369,15.997,15.65,100.0,24.5,25.266,100.0,31.285,30.118,97.5,41.089,33.672,90.0,41.24,36.087,92.5,21.136,-1.732,48.7,1.0,2.0,4.0,3.0,4.0,4.0
방산,19,0.020046,2.988,0.693,52.6,2.06,-0.308,42.1,12.033,5.958,63.2,2.132,2.633,52.6,17.774,18.79,73.7,-34.832,-47.548,5.3,18.0,17.0,10.0,20.0,20.0,33.0
보험,12,0.020997,-3.412,-4.02,16.7,-8.102,-8.204,0.0,-14.591,-15.223,0.0,5.335,3.879,58.3,17.258,17.81,91.7,-4.794,-5.699,41.7,39.0,41.0,41.0,15.0,21.0,7.0
소재,38,0.005446,12.139,12.802,97.4,22.132,21.04,97.4,30.231,27.998,100.0,31.608,18.889,97.4,44.391,36.126,100.0,6.469,-12.794,31.6,4.0,4.0,5.0,4.0,2.0,6.0
에너지,17,0.000938,2.57,-0.542,47.1,-0.641,-4.522,29.4,10.032,-3.92,41.2,6.368,2.638,58.8,20.272,13.586,94.1,-29.984,-39.365,11.8,19.0,23.0,12.0,13.0,18.0,24.0
엔터,19,0.001588,-1.766,-2.092,21.1,-4.187,-5.308,15.8,-5.09,-7.189,21.1,-7.288,-11.65,21.1,3.08,2.629,57.9,-51.675,-55.533,0.0,35.0,34.0,29.0,38.0,38.0,41.0
우주,10,,9.995,5.136,90.0,7.644,3.689,70.0,32.946,20.134,100.0,23.533,11.951,80.0,29.038,16.882,90.0,-59.011,-62.513,0.0,7.0,9.0,3.0,5.0,11.0,42.0
원전,12,0.011037,-0.234,0.209,50.0,-6.709,-7.636,0.0,3.323,3.992,58.3,6.527,4.47,75.0,23.219,22.797,83.3,-48.699,-44.304,0.0,26.0,37.0,18.0,12.0,13.0,40.0
유통,19,0.003973,-1.999,-2.247,15.8,-6.002,-5.189,15.8,-7.938,-8.796,15.8,-7.621,-12.084,15.8,2.728,2.861,63.2,-23.644,-24.354,5.3,36.0,36.0,35.0,39.0,39.0,14.0
유틸리티,7,0.007352,0.857,-0.047,42.9,-1.688,-4.23,42.9,-4.029,-2.494,28.6,1.415,0.691,71.4,15.942,24.374,85.7,-29.552,-31.275,0.0,21.0,26.0,25.0,23.0,23.0,22.0
은행,11,0.038797,-4.516,-4.099,0.0,-6.84,-6.264,0.0,-10.376,-9.992,0.0,-3.953,-5.123,27.3,6.949,9.926,81.8,-22.265,-24.424,0.0,41.0,38.0,39.0,31.0,34.0,13.0
음식료,34,0.009545,-1.3,-1.264,26.5,-4.18,-4.641,11.8,-10.043,-9.852,2.9,-6.113,-6.287,11.8,8.355,7.004,91.2,-27.183,-30.138,2.9,32.0,33.0,38.0,36.0,32.0,18.0
의료기기,18,6.4e-05,3.826,3.432,77.8,1.676,-1.404,44.4,-2.3,-5.018,33.3,-8.074,-7.51,27.8,8.807,7.414,72.2,-31.536,-38.049,16.7,16.0,18.0,23.0,40.0,30.0,27.0
의류,18,0.002171,-1.116,-0.866,44.4,-3.399,-4.359,16.7,-7.996,-9.067,16.7,-5.969,-8.123,33.3,4.151,6.808,55.6,-32.204,-32.135,0.0,29.0,29.0,36.0,35.0,36.0,28.0
이차전지,61,0.037058,11.243,10.919,88.5,11.521,10.226,88.5,11.39,8.731,82.0,20.608,17.94,80.3,29.429,27.095,90.2,-32.379,-37.218,11.5,5.0,6.0,11.0,6.0,10.0,29.0
자동차,45,0.037171,-0.233,-0.353,46.7,-2.203,-2.148,31.1,-4.324,-5.843,17.8,-3.15,-6.669,31.1,9.76,9.137,66.7,-31.432,-29.92,2.2,25.0,27.0,26.0,29.0,28.0,26.0
전력기기,20,0.021662,6.364,5.397,85.0,8.525,5.465,85.0,20.478,12.243,85.0,14.781,6.252,70.0,32.256,30.176,90.0,14.006,-11.09,40.0,10.0,8.0,8.0,8.0,7.0,5.0
정유화학,31,0.014352,0.475,-0.558,35.5,-1.636,-3.161,29.0,-6.127,-6.834,25.8,5.324,0.589,58.1,20.762,15.398,96.8,-24.027,-29.476,16.1,23.0,24.0,32.0,16.0,17.0,16.0
제약바이오,125,0.027892,4.603,2.584,70.4,6.07,1.795,54.4,1.726,-4.588,39.2,-2.213,-4.876,36.0,7.848,9.217,70.4,-47.248,-47.275,3.2,13.0,13.0,19.0,27.0,33.0,39.0
조선,25,0.023052,-1.18,-0.259,48.0,-7.233,-7.022,4.0,-5.6,-6.993,20.0,-11.431,-15.323,16.0,6.631,3.39,60.0,-43.709,-48.277,4.0,30.0,39.0,30.0,41.0,35.0,36.0
주사제,12,0.000238,0.791,-1.161,50.0,-0.266,-0.774,50.0,-4.515,-4.64,33.3,-5.101,-7.373,41.7,13.152,5.042,58.3,-30.457,-38.398,8.3,22.0,21.0,27.0,33.0,24.0,25.0
증권,25,0.01717,-1.193,-1.55,16.0,-3.569,-3.792,16.0,-5.902,-8.417,8.0,-5.451,-7.848,20.0,3.289,4.057,64.0,-43.968,-41.157,0.0,31.0,30.0,31.0,34.0,37.0,37.0
지주,48,0.021585,-1.48,-2.158,22.9,-4.074,-5.5,18.8,-7.108,-9.306,14.6,-3.701,-5.835,31.2,8.857,9.918,77.1,-28.538,-29.491,8.3,34.0,32.0,33.0,30.0,29.0,19.0
철강,15,0.006273,3.833,2.676,66.7,-0.487,-2.126,40.0,-1.224,-0.348,46.7,3.737,3.118,53.3,22.062,17.671,100.0,-33.509,-36.74,0.0,15.0,22.0,22.0,17.0,16.0,31.0
"태양광, 풍력",15,0.003625,6.042,5.834,73.3,7.382,4.554,73.3,8.88,4.444,66.7,6.226,5.911,60.0,24.7,27.172,86.7,-41.471,-39.06,6.7,11.0,10.0,13.0,14.0,12.0,35.0
통신,20,0.007333,7.779,6.872,75.0,8.932,9.229,70.0,22.479,16.779,65.0,10.086,1.863,50.0,35.869,23.761,90.0,-25.58,-32.727,10.0,8.0,7.0,7.0,10.0,5.0,17.0
항공,8,0.002704,-1.306,-2.068,12.5,-0.069,-3.73,37.5,-0.275,-2.266,50.0,0.215,0.814,62.5,11.687,14.361,87.5,-19.441,-31.886,25.0,33.0,20.0,20.0,25.0,25.0,12.0
해운,5,0.004627,-0.837,-1.843,40.0,0.936,-1.324,40.0,-0.619,-4.49,40.0,1.331,-2.811,40.0,22.534,19.035,100.0,-23.648,-14.331,0.0,28.0,19.0,21.0,24.0,15.0,15.0
호텔레저,13,0.001536,-3.686,-3.384,7.7,-7.285,-6.654,7.7,-10.713,-11.982,0.0,-6.718,-9.645,23.1,-0.474,0.019,53.8,-39.73,-44.391,0.0,40.0,40.0,40.0,37.0,40.0,34.0
화장품,38,0.007958,-2.081,-2.239,34.2,-4.068,-4.023,26.3,-8.507,-9.232,21.1,2.123,-5.874,36.8,17.242,11.789,81.6,-17.232,-24.57,23.7,37.0,31.0,37.0,21.0,22.0,10.0
후공정/테스트,18,,12.768,13.528,100.0,23.394,23.8,100.0,39.334,36.253,94.4,52.716,53.553,94.4,58.881,56.121,94.4,48.3,8.721,61.1,3.0,3.0,2.0,1.0,1.0,3.0
휴대폰 부품,16,0.00314,4.701,4.598,75.0,6.63,4.492,62.5,8.295,5.54,68.8,11.703,1.116,62.5,23.014,17.688,75.0,-16.784,-29.367,25.0,12.0,11.0,14.0,9.0,14.0,9.0
