code,name,sector,latest_mktcap,latest_period,latest_is_estimate,latest_yoy,latest_label,prev_yoy,triple_digit_streak,accel_streak,accel,yoy_by_period,label_by_period,est_by_period,n_by_period,valuation_gap,n_stocks,valuation_grade
음식료,음식료,음식료,46321762086850,202712,True,-53.5,,7.0,0,0,17.1,"{'202503': -9.8, '202506': -9.1, '202509': 8.1, '202512': 0.1, '202603': 17.5, '202606': 12.9, '202609': 6.8, '202612': 30.0, '202703': 7.0, '202712': -53.5}",{},"{'202503': False, '202506': False, '202509': False, '202512': False, '202603': False, '202606': False, '202609': True, '202612': True, '202703': True, '202712': True}","{'202503': 18, '202506': 17, '202509': 18, '202512': 13, '202603': 18, '202606': 18, '202609': 18, '202612': 13, '202703': 7, '202712': 1}",5.1,18,상
제약바이오,제약바이오,제약바이오,175064747904867,202712,True,36.2,,27.6,0,2,3.6,"{'202503': 66.0, '202506': 7.4, '202509': 28.2, '202512': 21.5, '202603': 29.1, '202606': 57.0, '202609': 38.6, '202612': 60.6, '202703': 27.1, '202706': 25.5, '202709': 27.6, '202712': 36.2}",{},"{'202503': False, '202506': False, '202509': False, '202512': False, '202603': False, '202606': False, '202609': True, '202612': True, '202703': True, '202706': True, '202709': True, '202712': True}","{'202503': 25, '202506': 22, '202509': 26, '202512': 22, '202603': 27, '202606': 27, '202609': 33, '202612': 32, '202703': 15, '202706': 15, '202709': 14, '202712': 13}",4.5,48,상
유통,유통,유통,20432451334765,202712,True,12.6,,13.0,0,0,18.4,"{'202503': -2.7, '202506': -4.3, '202509': 0.9, '202512': 17.6, '202603': 21.0, '202606': 17.2, '202609': 18.3, '202612': 35.6, '202703': 16.3, '202706': 22.8, '202709': 13.0, '202712': 12.6}",{},"{'202503': False, '202506': False, '202509': False, '202512': False, '202603': False, '202606': False, '202609': True, '202612': True, '202703': True, '202706': True, '202709': True, '202712': True}","{'202503': 12, '202506': 12, '202509': 13, '202512': 9, '202603': 12, '202606': 12, '202609': 13, '202612': 11, '202703': 8, '202706': 7, '202709': 8, '202712': 8}",21.5,13,중상
소재,소재,소재,48175847704310,202712,True,30.4,,28.3,0,2,20.5,"{'202503': 20.0, '202506': 6.4, '202509': 20.8, '202512': 11.1, '202603': 29.0, '202606': 71.7, '202609': 63.9, '202612': 92.2, '202703': 37.2, '202706': 25.7, '202709': 28.3, '202712': 30.4}",{},"{'202503': False, '202506': False, '202509': False, '202512': False, '202603': False, '202606': False, '202609': True, '202612': True, '202703': True, '202706': True, '202709': True, '202712': True}","{'202503': 19, '202506': 24, '202509': 21, '202512': 22, '202603': 23, '202606': 26, '202609': 24, '202612': 25, '202703': 10, '202706': 10, '202709': 10, '202712': 10}",84.1,27,중하
지주,지주,지주,101898429804855,202712,True,16.5,,9.8,0,1,120.8,"{'202503': -3.2, '202506': -12.9, '202509': 5.2, '202512': -9.3, '202603': 41.7, '202606': 65.8, '202609': 27.0, '202612': 186.6, '202703': 58.6, '202706': 27.3, '202709': 9.8, '202712': 16.5}",{},"{'202503': False, '202506': False, '202509': False, '202512': False, '202603': False, '202606': False, '202609': True, '202612': True, '202703': True, '202706': True, '202709': True, '202712': True}","{'202503': 23, '202506': 22, '202509': 20, '202512': 13, '202603': 23, '202606': 22, '202609': 22, '202612': 17, '202703': 2, '202706': 2, '202709': 2, '202712': 2}",58.7,24,중하
자동차,자동차,자동차,207604394836910,202712,True,5.9,,8.8,0,0,14.6,"{'202503': -9.8, '202506': -10.2, '202509': -1.5, '202512': 21.1, '202603': 5.1, '202606': 2.1, '202609': 14.8, '202612': 16.7, '202703': 12.1, '202706': 10.9, '202709': 8.8, '202712': 5.9}",{},"{'202503': False, '202506': False, '202509': False, '202512': False, '202603': False, '202606': False, '202609': True, '202612': True, '202703': True, '202706': True, '202709': True, '202712': True}","{'202503': 25, '202506': 25, '202509': 25, '202512': 25, '202603': 26, '202606': 24, '202609': 26, '202612': 27, '202703': 11, '202706': 9, '202709': 9, '202712': 9}",43.2,28,중
보험,보험,보험,115566607929800,202612,True,7.5,,-3.0,0,1,-3.9,"{'202503': -5.8, '202506': -7.1, '202509': 23.8, '202512': 30.1, '202603': 32.2, '202606': 11.4, '202609': -3.0, '202612': 7.5}",{},"{'202503': False, '202506': False, '202509': False, '202512': False, '202603': False, '202606': False, '202609': True, '202612': True}","{'202503': 10, '202506': 10, '202509': 10, '202512': 9, '202603': 10, '202606': 10, '202609': 10, '202612': 9}",123.5,10,하
IDM,IDM,IDM,3110071876446000,202712,True,21.4,,34.7,0,0,-775.5,"{'202503': 190.0, '202506': 31.3, '202509': 74.0, '202512': 144.3, '202603': 520.7, '202606': 1214.9, '202609': 597.8, '202612': 439.4, '202703': 136.9, '202706': 62.0, '202709': 34.7, '202712': 21.4}",{},"{'202503': False, '202506': False, '202509': False, '202512': False, '202603': False, '202606': False, '202609': True, '202612': True, '202703': True, '202706': True, '202709': True, '202712': True}","{'202503': 3, '202506': 3, '202509': 3, '202512': 3, '202603': 3, '202606': 3, '202609': 3, '202612': 3, '202703': 2, '202706': 2, '202709': 2, '202712': 2}",-6.3,3,상
건설,건설,건설,134634330506630,202712,True,9.3,,15.8,0,0,19.3,"{'202503': -6.8, '202506': 1.6, '202509': 0.0, '202512': -4.2, '202603': 29.3, '202606': 34.4, '202609': 45.0, '202612': 53.7, '202703': 13.1, '202706': 18.6, '202709': 15.8, '202712': 9.3}",{},"{'202503': False, '202506': False, '202509': False, '202512': False, '202603': False, '202606': False, '202609': True, '202612': True, '202703': True, '202706': True, '202709': True, '202712': True}","{'202503': 23, '202506': 21, '202509': 22, '202512': 17, '202603': 24, '202606': 24, '202609': 25, '202612': 20, '202703': 15, '202706': 15, '202709': 15, '202712': 15}",78.3,26,중하
조선,조선,조선,139149872970970,202712,True,16.1,,17.1,0,0,-14.2,"{'202503': 115.8, '202506': 47.4, '202509': 88.9, '202512': 56.3, '202603': 40.2, '202606': 50.2, '202609': 52.4, '202612': 36.0, '202703': 34.8, '202706': 17.4, '202709': 17.1, '202712': 16.1}",{},"{'202503': False, '202506': False, '202509': False, '202512': False, '202603': False, '202606': False, '202609': True, '202612': True, '202703': True, '202706': True, '202709': True, '202712': True}","{'202503': 18, '202506': 16, '202509': 18, '202512': 17, '202603': 18, '202606': 18, '202609': 18, '202612': 18, '202703': 13, '202706': 13, '202709': 13, '202712': 13}",-3.9,18,상
로직,로직,로직,13702264899320,202712,True,48.6,,98.2,0,0,37.0,"{'202503': 721.8, '202506': 66.3, '202509': -5.9, '202512': -1.9, '202603': 1.4, '202606': 22.8, '202609': 54.5, '202612': 59.8, '202703': 206.0, '202706': 122.2, '202709': 98.2, '202712': 48.6}",{},"{'202503': False, '202506': False, '202509': False, '202512': False, '202603': False, '202606': False, '202609': True, '202612': True, '202703': True, '202706': True, '202709': True, '202712': True}","{'202503': 3, '202506': 3, '202509': 4, '202512': 5, '202603': 3, '202606': 3, '202609': 5, '202612': 7, '202703': 3, '202706': 3, '202709': 3, '202712': 3}",25.0,10,중상
화장품,화장품,화장품,46227318810340,202712,True,19.6,,24.7,0,0,40.7,"{'202503': 5.9, '202506': 10.8, '202509': 11.1, '202512': 17.9, '202603': 19.0, '202606': 24.4, '202609': 36.0, '202612': 65.1, '202703': 26.1, '202706': 17.4, '202709': 24.7, '202712': 19.6}",{},"{'202503': False, '202506': False, '202509': False, '202512': False, '202603': False, '202606': False, '202609': True, '202612': True, '202703': True, '202706': True, '202709': True, '202712': True}","{'202503': 19, '202506': 21, '202509': 20, '202512': 19, '202603': 21, '202606': 22, '202609': 20, '202612': 20, '202703': 9, '202706': 9, '202709': 7, '202712': 7}",49.6,23,중
정유화학,정유화학,정유화학,67290883592530,202712,True,-4.3,,6.3,0,0,-46.6,"{'202503': 20.0, '202506': -13.8, '202509': 3.5, '202512': -2.7, '202603': 16.6, '202606': 184.3, '202609': 63.2, '202612': 137.7, '202703': 11.8, '202706': -34.5, '202709': 6.3, '202712': -4.3}",{},"{'202503': False, '202506': False, '202509': False, '202512': False, '202603': False, '202606': False, '202609': True, '202612': True, '202703': True, '202706': True, '202709': True, '202712': True}","{'202503': 12, '202506': 13, '202509': 12, '202512': 14, '202603': 13, '202606': 13, '202609': 15, '202612': 15, '202703': 5, '202706': 6, '202709': 5, '202712': 5}",54.6,20,중하
철강,철강,철강,34349084105420,202712,True,82.6,,90.9,0,0,997.4,"{'202503': -29.6, '202506': -36.7, '202509': 24.4, '202512': -80.7, '202603': -25.6, '202606': 33.7, '202609': 2.2, '202612': 1031.1, '202703': 417.9, '202706': 190.0, '202709': 90.9, '202712': 82.6}",{},"{'202503': False, '202506': False, '202509': False, '202512': False, '202603': False, '202606': False, '202609': True, '202612': True, '202703': True, '202706': True, '202709': True, '202712': True}","{'202503': 8, '202506': 9, '202509': 8, '202512': 4, '202603': 8, '202606': 8, '202609': 8, '202612': 7, '202703': 3, '202706': 2, '202709': 1, '202712': 1}",142.2,10,하
전력기기,전력기기,전력기기,118434429314300,202712,True,25.9,,19.5,0,2,9.8,"{'202503': 42.2, '202506': 34.2, '202509': 22.1, '202512': 42.2, '202603': 33.4, '202606': 53.0, '202609': 58.4, '202612': 62.8, '202703': 18.7, '202706': 12.7, '202709': 19.5, '202712': 25.9}",{},"{'202503': False, '202506': False, '202509': False, '202512': False, '202603': False, '202606': False, '202609': True, '202612': True, '202703': True, '202706': True, '202709': True, '202712': True}","{'202503': 11, '202506': 12, '202509': 12, '202512': 11, '202603': 12, '202606': 12, '202609': 12, '202612': 11, '202703': 9, '202706': 9, '202709': 9, '202712': 9}",359.3,13,하
의류,의류,의류,11273606717160,202612,True,23.9,,58.9,0,0,-65.8,"{'202503': -9.9, '202506': -30.3, '202509': -6.7, '202512': -0.1, '202603': 15.2, '202606': 89.7, '202609': 58.9, '202612': 23.9}",{},"{'202503': False, '202506': False, '202509': False, '202512': False, '202603': False, '202606': False, '202609': True, '202612': True}","{'202503': 13, '202506': 12, '202509': 12, '202512': 9, '202603': 12, '202606': 12, '202609': 12, '202612': 10}",15.1,13,중상
통신,통신,통신,47250714017145,202712,True,112.2,,77.0,1,3,94.1,"{'202503': 0.4, '202506': -18.7, '202509': -1.5, '202512': 72.6, '202603': 22.6, '202606': 15.0, '202609': 260.8, '202612': 109.1, '202703': 38.2, '202706': 67.5, '202709': 77.0, '202712': 112.2}",{},"{'202503': False, '202506': False, '202509': False, '202512': False, '202603': False, '202606': False, '202609': True, '202612': True, '202703': True, '202706': True, '202709': True, '202712': True}","{'202503': 10, '202506': 9, '202509': 8, '202512': 8, '202603': 11, '202606': 13, '202609': 13, '202612': 11, '202703': 6, '202706': 5, '202709': 6, '202712': 6}",110.4,18,하
반도체_장비,반도체 장비,반도체 장비,82034496458850,202712,True,0.3,,33.0,0,0,89.8,"{'202503': 49.0, '202506': 27.1, '202509': -1.4, '202512': -26.1, '202603': 61.4, '202606': 68.7, '202609': 245.7, '202612': 158.5, '202703': 209.7, '202706': 87.2, '202709': 33.0, '202712': 0.3}",{},"{'202503': False, '202506': False, '202509': False, '202512': False, '202603': False, '202606': False, '202609': True, '202612': True, '202703': True, '202706': True, '202709': True, '202712': True}","{'202503': 20, '202506': 22, '202509': 21, '202512': 22, '202603': 24, '202606': 27, '202609': 26, '202612': 28, '202703': 10, '202706': 12, '202709': 13, '202712': 13}",108.8,34,하
MLCC_기판,MLCC/기판,MLCC/기판,137041036643970,202712,True,40.7,,52.9,0,0,-85.6,"{'202503': 248.6, '202506': -31.7, '202509': 405.0, '202512': 372.8, '202603': 107.6, '202606': 194.1, '202609': 175.7, '202612': 108.5, '202703': 219.6, '202706': 66.8, '202709': 52.9, '202712': 40.7}",{},"{'202503': False, '202506': False, '202509': False, '202512': False, '202603': False, '202606': False, '202609': True, '202612': True, '202703': True, '202706': True, '202709': True, '202712': True}","{'202503': 7, '202506': 8, '202509': 9, '202512': 5, '202603': 9, '202606': 12, '202609': 13, '202612': 11, '202703': 5, '202706': 5, '202709': 5, '202712': 5}",86.1,13,하
이차전지,이차전지,이차전지,197016077516750,202712,True,83.2,,129.3,0,0,36.0,"{'202503': -17.4, '202506': -4.6, '202509': 1.6, '202512': 28.3, '202603': 98.8, '202606': 79.8, '202609': 56.5, '202612': 115.8, '202703': 42.1, '202706': 69.0, '202709': 129.3, '202712': 83.2}",{},"{'202503': False, '202506': False, '202509': False, '202512': False, '202603': False, '202606': False, '202609': True, '202612': True, '202703': True, '202706': True, '202709': True, '202712': True}","{'202503': 15, '202506': 19, '202509': 15, '202512': 12, '202603': 13, '202606': 17, '202609': 21, '202612': 20, '202703': 4, '202706': 7, '202709': 8, '202712': 10}",11.3,36,중상
항공,항공,항공,14481204221167,202712,True,117.6,,67.0,1,1,,"{'202503': -28.8, '202506': -16.4, '202509': -76.3, '202512': -66.6, '202603': -1.8, '202609': 122.4, '202612': 22.9, '202703': 39.9, '202709': 67.0, '202712': 117.6}",{},"{'202503': False, '202506': False, '202509': False, '202512': False, '202603': False, '202606': False, '202609': True, '202612': True, '202703': True, '202706': True, '202709': True, '202712': True}","{'202503': 4, '202506': 1, '202509': 1, '202512': 1, '202603': 3, '202606': 0, '202609': 1, '202612': 2, '202703': 1, '202706': 0, '202709': 1, '202712': 1}",25.6,6,중상
증권,증권,증권,86166931746400,202712,True,11.3,,25.1,0,0,-101.9,"{'202503': -3.2, '202506': 27.9, '202509': 38.5, '202512': 70.6, '202603': 108.5, '202606': 127.8, '202609': 21.7, '202612': 25.9, '202703': -8.5, '202706': -22.0, '202709': 25.1, '202712': 11.3}",{},"{'202503': False, '202506': False, '202509': False, '202512': False, '202603': False, '202606': False, '202609': True, '202612': True, '202703': True, '202706': True, '202709': True, '202712': True}","{'202503': 8, '202506': 8, '202509': 8, '202512': 7, '202603': 9, '202606': 9, '202609': 9, '202612': 9, '202703': 6, '202706': 6, '202709': 6, '202712': 6}",13.6,9,중상
에너지,에너지,에너지,10772979564900,202712,True,12.8,,68.9,0,0,100.9,"{'202503': -14.0, '202506': -25.0, '202509': 68.9, '202512': 76.6, '202603': 68.7, '202606': -16.3, '202609': 30.3, '202612': 84.6, '202703': 96.6, '202706': 98.8, '202709': 68.9, '202712': 12.8}",{},"{'202503': False, '202506': False, '202509': False, '202512': False, '202603': False, '202606': False, '202609': True, '202612': True, '202703': True, '202706': True, '202709': True, '202712': True}","{'202503': 8, '202506': 9, '202509': 8, '202512': 8, '202603': 6, '202606': 8, '202609': 8, '202612': 9, '202703': 3, '202706': 3, '202709': 3, '202712': 3}",61.5,11,중하
해운,해운,해운,23745365801980,202712,True,-17.2,,-23.4,0,1,-47.5,"{'202503': 5.5, '202506': -42.3, '202509': -31.5, '202512': -22.4, '202603': -5.1, '202606': 66.6, '202609': 48.3, '202612': 19.1, '202703': -0.3, '202706': -19.5, '202709': -23.4, '202712': -17.2}",{},"{'202503': False, '202506': False, '202509': False, '202512': False, '202603': False, '202606': False, '202609': True, '202612': True, '202703': True, '202706': True, '202709': True, '202712': True}","{'202503': 3, '202506': 3, '202509': 3, '202512': 3, '202603': 3, '202606': 3, '202609': 3, '202612': 3, '202703': 3, '202706': 3, '202709': 3, '202712': 3}",52.5,3,중
호텔레저,호텔레저,호텔레저,9558206292144,202712,True,59.8,,35.4,0,2,-3.3,"{'202503': 19.9, '202506': 81.0, '202509': 21.2, '202512': 6.9, '202603': -0.1, '202606': 28.3, '202609': 25.7, '202612': 25.0, '202703': 62.4, '202706': 17.8, '202709': 35.4, '202712': 59.8}",{},"{'202503': False, '202506': False, '202509': False, '202512': False, '202603': False, '202606': False, '202609': True, '202612': True, '202703': True, '202706': True, '202709': True, '202712': True}","{'202503': 9, '202506': 9, '202509': 8, '202512': 7, '202603': 10, '202606': 9, '202609': 10, '202612': 8, '202703': 4, '202706': 1, '202709': 1, '202712': 1}",53.7,11,중
개별주,개별주,개별주,18893344906650,202712,True,7.9,,16.6,0,0,8.6,"{'202503': -2.8, '202506': -3.2, '202509': -11.6, '202512': 9.1, '202603': 11.0, '202606': 16.4, '202609': 21.4, '202612': 25.0, '202703': 47.0, '202706': 44.2, '202709': 16.6, '202712': 7.9}",{},"{'202503': False, '202506': False, '202509': False, '202512': False, '202603': False, '202606': False, '202609': True, '202612': True, '202703': True, '202706': True, '202709': True, '202712': True}","{'202503': 23, '202506': 26, '202509': 23, '202512': 19, '202603': 24, '202606': 27, '202609': 24, '202612': 21, '202703': 1, '202706': 1, '202709': 1, '202712': 1}",-14.0,31,상
태양광__풍력,"태양광, 풍력","태양광, 풍력",16590105255780,202712,True,64.4,,45.9,0,2,27.6,"{'202503': 41.0, '202506': 42.5, '202509': 26.1, '202512': 87.9, '202603': 96.0, '202606': 37.2, '202609': 538.6, '202612': 64.8, '202703': 316.3, '202706': 18.8, '202709': 45.9, '202712': 64.4}",{},"{'202503': False, '202506': False, '202509': False, '202512': False, '202603': False, '202606': False, '202609': True, '202612': True, '202703': True, '202706': True, '202709': True, '202712': True}","{'202503': 5, '202506': 7, '202509': 7, '202512': 8, '202603': 8, '202606': 9, '202609': 8, '202612': 9, '202703': 4, '202706': 4, '202709': 4, '202712': 4}",64.1,11,중하
IT_SW,IT SW,IT SW,82170737789160,202712,True,19.8,,22.7,0,0,-2.7,"{'202503': 36.3, '202506': 3.7, '202509': 8.0, '202512': 16.1, '202603': 15.9, '202606': 22.5, '202609': 11.4, '202612': 19.8, '202703': 56.1, '202706': 22.1, '202709': 22.7, '202712': 19.8}",{},"{'202503': False, '202506': False, '202509': False, '202512': False, '202603': False, '202606': False, '202609': True, '202612': True, '202703': True, '202706': True, '202709': True, '202712': True}","{'202503': 19, '202506': 21, '202509': 21, '202512': 22, '202603': 20, '202606': 22, '202609': 23, '202612': 22, '202703': 7, '202706': 6, '202709': 6, '202712': 6}",28.6,23,중
휴대폰_부품,휴대폰 부품,휴대폰 부품,16940524295305,202712,True,-7.1,,42.6,0,0,27.9,"{'202503': -30.1, '202506': 5.1, '202509': 19.2, '202512': -11.4, '202603': 29.9, '202606': 7.9, '202609': 77.6, '202612': 35.8, '202703': 21.7, '202706': 179.2, '202709': 42.6, '202712': -7.1}",{},"{'202503': False, '202506': False, '202509': False, '202512': False, '202603': False, '202606': False, '202609': True, '202612': True, '202703': True, '202706': True, '202709': True, '202712': True}","{'202503': 10, '202506': 13, '202509': 13, '202512': 10, '202603': 10, '202606': 10, '202609': 12, '202612': 11, '202703': 2, '202706': 2, '202709': 2, '202712': 2}",79.8,14,중하
방산,방산,방산,115339949956370,202712,True,41.4,,39.9,0,1,29.7,"{'202503': 75.2, '202506': 8.6, '202509': 57.7, '202512': -3.8, '202603': 25.3, '202606': 34.3, '202609': 18.5, '202612': 64.0, '202703': 56.5, '202706': 46.7, '202709': 39.9, '202712': 41.4}",{},"{'202503': False, '202506': False, '202509': False, '202512': False, '202603': False, '202606': False, '202609': True, '202612': True, '202703': True, '202706': True, '202709': True, '202712': True}","{'202503': 12, '202506': 13, '202509': 14, '202512': 13, '202603': 13, '202606': 14, '202609': 14, '202612': 13, '202703': 6, '202706': 6, '202709': 6, '202712': 6}",43.6,14,중
유틸리티,유틸리티,유틸리티,39089819348050,202712,True,235.1,,58.6,1,3,15.0,"{'202503': 43.2, '202506': 48.8, '202509': 95.0, '202512': -5.1, '202603': 63.9, '202606': 12.4, '202609': -8.7, '202612': 27.4, '202703': -2.8, '202706': 37.5, '202709': 58.6, '202712': 235.1}",{},"{'202503': False, '202506': False, '202509': False, '202512': False, '202603': False, '202606': False, '202609': True, '202612': True, '202703': True, '202706': True, '202709': True, '202712': True}","{'202503': 6, '202506': 5, '202509': 6, '202512': 6, '202603': 6, '202606': 4, '202609': 6, '202612': 6, '202703': 3, '202706': 3, '202709': 2, '202712': 2}",26.3,6,중
은행,은행,은행,217645934470880,202712,True,-14.6,,7.0,0,0,18.3,"{'202503': -6.6, '202506': 0.2, '202509': 2.1, '202512': 36.2, '202603': 0.7, '202606': 7.5, '202609': 12.6, '202612': 25.8, '202703': 10.3, '202706': 8.3, '202709': 7.0, '202712': -14.6}",{},"{'202503': False, '202506': False, '202509': False, '202512': False, '202603': False, '202606': False, '202609': True, '202612': True, '202703': True, '202706': True, '202709': True, '202712': True}","{'202503': 9, '202506': 9, '202509': 9, '202512': 8, '202603': 9, '202606': 9, '202609': 9, '202612': 9, '202703': 8, '202706': 8, '202709': 8, '202712': 8}",103.1,9,하
후공정_테스트,후공정/테스트,후공정/테스트,18241545802290,202712,True,31.2,,21.7,0,1,158.7,"{'202503': 536.4, '202506': 42.5, '202509': 874.6, '202512': 183.9, '202603': 171.3, '202606': 58.6, '202609': 114.6, '202612': 217.3, '202703': 35.5, '202706': 28.1, '202709': 21.7, '202712': 31.2}",{},"{'202503': False, '202506': False, '202509': False, '202512': False, '202603': False, '202606': False, '202609': True, '202612': True, '202703': True, '202706': True, '202709': True, '202712': True}","{'202503': 6, '202506': 8, '202509': 6, '202512': 6, '202603': 7, '202606': 8, '202609': 8, '202612': 9, '202703': 3, '202706': 3, '202709': 3, '202712': 3}",21.2,12,중상
원전,원전,원전,66671074449300,202712,True,28.9,,39.0,0,0,70.0,"{'202503': 50.5, '202506': 96.9, '202509': 98.2, '202512': 79.9, '202603': 181.8, '202606': -4.7, '202609': 65.7, '202612': 65.3, '202703': 32.2, '202706': 225.4, '202709': 39.0, '202712': 28.9}",{},"{'202503': False, '202506': False, '202509': False, '202512': False, '202603': False, '202606': False, '202609': True, '202612': True, '202703': True, '202706': True, '202709': True, '202712': True}","{'202503': 6, '202506': 6, '202509': 6, '202512': 6, '202603': 6, '202606': 6, '202609': 7, '202612': 6, '202703': 3, '202706': 3, '202709': 3, '202712': 3}",127.5,7,하
엔터,엔터,엔터,14460133978728,202712,True,12.4,,17.1,0,0,-47.5,"{'202503': -11.1, '202506': 3.6, '202509': 22.2, '202512': 131.2, '202603': 52.7, '202606': 52.8, '202609': -5.5, '202612': 5.3, '202703': 5.4, '202706': 38.7, '202709': 17.1, '202712': 12.4}",{},"{'202503': False, '202506': False, '202509': False, '202512': False, '202603': False, '202606': False, '202609': True, '202612': True, '202703': True, '202706': True, '202709': True, '202712': True}","{'202503': 12, '202506': 12, '202509': 9, '202512': 12, '202603': 12, '202606': 13, '202609': 14, '202612': 14, '202703': 5, '202706': 4, '202709': 4, '202712': 4}",-10.4,15,상
디스플레이,디스플레이,디스플레이,8593109732705,202712,True,33.2,,38.9,0,0,44.2,"{'202503': 4.6, '202506': 64.8, '202509': 11.2, '202512': 260.7, '202603': 70.9, '202606': 16.8, '202609': 8.6, '202612': 61.0, '202703': -17.5, '202706': 31.4, '202709': 38.9, '202712': 33.2}",{},"{'202503': False, '202506': False, '202509': False, '202512': False, '202603': False, '202606': False, '202609': True, '202612': True, '202703': True, '202706': True, '202709': True, '202712': True}","{'202503': 4, '202506': 7, '202509': 6, '202512': 6, '202603': 6, '202606': 6, '202609': 8, '202612': 7, '202703': 2, '202706': 1, '202709': 2, '202712': 2}",18.0,9,중상
게임,게임,게임,24990586472472,202712,True,6.3,,9.5,0,0,397.2,"{'202503': 112.2, '202506': 13.8, '202509': 2.5, '202512': 15.1, '202603': 239.6, '202606': 149.2, '202609': -25.2, '202612': 546.4, '202703': 22.2, '202706': 2.6, '202709': 9.5, '202712': 6.3}",{},"{'202503': False, '202506': False, '202509': False, '202512': False, '202603': False, '202606': False, '202609': True, '202612': True, '202703': True, '202706': True, '202709': True, '202712': True}","{'202503': 11, '202506': 10, '202509': 7, '202512': 9, '202603': 10, '202606': 10, '202609': 7, '202612': 10, '202703': 8, '202706': 8, '202709': 8, '202712': 8}",86.8,13,하
건설기계,건설기계,건설기계,12384351619190,202712,True,-9.4,,-9.3,0,0,-38.4,"{'202503': -0.8, '202506': 30.5, '202509': 81.7, '202512': 4.6, '202603': 135.5, '202606': 180.1, '202609': 89.7, '202612': 141.7, '202703': 20.6, '202706': -12.0, '202709': -9.3, '202712': -9.4}",{},"{'202503': False, '202506': False, '202509': False, '202512': False, '202603': False, '202606': False, '202609': True, '202612': True, '202703': True, '202706': True, '202709': True, '202712': True}","{'202503': 3, '202506': 3, '202509': 3, '202512': 3, '202603': 3, '202606': 3, '202609': 3, '202612': 3, '202703': 1, '202706': 1, '202709': 1, '202712': 1}",52.0,3,중
의료기기,의료기기,의료기기,7567714135570,202712,True,70.1,,99.4,0,0,44.5,"{'202503': 4.1, '202506': 29.6, '202509': 16.8, '202512': 2.6, '202603': 33.8, '202606': -0.1, '202609': 44.6, '202612': 44.4, '202703': 90.4, '202706': 74.9, '202709': 99.4, '202712': 70.1}",{},"{'202503': False, '202506': False, '202509': False, '202512': False, '202603': False, '202606': False, '202609': True, '202612': True, '202703': True, '202706': True, '202709': True, '202712': True}","{'202503': 12, '202506': 12, '202509': 15, '202512': 11, '202603': 13, '202606': 14, '202609': 15, '202612': 14, '202703': 6, '202706': 5, '202709': 6, '202712': 6}",4.4,16,상
로봇,로봇,로봇,42831767138580,202712,True,28.6,,65.1,0,0,-108.7,"{'202503': 329.6, '202506': 52.1, '202509': 167.0, '202512': 75.5, '202603': -7.5, '202606': 221.7, '202609': 292.6, '202612': 113.0, '202703': 38.9, '202706': 80.5, '202709': 65.1, '202712': 28.6}",{},"{'202503': False, '202506': False, '202509': False, '202512': False, '202603': False, '202606': False, '202609': True, '202612': True, '202703': True, '202706': True, '202709': True, '202712': True}","{'202503': 3, '202506': 4, '202509': 3, '202512': 2, '202603': 3, '202606': 4, '202609': 4, '202612': 3, '202703': 3, '202706': 4, '202709': 4, '202712': 4}",66.7,7,중하
주사제,주사제,주사제,8717209574080,202712,True,33.7,,12.1,0,2,12.4,"{'202503': 66.8, '202506': -5.8, '202509': 6.3, '202512': -9.5, '202603': 1.8, '202606': 35.5, '202609': 26.8, '202612': 47.9, '202703': 47.1, '202706': 8.6, '202709': 12.1, '202712': 33.7}",{},"{'202503': False, '202506': False, '202509': False, '202512': False, '202603': False, '202606': False, '202609': True, '202612': True, '202703': True, '202706': True, '202709': True, '202712': True}","{'202503': 7, '202506': 9, '202509': 9, '202512': 7, '202603': 9, '202606': 9, '202609': 9, '202612': 7, '202703': 4, '202706': 4, '202709': 4, '202712': 4}",3.2,9,상
우주,우주,우주,4481973713680,202712,True,83.0,,106.8,0,0,134.5,"{'202503': 22.8, '202506': 1951.3, '202509': 213.2, '202512': 124.4, '202603': 94.0, '202606': 39.6, '202609': 225.9, '202612': 174.1, '202703': 301.2, '202706': 196.1, '202709': 106.8, '202712': 83.0}",{},"{'202503': False, '202506': False, '202509': False, '202512': False, '202603': False, '202606': False, '202609': True, '202612': True, '202703': True, '202706': True, '202709': True, '202712': True}","{'202503': 2, '202506': 4, '202509': 1, '202512': 2, '202603': 4, '202606': 5, '202609': 4, '202612': 5, '202703': 3, '202706': 3, '202709': 3, '202712': 3}",-139.3,10,상
