date,kospi_adv,kospi_dec,kosdaq_adv,kosdaq_dec
2023-08-14,290,604,440,1095
2023-08-16,136,780,258,1294
2023-08-17,240,648,579,957
2023-08-18,360,523,562,959
2023-08-21,459,436,804,693
2023-08-22,376,499,566,946
2023-08-23,368,505,639,866
2023-08-24,540,324,1093,423
2023-08-25,368,491,552,958
2023-08-28,728,155,1076,436
2023-08-29,624,249,1143,373
2023-08-30,462,398,988,517
2023-08-31,356,516,586,925
2023-09-01,316,553,654,866
2023-09-04,431,436,622,906
2023-09-05,341,538,698,781
2023-09-06,290,591,634,881
2023-09-07,187,699,384,1149
2023-09-08,611,268,867,634
2023-09-11,508,359,797,719
2023-09-12,234,640,455,1072
2023-09-13,322,553,375,1157
2023-09-14,611,254,1039,470
2023-09-15,644,240,954,553
2023-09-18,330,551,479,1067
2023-09-19,303,580,373,1154
2023-09-20,353,521,489,1029
2023-09-21,117,800,173,1390
2023-09-22,289,596,505,1015
2023-09-25,223,664,303,1236
2023-09-26,151,741,335,1205
2023-09-27,631,249,1213,322
2023-10-04,77,835,165,1413
2023-10-05,298,585,483,1046
2023-10-06,655,221,1303,251
2023-10-10,262,628,306,1255
2023-10-11,714,180,1315,216
2023-10-12,679,203,1236,302
2023-10-13,280,594,390,1148
2023-10-16,252,645,288,1258
2023-10-17,583,283,1137,380
2023-10-18,392,478,399,1135
2023-10-19,95,812,157,1431
2023-10-20,135,761,278,1297
2023-10-23,285,596,466,1065
2023-10-24,634,249,1328,238
2023-10-25,615,270,797,730
2023-10-26,81,836,159,1418
2023-10-27,448,421,738,781
2023-10-30,595,283,1036,488
2023-10-31,252,644,317,1237
2023-11-01,639,253,1120,422
2023-11-02,696,208,1376,190
2023-11-03,720,161,1235,317
2023-11-06,744,153,1253,316
2023-11-07,245,637,428,1121
2023-11-08,381,500,715,818
2023-11-09,435,445,463,1073
2023-11-10,261,603,379,1179
2023-11-13,285,593,316,1235
2023-11-14,712,182,1265,300
2023-11-15,752,143,1268,294
2023-11-16,549,312,1029,516
2023-11-17,271,616,396,1158
2023-11-20,652,230,1183,366
2023-11-21,600,274,955,558
2023-11-22,432,422,639,871
2023-11-23,405,471,672,861
2023-11-24,455,415,779,731
2023-11-27,350,529,494,1085
2023-11-28,458,421,661,891
2023-11-29,274,601,568,967
2023-11-30,564,323,946,581
2023-12-01,387,492,685,858
2023-12-04,461,413,648,900
2023-12-05,359,518,387,1187
2023-12-06,502,373,1028,519
2023-12-07,355,529,488,1051
2023-12-08,542,340,1072,464
2023-12-11,482,376,910,635
2023-12-12,410,457,778,759
2023-12-13,272,599,411,1156
2023-12-14,467,419,827,704
2023-12-15,500,380,780,767
2023-12-18,453,432,941,585
2023-12-19,364,525,776,752
2023-12-20,685,205,948,587
2023-12-21,260,618,526,1030
2023-12-22,436,431,677,870
2023-12-26,380,494,474,1092
2023-12-27,302,593,901,675
2023-12-28,683,210,1127,432
2024-01-02,440,450,1152,417
2024-01-03,281,612,665,890
2024-01-04,279,616,469,1093
2024-01-05,343,519,835,699
2024-01-08,361,501,841,704
2024-01-09,574,290,1083,466
2024-01-10,337,540,522,1030
2024-01-11,438,442,926,608
2024-01-12,270,621,338,1235
2024-01-15,307,577,546,1010
2024-01-16,231,651,454,1103
2024-01-17,72,852,183,1408
2024-01-18,422,448,992,563
2024-01-19,521,347,1023,525
2024-01-22,296,579,756,791
2024-01-23,485,381,825,704
2024-01-24,272,612,549,1003
2024-01-25,425,447,378,1179
2024-01-26,552,313,994,556
2024-01-29,527,362,422,1136
2024-01-30,497,386,682,838
2024-01-31,353,527,334,1236
2024-02-01,670,242,649,890
2024-02-02,713,182,1183,386
2024-02-05,437,460,585,960
2024-02-06,265,616,551,1005
2024-02-07,644,241,712,810
2024-02-08,448,439,967,578
2024-02-13,599,287,1173,379
2024-02-14,381,509,1007,531
2024-02-15,333,541,775,733
2024-02-16,628,250,828,716
2024-02-19,619,263,843,707
2024-02-20,280,592,661,901
2024-02-21,317,554,519,1053
2024-02-22,351,510,701,855
2024-02-23,342,518,491,1074
2024-02-26,233,660,544,1012
2024-02-27,150,748,299,1292
2024-02-28,561,304,868,654
2024-02-29,343,548,524,1045
2024-03-04,438,445,759,804
2024-03-05,282,610,463,1121
2024-03-06,344,536,655,906
2024-03-07,299,593,457,1126
2024-03-08,523,352,879,675
2024-03-11,357,518,771,804
2024-03-12,368,496,734,818
2024-03-13,447,431,797,754
2024-03-14,511,367,635,918
2024-03-15,326,549,568,978
2024-03-18,434,442,873,672
2024-03-19,279,604,486,1067
2024-03-20,481,382,744,800
2024-03-21,655,219,974,567
2024-03-22,487,384,830,700
2024-03-25,339,529,699,854
2024-03-26,456,405,702,839
2024-03-27,368,502,639,900
2024-03-28,294,562,595,949
2024-03-29,273,605,600,953
2024-04-01,577,296,1110,456
2024-04-02,222,667,348,1232
2024-04-03,246,637,445,1114
2024-04-04,418,468,705,835
2024-04-05,247,635,457,1100
2024-04-08,278,593,359,1205
2024-04-09,371,492,671,852
2024-04-11,271,610,547,986
2024-04-12,371,509,794,736
2024-04-15,303,583,407,1148
2024-04-16,124,776,234,1341
2024-04-17,409,457,842,668
2024-04-18,770,127,1306,243
2024-04-19,240,632,356,1208
2024-04-22,662,228,850,690
2024-04-23,472,406,719,797
2024-04-24,612,273,1196,344
2024-04-25,361,491,504,1030
2024-04-26,461,409,737,778
2024-04-29,719,167,1153,360
2024-04-30,442,410,817,686
2024-05-02,359,516,811,715
2024-05-03,394,478,753,741
2024-05-07,585,286,920,602
2024-05-08,577,283,895,638
2024-05-09,355,536,540,990
2024-05-10,493,366,694,839
2024-05-13,381,485,487,1043
2024-05-14,527,344,1019,515
2024-05-16,534,347,895,645
2024-05-17,307,577,496,1045
2024-05-20,405,476,501,1044
2024-05-21,292,588,621,931
2024-05-22,402,478,603,913
2024-05-23,349,534,656,872
2024-05-24,264,621,489,1051
2024-05-27,425,443,686,849
2024-05-28,406,467,790,739
2024-05-29,220,676,401,1179
2024-05-30,199,683,484,1076
2024-05-31,534,335,774,754
2024-06-03,637,249,1024,515
2024-06-04,228,645,494,1068
2024-06-05,421,444,628,903
2024-06-07,463,402,794,734
2024-06-10,379,500,699,851
2024-06-11,351,513,608,934
2024-06-12,502,375,855,682
2024-06-13,396,464,713,823
2024-06-14,395,486,488,1070
2024-06-17,362,524,567,1003
2024-06-18,378,499,623,935
2024-06-19,342,539,601,946
2024-06-20,499,371,700,842
2024-06-21,297,581,370,1200
2024-06-24,235,640,356,1239
2024-06-25,497,375,823,731
2024-06-26,355,515,743,817
2024-06-27,264,622,492,1067
2024-06-28,581,296,874,679
2024-07-01,381,495,862,702
2024-07-02,197,694,338,1249
2024-07-03,271,589,430,1151
2024-07-04,486,389,667,881
2024-07-05,400,463,696,857
2024-07-08,519,348,1121,442
2024-07-09,455,409,839,707
2024-07-10,426,434,744,788
2024-07-11,442,415,669,869
2024-07-12,428,433,666,882
2024-07-15,495,382,845,706
2024-07-16,359,500,518,1042
2024-07-17,412,462,557,1003
2024-07-18,277,605,362,1213
2024-07-19,305,575,762,813
2024-07-22,212,676,375,1220
2024-07-23,367,497,691,866
2024-07-24,370,491,701,849
2024-07-25,160,732,298,1290
2024-07-26,596,289,833,717
2024-07-29,636,246,1000,557
2024-07-30,227,667,412,1176
2024-07-31,589,304,831,723
2024-08-01,633,251,1186,387
2024-08-02,60,871,146,1476
2024-08-05,10,924,23,1633
2024-08-06,856,73,1521,115
2024-08-07,730,176,1305,290
2024-08-08,424,468,634,946
2024-08-09,703,202,1371,231
2024-08-12,677,204,1200,379
2024-08-13,325,563,488,1071
2024-08-14,652,236,1172,396
2024-08-16,476,414,863,693
2024-08-19,349,535,506,1105
2024-08-20,649,245,1161,421
2024-08-21,409,450,552,1016
2024-08-22,285,599,365,1214
2024-08-23,429,432,530,1034
2024-08-26,378,509,411,1174
2024-08-27,437,424,750,811
2024-08-28,260,628,560,1023
2024-08-29,283,592,413,1179
2024-08-30,583,293,1147,407
2024-09-02,327,536,598,971
2024-09-03,458,420,571,994
2024-09-04,52,862,120,1507
2024-09-05,358,523,560,1010
2024-09-06,138,764,209,1387
2024-09-09,504,374,970,604
2024-09-10,343,535,455,1139
2024-09-11,345,528,659,894
2024-09-12,766,127,1429,183
2024-09-13,602,271,831,730
2024-09-19,498,373,732,839
2024-09-20,567,319,997,570
2024-09-23,437,451,781,789
2024-09-24,608,265,1087,458
2024-09-25,357,518,780,789
2024-09-26,750,141,1298,295
2024-09-27,417,459,706,858
2024-09-30,182,711,357,1261
2024-10-02,181,706,396,1201
2024-10-04,464,414,791,780
2024-10-07,621,261,1117,460
2024-10-08,306,572,546,1025
2024-10-10,442,428,548,1019
2024-10-11,369,489,589,986
2024-10-14,487,398,793,763
2024-10-15,419,448,771,782
2024-10-16,324,555,472,1112
2024-10-17,359,515,634,924
2024-10-18,269,592,417,1168
2024-10-21,436,429,808,749
2024-10-22,196,692,242,1360
2024-10-23,450,411,950,621
2024-10-24,257,617,389,1216
2024-10-25,260,620,440,1167
2024-10-28,617,274,1116,488
2024-10-29,409,445,798,762
2024-10-30,352,516,652,928
2024-10-31,473,405,882,678
2024-11-01,290,601,393,1189
2024-11-04,622,256,1233,356
2024-11-05,515,359,943,637
2024-11-06,325,556,497,1110
2024-11-07,355,513,528,1051
2024-11-08,391,470,865,708
2024-11-11,187,730,291,1331
2024-11-12,121,791,185,1464
2024-11-13,107,803,224,1411
2024-11-14,430,452,541,1066
2024-11-15,508,391,953,664
2024-11-18,617,284,1017,596
2024-11-19,460,412,820,763
2024-11-20,437,422,617,974
2024-11-21,394,479,569,1029
2024-11-22,518,357,821,758
2024-11-25,611,285,1222,391
2024-11-26,487,391,912,654
2024-11-27,375,518,646,958
2024-11-28,517,363,740,850
2024-11-29,171,727,323,1298
2024-12-02,217,678,371,1250
2024-12-03,735,166,1129,465
2024-12-04,176,737,307,1329
2024-12-05,177,727,436,1178
2024-12-06,250,660,332,1300
2024-12-09,60,870,117,1552
2024-12-10,878,48,1591,75
2024-12-11,812,102,1466,188
2024-12-12,618,280,974,626
2024-12-13,635,255,1252,357
2024-12-16,491,398,1113,484
2024-12-17,386,496,761,843
2024-12-18,583,306,938,656
2024-12-19,214,684,372,1247
2024-12-20,205,707,261,1388
2024-12-23,719,188,1145,487
2024-12-24,392,485,602,1006
2024-12-26,302,592,496,1150
2024-12-27,115,808,347,1287
2024-12-30,444,443,1138,488
2025-01-02,455,427,1195,446
2025-01-03,691,206,1285,344
2025-01-06,630,259,1268,363
2025-01-07,446,428,685,921
2025-01-08,460,411,835,763
2025-01-09,364,521,681,890
2025-01-10,463,410,737,862
2025-01-13,262,640,367,1265
2025-01-14,513,364,1043,543
2025-01-15,270,597,513,1088
2025-01-16,600,281,1123,484
2025-01-17,435,448,673,915
2025-01-20,389,491,674,930
2025-01-21,388,487,696,916
2025-01-22,403,483,748,855
2025-01-23,191,700,381,1251
2025-01-24,545,323,908,669
2025-01-31,335,563,578,1042
2025-02-03,96,825,260,1401
2025-02-04,693,209,1328,313
2025-02-05,590,303,1145,491
2025-02-06,599,282,954,649
2025-02-07,291,601,651,966
2025-02-10,416,458,943,676
2025-02-11,472,410,742,844
2025-02-12,333,555,556,1062
2025-02-13,573,312,914,686
2025-02-14,498,367,768,828
2025-02-17,620,267,1100,514
2025-02-18,480,398,900,690
2025-02-19,575,306,968,646
2025-02-20,452,417,606,1016
2025-02-21,510,371,860,730
2025-02-24,451,423,734,890
2025-02-25,360,530,598,1010
2025-02-26,545,337,836,730
2025-02-27,322,566,508,1101
2025-02-28,95,836,244,1406
2025-03-04,311,594,467,1164
2025-03-05,716,180,1161,466
2025-03-06,486,395,564,1033
2025-03-07,351,542,518,1097
2025-03-10,408,469,676,924
2025-03-11,181,733,458,1169
2025-03-12,511,354,1079,532
2025-03-13,333,540,531,1085
2025-03-14,510,359,1105,480
2025-03-17,530,358,857,750
2025-03-18,436,433,733,866
2025-03-19,506,371,688,886
2025-03-20,334,545,453,1162
2025-03-21,317,566,566,1057
2025-03-24,406,463,737,868
2025-03-25,305,579,504,1126
2025-03-26,458,417,912,678
2025-03-27,282,611,459,1169
2025-03-28,170,730,334,1307
2025-03-31,88,826,213,1450
2025-04-01,716,182,1419,232
2025-04-02,276,595,512,1109
2025-04-03,277,609,584,1017
2025-04-04,562,330,987,645
2025-04-07,68,866,191,1495
2025-04-08,548,343,1075,549
2025-04-09,145,762,311,1342
2025-04-10,877,47,1577,97
2025-04-11,537,343,1232,395
2025-04-14,637,255,1277,344
2025-04-15,709,181,1118,486
2025-04-16,302,577,440,1173
2025-04-17,641,225,1199,407
2025-04-18,621,248,987,615
2025-04-21,500,373,715,872
2025-04-22,462,416,691,905
2025-04-23,629,255,1079,519
2025-04-24,404,458,702,895
2025-04-25,647,239,1020,573
2025-04-28,367,522,452,1157
2025-04-29,660,238,1056,549
2025-04-30,345,551,437,1174
2025-05-02,420,452,753,853
2025-05-07,461,417,953,665
2025-05-08,532,341,1035,559
2025-05-09,353,539,541,1064
2025-05-12,661,240,1097,539
2025-05-13,452,420,861,732
2025-05-14,590,293,1041,569
2025-05-15,298,593,519,1100
2025-05-16,316,581,473,1172
2025-05-19,240,646,447,1201
2025-05-20,554,337,952,662
2025-05-21,540,335,984,626
2025-05-22,258,635,507,1119
2025-05-23,494,398,611,1015
2025-05-26,637,260,945,660
2025-05-27,361,517,607,1007
2025-05-28,579,312,995,613
2025-05-29,751,153,1115,501
2025-05-30,396,489,625,983
2025-06-02,371,525,847,763
2025-06-04,800,120,1213,417
2025-06-05,572,314,1003,613
2025-06-09,700,204,1088,554
2025-06-10,431,463,785,844
2025-06-11,601,284,1094,514
2025-06-12,521,375,756,850
2025-06-13,150,766,254,1415
2025-06-16,621,280,889,736
2025-06-17,324,564,655,954
2025-06-18,428,458,897,716
2025-06-19,432,443,712,890
2025-06-20,489,391,942,670
2025-06-23,267,647,392,1274
2025-06-24,767,139,1291,349
2025-06-25,468,422,697,908
2025-06-26,181,727,341,1299
2025-06-27,247,661,450,1184
2025-06-30,489,398,705,910
2025-07-01,709,185,977,636
2025-07-02,454,433,581,1009
2025-07-03,610,283,1185,449
2025-07-04,161,741,349,1284
2025-07-07,429,461,627,992
2025-07-08,645,241,970,630
2025-07-09,701,199,997,634
2025-07-10,599,289,916,682
2025-07-11,476,411,863,713
2025-07-14,530,363,670,941
2025-07-15,365,513,831,764
2025-07-16,191,706,545,1094
2025-07-17,391,473,843,754
2025-07-18,305,591,643,971
2025-07-21,391,491,824,800
2025-07-22,210,687,392,1248
2025-07-23,391,500,580,1049
2025-07-24,193,709,413,1236
2025-07-25,374,504,653,950
2025-07-28,180,725,491,1138
2025-07-29,469,411,744,852
2025-07-30,476,408,845,767
2025-07-31,406,468,837,767
2025-08-01,38,885,150,1534
2025-08-04,678,212,1173,449
2025-08-05,687,190,1184,426
2025-08-06,647,237,990,591
2025-08-07,459,409,860,731
2025-08-08,386,488,815,785
2025-08-11,299,581,692,951
2025-08-12,345,548,588,1016
2025-08-13,413,470,879,747
2025-08-14,379,498,737,879
2025-08-18,198,701,372,1280
2025-08-19,271,613,414,1210
2025-08-20,243,645,370,1263
2025-08-21,517,361,826,772
2025-08-22,462,412,881,704
2025-08-25,602,271,1154,473
2025-08-26,322,543,666,931
2025-08-27,336,523,640,975
2025-08-28,483,383,728,881
2025-08-29,301,581,585,1040
2025-09-01,201,696,338,1319
2025-09-02,486,378,1056,573
2025-09-03,503,371,864,732
2025-09-04,610,249,1170,460
2025-09-05,451,404,872,725
2025-09-08,543,325,947,670
2025-09-09,590,289,947,649
2025-09-10,637,245,1086,504
2025-09-11,463,406,732,855
2025-09-12,524,344,1054,564
2025-09-15,483,399,748,882
2025-09-16,298,571,690,941
2025-09-17,305,567,633,983
2025-09-18,591,264,1161,470
2025-09-19,242,640,615,1002
2025-09-22,334,547,684,952
2025-09-23,270,601,544,1088
2025-09-24,194,686,511,1143
2025-09-25,338,534,581,1024
2025-09-26,121,779,239,1418
2025-09-29,597,271,1109,512
2025-09-30,281,585,486,1154
2025-10-01,387,477,773,834
2025-10-02,586,297,1052,571
2025-10-10,276,624,641,1021
2025-10-13,274,596,586,1050
2025-10-14,317,564,497,1150
2025-10-15,761,127,1311,337
2025-10-16,492,391,592,1026
2025-10-17,222,672,326,1319
2025-10-20,595,289,1007,621
2025-10-21,370,498,625,986
2025-10-22,637,249,918,702
2025-10-23,260,609,489,1146
2025-10-24,476,408,727,886
2025-10-27,562,322,852,778
2025-10-28,379,503,683,918
2025-10-29,305,566,539,1080
2025-10-30,191,707,314,1345
2025-10-31,319,560,753,866
2025-11-03,288,615,569,1108
2025-11-04,381,507,717,929
2025-11-05,173,734,346,1314
2025-11-06,633,267,854,777
2025-11-07,212,679,289,1357
2025-11-10,807,99,1336,311
2025-11-11,340,543,578,1036
2025-11-12,788,119,1329,323
2025-11-13,477,385,887,729
2025-11-14,171,719,350,1284
2025-11-17,393,493,682,964
2025-11-18,83,821,217,1464
2025-11-19,465,419,629,1004
2025-11-20,751,141,1340,316
2025-11-21,178,721,251,1422
2025-11-24,306,580,622,1023
2025-11-25,328,554,748,887
2025-11-26,773,125,1316,337
2025-11-27,391,483,801,824
2025-11-28,595,282,1366,280
2025-12-01,382,491,850,771
2025-12-02,642,226,1060,571
2025-12-03,656,228,1025,594
2025-12-04,285,594,563,1080
2025-12-05,599,278,935,700
2025-12-08,315,553,683,938
2025-12-09,401,476,649,965
2025-12-10,283,593,616,1019
2025-12-11,551,327,983,655
2025-12-12,657,222,908,728
2025-12-15,351,532,698,956
2025-12-16,185,716,317,1381
2025-12-17,534,343,844,805
2025-12-18,196,688,440,1230
2025-12-19,608,276,1149,509
2025-12-22,536,342,1123,519
2025-12-23,217,659,368,1291
2025-12-24,380,483,622,1003
2025-12-26,246,643,669,983
2025-12-29,318,573,857,811
2025-12-30,332,545,653,994
2026-01-02,373,523,1152,522
2026-01-05,437,449,817,857
2026-01-06,396,484,631,1038
2026-01-07,200,686,419,1276
2026-01-08,177,730,386,1302
2026-01-09,540,341,940,714
2026-01-12,531,350,908,742
2026-01-13,449,432,653,1016
2026-01-14,559,336,695,947
2026-01-15,485,390,871,794
2026-01-16,374,507,571,1103
2026-01-19,398,489,831,845
2026-01-20,670,228,1164,512
2026-01-21,186,714,394,1317
2026-01-22,565,317,982,676
2026-01-23,681,212,1186,496
2026-01-26,505,392,1367,324
2026-01-27,411,475,919,752
2026-01-28,432,441,930,739
2026-01-29,581,286,1009,664
2026-01-30,280,604,513,1188
2026-02-02,116,799,281,1426
2026-02-03,827,76,1400,296
2026-02-04,751,156,1047,618
2026-02-05,308,579,432,1250
2026-02-06,192,703,400,1286
2026-02-09,717,174,1364,323
2026-02-10,691,209,1020,659
2026-02-11,541,340,817,844
2026-02-12,618,274,902,744
2026-02-13,337,548,406,1285
2026-02-19,668,233,1111,581
2026-02-20,546,341,649,1024
2026-02-23,547,348,886,798
2026-02-24,408,467,910,750
2026-02-25,448,435,659,1014
2026-02-26,240,662,437,1257
2026-02-27,264,629,496,1188
2026-03-03,75,842,184,1543
2026-03-04,13,911,25,1708
2026-03-05,902,21,1670,54
2026-03-06,526,362,1215,477
2026-03-09,73,851,164,1559
2026-03-10,756,147,1414,286
2026-03-11,703,200,1161,521
2026-03-12,572,322,1022,647
2026-03-13,338,554,884,785
2026-03-16,250,646,531,1147
2026-03-17,631,259,954,704
2026-03-18,616,280,1018,648
2026-03-19,206,680,425,1255
2026-03-20,745,159,1216,463
2026-03-23,53,864,183,1527
2026-03-24,707,192,1239,434
2026-03-25,719,166,1312,372
2026-03-26,228,664,380,1303
2026-03-27,437,444,864,771
2026-03-30,155,752,381,1308
2026-03-31,117,793,229,1463
2026-04-01,840,71,1553,160
2026-04-02,91,817,147,1572
2026-04-03,666,226,1187,477
2026-04-06,353,516,566,1115
2026-04-07,287,580,531,1113
2026-04-08,784,107,1429,244
2026-04-09,357,511,528,1114
2026-04-10,719,164,1341,305
2026-04-13,346,525,839,766
2026-04-14,671,199,1284,327
2026-04-15,571,276,1154,462
2026-04-16,657,207,1145,463
2026-04-17,466,390,907,689
2026-04-20,322,535,663,932
2026-04-21,457,410,624,964
2026-04-22,398,466,720,869
2026-04-23,358,507,530,1071
2026-04-24,622,237,1127,469
2026-04-27,496,360,912,683
2026-04-28,433,419,558,1028
2026-04-29,479,364,814,756
2026-04-30,194,668,412,1185
2026-05-04,392,476,789,796
2026-05-06,200,679,426,1191
2026-05-07,354,503,453,1160
2026-05-08,368,502,729,856
2026-05-11,147,738,406,1231
2026-05-12,146,733,322,1321
2026-05-13,281,602,665,938
2026-05-14,649,221,851,748
2026-05-15,165,707,209,1420
2026-05-18,203,688,432,1209
2026-05-19,179,708,410,1216
2026-05-20,90,814,257,1404
2026-05-21,669,221,1102,531
2026-05-22,788,118,1460,215
2026-05-26,234,656,552,1115
2026-05-27,75,826,192,1507
2026-05-28,214,678,376,1294
2026-05-29,206,688,309,1392
2026-06-01,179,732,224,1478
2026-06-02,271,636,452,1226
2026-06-04,447,446,834,849
2026-06-05,225,672,389,1298
2026-06-08,42,876,75,1634
2026-06-09,774,133,1435,258
2026-06-10,343,550,499,1176
2026-06-11,576,320,1219,457
2026-06-12,756,144,1318,371
2026-06-15,676,207,1010,662
2026-06-16,519,360,764,896
2026-06-17,349,526,957,681
2026-06-18,109,791,245,1436
2026-06-19,115,787,200,1490
2026-06-22,148,742,383,1297
2026-06-23,46,859,134,1574
2026-06-24,516,367,883,786
2026-06-25,291,589,400,1280
2026-06-26,111,780,220,1470
2026-06-29,820,88,1555,157
2026-06-30,262,623,718,974
2026-07-01,700,193,1193,491
2026-07-02,280,616,318,1355
2026-07-03,589,297,1094,566
2026-07-06,464,412,683,982
2026-07-07,358,512,484,1194
2026-07-08,125,765,246,1445
2026-07-09,237,652,775,887
2026-07-10,802,92,1488,204
2026-07-13,179,716,221,1460
2026-07-14,219,662,445,1212
2026-07-15,711,169,1465,217
2026-07-16,384,488,501,1182
2026-07-20,97,799,198,1487
2026-07-21,485,382,983,657
2026-07-22,469,399,839,793
2026-07-23,831,74,1442,252
2026-07-24,301,585,371,1281
2026-07-27,497,372,1007,628
2026-07-28,36,878,140,1557
2026-07-29,91,805,141,1554
2026-07-30,609,277,733,938
2026-07-31,775,127,1557,141
2026-08-03,455,419,1170,468
2026-08-04,788,96,1505,175
2026-08-05,675,197,1346,301
2026-08-06,490,381,736,893
2026-08-07,554,322,808,829
2026-08-10,697,183,1431,236
2026-08-11,563,309,1097,547
2026-08-12,380,477,886,753
2026-08-13,333,533,634,1009
2026-08-14,677,204,904,741
2026-08-18,195,682,372,1288
2026-08-19,171,703,396,1275
2026-08-20,521,338,1064,576
