date,indiv_net_kospi,indiv_net_kosdaq,indiv_net_total,inst_net_kospi,inst_net_kosdaq,inst_net_total,foreign_net_kospi,foreign_net_kosdaq,foreign_net_total
2025-04-25,-727271.4999999988,-2057.7500000000014,-730078.3899999999,497531.19000000047,-61154.909999999974,435321.3100000004,583388.6500000003,68156.88000000005,653212.8899999994
2025-04-28,-31738.16000000005,166603.32999999984,132477.99999999997,93618.20999999999,-112469.34999999999,-17634.109999999993,-103201.60999999997,-42968.75000000001,-144952.85000000003
2025-04-29,-123097.80999999998,-149009.82999999984,-271530.5799999998,-579651.1400000006,49549.86999999997,-532305.9599999998,658828.1900000013,109041.11,769508.1300000034
2025-04-30,319505.77999999985,178675.08999999994,496649.73000000004,-212800.51999999981,-122458.53000000013,-334936.05999999994,-189597.70999999988,-52283.060000000005,-240634.4799999998
2025-05-02,-247959.00000000003,-151412.17,-401033.11000000016,308273.16000000015,67486.20999999998,376948.91000000085,-139556.37000000034,81061.2999999999,-57698.620000000185
2025-05-07,-464677.6900000001,-8643.909999999996,-477375.2199999998,82075.24999999991,1198.3499999999983,85516.17999999975,354966.4200000005,7914.209999999998,364980.2000000003
2025-05-08,-9849.120000000003,-40148.27999999998,-49260.99999999995,-187589.73000000048,-38858.91999999999,-225544.17000000022,135327.82999999996,94364.47000000004,228091.9099999997
2025-05-09,64347.34000000005,320221.09999999974,388935.87999999936,-169626.95000000045,-71487.58999999992,-238814.13000000003,52033.190000000075,-234691.63999999993,-189113.52999999982
2025-05-12,-366706.4900000003,-30124.340000000055,-398476.71000000025,360817.3899999999,5520.969999999998,366605.6899999996,-42548.32999999987,50900.55999999998,9850.929999999973
2025-05-13,-139809.68000000002,-104110.65000000005,-242728.3500000001,-73918.17999999992,58733.31999999997,-15815.559999999987,160412.13000000015,54523.67999999999,214772.72000000026
2025-05-14,-998473.3900000007,-79617.89000000001,-1078660.7799999972,539594.2499999999,66023.09000000005,604719.9100000001,462517.70999999926,31187.389999999985,495250.3099999988
2025-05-15,31974.439999999995,107319.73,139614.66999999963,-365256.39999999903,15157.159999999967,-349982.7799999995,285780.9100000005,-96852.1000000001,188417.61000000045
2025-05-16,-298967.83000000025,191150.87999999992,-104067.0900000003,118619.54999999986,-35469.13999999999,78297.06999999975,181145.37999999954,-145784.16000000012,36299.119999999726
2025-05-19,277858.6399999999,243370.99999999965,520545.7099999987,-187307.71999999962,-183050.85,-370422.2500000002,-100335.54999999993,-40403.83999999994,-140123.51999999984
2025-05-20,-6108.630000000015,-55584.7999999999,-57922.26000000005,73126.16000000009,67895.55000000003,138763.15000000014,-99123.59000000001,36167.86999999999,-64584.09999999999
2025-05-21,-335984.75000000006,-118950.06999999999,-455239.6799999996,88072.81000000004,86926.7700000001,174744.76999999984,218744.7299999998,42066.93000000008,260955.2600000002
2025-05-22,649876.4600000008,103761.31000000008,753494.3700000021,-425787.7299999993,-52459.790000000015,-478095.8599999987,-197015.98999999993,-48161.92999999998,-244940.41000000003
2025-05-23,108830.12999999996,35009.57000000002,143703.96999999974,-106977.36999999995,18443.020000000022,-88229.9099999999,-28462.420000000082,-20648.269999999975,-49051.40000000008
2025-05-26,-522864.98000000033,-160652.1100000002,-684227.8999999983,422076.9600000006,87331.40000000024,509193.1700000008,116923.06000000007,77335.71,194915.67999999996
2025-05-27,29435.090000000047,2980.8300000000154,32676.020000000077,-11323.780000000013,-9023.360000000013,-20224.330000000038,-57054.25999999988,10918.330000000018,-46697.32
2025-05-28,-945501.6199999998,-62064.56999999999,-1009006.5999999997,740954.2099999997,16325.399999999987,757725.2600000005,258751.10999999946,310890.4599999997,571029.0300000003
2025-05-29,-986115.2400000006,-49851.60999999994,-1035001.9700000013,683592.5599999996,59319.020000000055,740909.8799999995,274262.12999999983,-7236.970000000013,267965.07999999943
2025-05-30,573870.040000002,83500.86000000006,658838.5100000012,-27781.520000000062,5268.379999999997,-23096.670000000075,-570801.4699999999,-85766.37999999989,-657510.0499999999
2025-06-02,82478.65000000021,-145596.95000000004,-62612.30999999993,-235889.06000000014,41758.269999999946,-194747.11000000025,136102.77999999974,109147.37999999986,244647.12999999992
2025-06-04,-1151381.879999998,-284444.93,-1443780.2599999986,185312.21,179161.80000000022,369835.8499999996,991450.4800000007,110935.68999999989,1104667.6900000004
2025-06-05,-1198729.5099999984,-37926.70000000001,-1234030.0299999975,230770.23999999987,12221.330000000029,241445.63000000006,977857.440000002,29379.609999999968,1006108.6500000034
2025-06-09,-197111.74000000005,-74558.63000000002,-270201.7500000004,-691465.0299999992,-32889.309999999976,-730662.0399999999,906325.0199999987,114920.98999999993,1026158.5699999984
2025-06-10,-582927.5099999997,11946.819999999994,-575097.5900000002,5968.859999999988,838.7300000000034,10923.850000000046,596138.7699999999,4046.8899999999853,600236.4500000008
2025-06-11,-378258.0199999999,-306116.05999999953,-683150.379999999,240941.56999999998,109871.09000000011,351162.53000000026,167515.06999999992,214981.76000000007,380924.11999999924
2025-06-12,-219367.7899999997,28376.439999999995,-191928.31999999942,-202110.62000000008,2390.8900000000044,-200455.21000000037,420377.6699999995,5097.110000000012,427601.93999999954
2025-06-13,429076.98000000004,285160.5600000002,713968.370000002,-597288.2699999991,-91677.01999999995,-692219.6199999994,111845.52000000021,-188381.4100000002,-73439.6000000001
2025-06-16,70802.65999999986,-139663.7499999998,-70920.78000000014,263550.61,43121.939999999995,307168.7599999996,-359159.38999999996,101648.84000000007,-255686.23999999888
2025-06-17,248454.37000000005,55639.48000000001,304734.9299999997,-105290.41999999993,-54514.20000000003,-158314.76999999958,-112184.42000000017,19920.829999999958,-94339.50999999998
2025-06-18,-389943.38999999966,97922.67000000009,-306721.0600000002,94193.68999999994,-62499.09,45077.740000000085,257524.5599999999,-38673.07000000001,221405.97999999954
2025-06-19,351268.18000000005,126522.18000000007,477784.98,-309084.3400000006,-610.1100000000007,-302815.2600000005,-81472.04999999994,-120477.22999999986,-208683.1100000002
2025-06-20,-602339.0900000003,-77807.05999999985,-680673.3499999997,33888.26999999996,38546.829999999936,78941.46999999986,572517.5399999991,47650.00000000007,614378.2199999974
2025-06-23,1383225.9899999981,106416.17000000001,1492954.6799999992,-968436.2199999993,-63884.69000000002,-1019587.3299999982,-354007.58000000025,2814.3599999999824,-367159.9100000006
2025-06-24,-525076.5300000012,-200532.92000000027,-723345.8599999998,217413.2999999999,61001.57999999998,285450.6099999999,442694.65,157732.61999999976,591536.9400000011
2025-06-25,790435.279999998,195085.31999999942,994538.0799999983,-601899.1100000006,-52364.08999999998,-654803.489999999,-138090.8499999999,-129234.39000000007,-276332.760000001
2025-06-26,855179.6700000018,219277.1699999998,1096945.1000000013,-386738.8500000004,-52236.50000000001,-461069.8200000004,-624005.5900000002,-152249.98999999967,-776975.6700000017
2025-06-27,459245.6899999993,143013.54000000004,600380.4300000004,327742.0000000002,48983.79000000006,378974.8400000005,-813695.0000000007,-182726.61999999994,-996963.0400000007
2025-06-30,177247.9700000001,-42493.73999999996,134213.51999999996,463646.36999999965,68234.54000000001,535392.5899999994,-625605.4899999999,-8476.859999999953,-637062.0199999997
2025-07-01,-574264.6099999998,-12125.85999999997,-588135.3499999988,453008.8699999996,56415.49999999998,513631.36999999976,128783.29000000001,-44472.01000000012,81918.70999999989
2025-07-02,245571.69000000018,162706.35000000012,406246.5399999996,61411.20999999993,14439.149999999989,78600.95999999996,-323859.6700000005,-178361.40000000017,-504641.94000000047
2025-07-03,-1195720.7600000007,-132199.53999999992,-1334487.5100000002,545185.53,33140.799999999996,589586.4999999976,614107.9899999998,97602.15000000001,704849.9299999997
2025-07-04,230404.35999999996,356158.4000000006,588944.9599999989,-363904.00000000006,-60364.34999999995,-423356.099999999,168444.69999999984,-283389.31,-118309.80000000003
2025-07-07,152725.14999999997,-58518.06999999998,89653.91000000003,-83814.20000000006,-73621.12000000007,-150103.41999999998,-81550.95999999995,135710.03999999972,49805.339999999975
2025-07-08,-221056.71999999965,86085.32999999991,-138735.79999999987,-33994.36999999991,-109043.89999999997,-137674.42999999976,212246.17,15972.799999999996,226176.8999999998
2025-07-09,436626.7600000013,7039.0399999999845,443819.0100000012,-78478.6599999999,-66621.54000000018,-145326.45999999967,-397832.4899999995,53078.15999999992,-344920.3899999998
2025-07-10,-581523.55,-15294.559999999936,-595219.1399999991,47383.10000000001,-132008.05000000002,-89446.66999999982,475609.5099999995,156737.09999999995,635322.7399999993
2025-07-11,144082.87000000023,-55339.780000000006,86120.58000000019,-66726.81000000004,8108.169999999975,-58497.57999999995,308706.33,52627.42999999998,363906.7600000004
2025-07-14,-297373.5,116058.06999999998,-185852.4299999999,-108726.51999999992,-35859.13999999992,-142626.21999999983,334444.400000001,-139246.84,197376.2599999998
2025-07-15,-318676.33000000054,-68941.58000000015,-383637.3800000005,-22013.4,-13950.369999999957,-31668.439999999988,233886.50999999992,89877.53,320074.4300000001
2025-07-16,408434.53,134168.1600000001,539974.7699999996,-572954.9699999999,-62691.86999999997,-632378.5099999999,76197.53000000001,-11484.139999999992,63463.08000000006
2025-07-17,-306628.19999999966,51973.43999999994,-257464.17999999993,124033.22999999997,7754.759999999998,132823.52000000008,64015.98000000001,-65205.22999999994,1034.1999999999784
2025-07-18,-336649.64000000013,-76559.80000000009,-420677.5900000006,10550.01999999999,35027.98,52785.29999999989,216056.58999999988,46239.86999999993,261844.7199999994
2025-07-21,-1028818.5200000003,5722.530000000006,-1027270.409999999,84081.87999999992,13297.200000000003,101559.01999999989,890175.6200000006,-18824.339999999982,870908.4400000026
2025-07-22,491114.5000000005,149646.54,637072.8600000015,-416513.84999999974,-129274.90999999973,-545588.3399999993,-127271.31000000014,-19830.54000000002,-143664.7599999999
2025-07-23,-622287.5700000004,136599.0499999998,-488823.82999999955,153485.09000000043,-108758.68999999984,50547.54000000003,400870.8899999994,9967.040000000015,408392.43999999977
2025-07-24,-886988.4700000002,-41459.18999999988,-933455.3900000007,91830.85999999999,-15594.58000000001,81416.78999999988,729074.86,58646.15000000001,787559.0900000001
2025-07-25,-445420.74000000005,67790.87000000014,-379066.8500000005,95230.34999999989,-132551.95999999993,-35505.83999999997,275790.0600000005,94182.09000000003,369372.61000000016
2025-07-28,-951181.7900000013,46566.87000000005,-908214.9600000014,416828.3499999996,-40809.89999999996,372751.8899999996,482095.4700000006,4850.1999999999825,493730.4800000005
2025-07-29,-780810.7299999997,48338.009999999886,-734122.8599999989,104404.00000000004,-29405.81,74613.50999999975,579517.3300000008,-13563.559999999994,567487.0800000015
2025-07-30,-883548.0199999999,-4554.469999999999,-889361.0900000007,319282.95999999985,-12396.6,301096.8099999997,499912.33999999985,38119.79999999993,545132.2499999994
2025-07-31,218393.82999999987,-2178.559999999992,210761.48999999973,-683887.7999999995,-26042.56000000002,-713406.8400000008,342594.3399999995,22978.68999999999,373407.9900000006
2025-08-01,1589352.0700000022,220976.3099999998,1807015.2800000017,-1054304.2600000014,-140680.68999999983,-1197254.010000001,-629475.4,-86994.96000000002,-709450.9799999986
2025-08-04,-293978.28000000014,-1298.859999999976,-294272.4999999996,123856.11999999997,72640.32999999999,195724.19,92835.27000000005,-65947.55000000005,25906.560000000005
2025-08-05,-482787.7300000003,-72129.61000000012,-561516.7400000005,95981.84999999999,27987.849999999984,121998.38000000003,314404.48000000056,50779.56000000004,365330.78000000113
2025-08-06,59454.80999999995,-99002.25000000006,-37434.4100000001,-397908.29999999923,101935.45999999989,-300678.12999999936,275242.9299999996,-8298.63999999999,269075.81000000006
2025-08-07,-188397.98999999996,85344.36000000006,-101690.32000000025,120788.36999999998,-22238.910000000007,93650.21000000005,-40345.30999999994,-61750.36999999973,-98103.80999999975
2025-08-08,195568.14000000016,-101447.83000000009,97733.73000000013,-135771.87,70629.18999999993,-68011.14999999994,-160598.2400000003,44171.96000000009,-117058.30000000044
2025-08-11,-129870.93999999999,-101416.7500000001,-228087.14999999973,-222102.08000000034,44408.29000000001,-180395.58000000022,223210.26000000007,55011.22000000007,277962.3200000003
2025-08-12,83776.22999999986,26374.11999999996,102659.14999999997,-106493.46999999993,-8832.919999999991,-110471.8199999999,-64781.87000000004,-12897.809999999987,-76000.76000000029
2025-08-13,-634244.2399999985,-26761.500000000022,-660107.0099999983,-74618.59000000014,31450.469999999958,-41866.4700000001,608428.7199999994,4608.519999999982,611005.1100000003
2025-08-14,-42601.02,-25282.409999999967,-68452.52000000015,33111.420000000064,8198.129999999996,41472.98000000004,-98370.32999999991,27906.910000000007,-70414.48000000027
2025-08-18,358703.56999999995,151166.6499999998,511556.4199999996,84592.39999999989,-114308.82000000004,-30902.839999999956,-493792.9800000003,-34800.56,-527926.3100000005
2025-08-19,79432.02999999993,39618.230000000076,119056.13000000003,260113.68000000014,-62053.679999999964,195926.74000000037,-442190.2199999998,39374.06999999999,-400417.29999999964
2025-08-20,-372227.3399999997,155838.52000000022,-215881.47999999995,504548.0599999997,-83926.48,417268.71,-236371.32999999996,-49863.68000000003,-283702.7300000003
2025-08-21,-210524.41000000032,121518.30999999995,-86784.16000000013,160072.63999999987,-49009.229999999974,107361.36999999969,-58974.32999999992,-67475.39,-124966.96000000006
2025-08-22,-461501.4400000002,-40917.61000000005,-500244.25000000035,153228.84000000005,-1842.409999999991,149504.6200000002,196781.61000000007,60667.629999999954,257080.70999999996
2025-08-25,-382260.07,-264235.98000000004,-645355.8599999985,154136.11999999985,84028.16000000009,237475.07999999993,129159.05000000006,202995.09,331586.10999999975
2025-08-26,839903.3500000008,-125743.49,714533.990000003,-266622.2100000003,-29363.72999999999,-292651.09000000026,-663912.2900000013,169918.18000000017,-496511.91999999987
2025-08-27,127373.00000000004,92496.17999999992,216911.36999999988,35079.65999999996,-7943.799999999997,37067.22999999991,-270210.79000000027,-75576.74000000012,-352519.1600000004
2025-08-28,-459161.64999999944,74674.80999999998,-384986.33999999927,353880.5399999998,-15635.039999999983,335989.3800000014,16215.490000000025,-48543.40000000008,-29021.54999999997
2025-08-29,241796.90999999992,10678.139999999998,253106.12000000032,30057.340000000004,42320.84000000004,73011.12999999984,-338501.8299999993,-43173.55000000003,-382118.1899999993
2025-09-01,386846.47,46663.75000000005,431606.5400000002,-219937.17000000016,6240.390000000019,-214885.6799999999,-277763.89999999985,-40989.49999999999,-315914.85999999935
2025-09-02,-315766.5099999996,-85517.76000000005,-399689.7,-139583.82999999975,25152.510000000013,-119797.37999999996,374982.6600000001,67119.6699999999,444639.22000000003
2025-09-03,-130986.70999999989,-8662.76,-138233.55999999968,-382017.0500000004,-5823.509999999986,-392935.1300000004,421534.8400000004,24352.480000000003,448950.8400000008
2025-09-04,-272871.58,-104525.85000000002,-374875.1700000003,-32689.420000000013,37065.749999999905,3418.249999999993,209544.83000000007,78569.15000000001,285969.8299999996
2025-09-05,-39467.34,-74138.27000000009,-113515.74000000003,69647.00000000003,38321.609999999906,109960.70000000013,-101538.65999999984,48419.570000000014,-55396.020000000084
2025-09-08,-367611.3899999998,4016.629999999999,-370213.93,60560.53999999992,52379.64000000006,114513.7099999999,238113.34,-47129.01000000001,196146.84999999986
2025-09-09,-996475.7800000003,-9034.9,-1010386.100000001,251650.85000000006,1502.1900000000214,253034.48999999996,674299.3300000004,12017.539999999985,692958.2300000006
2025-09-10,-2216250.0299999993,-129123.23000000023,-2345936.659999997,895525.0599999996,68208.0999999999,956635.5899999987,1341528.5400000007,68848.11999999998,1418342.3000000014
2025-09-11,-1133538.5100000051,39135.28999999998,-1092910.5000000016,805092.6799999999,34105.01999999987,831652.6999999995,307614.8300000004,-61271.88000000004,252158.16000000006
2025-09-12,-1903637.520000002,-265145.8200000001,-2169950.740000003,605793.7900000005,101009.8900000001,707204.8499999996,1298490.600000001,182730.5799999998,1482666.5400000021
2025-09-15,-132514.93000000017,141023.84,9006.129999999966,-139219.59000000017,-39492.64,-184291.07000000027,271359.56000000023,-57589.51999999995,218310.39000000033
2025-09-16,-1685373.04,258649.60000000012,-1428458.4800000004,85722.31000000008,-44716.37999999998,40472.199999999924,1744838.550000003,-199478.0100000004,1546686.2100000053
2025-09-17,259018.10999999972,262641.2700000001,524079.69000000047,-318058.3299999995,-109156.23,-426821.94999999955,-25444.930000000033,-147066.79000000012,-175625.50000000006
2025-09-18,-724468.2100000002,-185955.39999999973,-909430.8600000015,420997.15000000043,162269.34000000023,582640.7800000019,242124.91,40267.429999999964,281901.77000000037
2025-09-19,481709.3600000002,-251096.03,252485.54000000036,-326634.5399999997,83085.93000000001,-254163.56,-245741.28000000044,200505.03000000006,-57246.180000000066
2025-09-22,-696215.6899999981,103813.43000000024,-581016.0399999982,247978.03999999986,21242.239999999972,263689.49000000017,517050.5799999998,-29116.21000000005,483031.9100000001
2025-09-23,-248900.09999999974,195759.41000000003,-57650.34000000001,-144881.0500000001,-78681.86000000025,-219100.41000000027,349972.4200000004,-104011.01999999993,245742.95000000065
2025-09-24,26619.44000000003,407678.0700000005,435683.500000001,171982.05999999982,-165370.80000000008,8907.989999999954,-225783.84999999998,-233345.94000000024,-462460.10000000044
2025-09-25,-487112.03,108458.33000000006,-380314.5600000001,233687.96000000022,-112726.38999999994,115335.0300000003,207099.26999999996,26034.600000000006,240911.59999999966
2025-09-26,1107742.0499999986,60534.160000000076,1169117.3699999999,-499445.8000000006,11140.130000000003,-488796.8700000001,-562518.8199999993,-64231.29999999993,-626960.639999998
2025-09-29,-712256.1999999995,-213435.60999999996,-917334.2400000002,275128.0999999996,138218.31999999983,425383.44999999995,448626.6699999996,98918.78000000013,526008.8299999993
2025-09-30,31705.679999999982,166498.85000000024,201739.16000000032,-80717.5800000002,30398.819999999956,-57404.6999999999,-5115.250000000003,-167304.7400000001,-168787.86999999997
2025-10-01,-970912.7200000009,-14967.440000000002,-984002.050000001,192157.72999999995,-346.9499999999389,190145.90999999983,745304.5999999987,27914.229999999967,777537.2300000003
2025-10-02,-2813562.7099999967,-26561.170000000006,-2847158.809999994,-146761.72999999995,12798.619999999988,-136043.18000000005,2958198.570000004,26868.829999999976,2993632.9500000062
2025-10-10,-311284.39999999956,-117093.65999999996,-428555.77999999945,-585760.3099999988,-86575.22999999998,-674378.7799999985,861123.1400000011,231372.56000000014,1094566.8200000003
2025-10-13,1196942.5199999993,109536.20999999999,1304195.9599999988,-450051.6000000001,-12784.399999999985,-462233.17999999993,-852949.000000001,-94180.43000000001,-945457.3600000005
2025-10-14,35674.229999999996,215545.17999999973,255402.09999999986,-633311.14,-113390.25000000012,-746700.3100000005,528235.849999999,-104621.69000000002,419214.92000000033
2025-10-15,-910064.5999999993,-74463.45999999993,-985027.7099999996,734550.2500000002,63770.91999999972,797609.150000001,123844.97000000015,14585.660000000105,140305.48999999996
2025-10-16,-1260724.1799999995,323575.1800000004,-933415.4199999998,736158.6600000012,-231690.3700000001,502219.45000000065,573905.3000000002,-62309.28999999999,510157.72000000015
2025-10-17,-235956.68000000005,63369.6200000001,-173071.90000000029,-169236.3799999996,-120481.90999999989,-293002.26000000053,366538.2799999997,75216.1400000004,446075.4600000002
2025-10-20,-291739.30999999965,-177928.22999999992,-469685.88999999984,627364.0000000001,67258.9899999999,690256.8599999999,-355462.6300000004,120463.53999999996,-230544.7300000008
2025-10-21,31487.070000000076,167561.6100000003,198888.0000000002,219244.56000000008,-58508.55000000005,153577.21999999983,-211874.00000000032,-27644.930000000055,-232987.48000000033
2025-10-22,-61966.47999999992,175605.07000000007,114861.17000000016,755068.3500000014,-86134.68,668306.5800000007,-704090.0300000001,-74458.51000000013,-779227.7500000007
2025-10-23,756011.6600000007,154308.5299999998,906170.6499999994,-407589.0300000003,-11942.359999999957,-415624.3800000002,-407621.6999999996,-109303.03999999995,-515750.1900000005
2025-10-24,-1930224.2300000004,-123178.1100000001,-2057315.6800000002,1364532.6600000015,162006.90000000014,1526616.9900000012,559930.5100000014,45486.10999999995,609354.3900000018
2025-10-27,-722496.9400000001,-279427.5799999996,-1005050.9799999984,236010.1700000009,191843.6100000004,422777.2400000005,570880.270000001,219878.50999999995,799130.4
2025-10-28,1537135.9500000004,133047.50999999998,1671967.0299999996,100687.68999999983,26656.830000000045,125255.66999999984,-1613840.999999997,-141646.91999999995,-1755520.9599999965
2025-10-29,-246153.85000000003,44104.91999999997,-203999.22000000044,505968.9699999998,-55641.94000000005,449898.81999999925,-202109.50000000023,54494.8799999999,-145188.64000000007
2025-10-30,1046848.5700000003,-123235.91,922524.7000000001,-813870.9100000004,-30136.310000000023,-845202.1200000006,-252974.21999999983,207425.59999999957,-43192.18999999985
2025-10-31,-125152.53999999953,-316518.6599999999,-442886.1099999998,-1114336.77,144995.38000000018,-968098.7799999998,1252168.1700000018,178981.57000000004,1431151.7
2025-11-03,655121.8199999995,-357821.6199999995,299977.43000000046,191141.55000000008,8282.400000000005,198298.77000000043,-831516.699999999,403267.20000000007,-429679.02999999933
2025-11-04,2621986.3200000017,-354435.60999999987,2267445.0000000033,-447442.3000000001,168242.03000000017,-283323.8299999997,-2203468.4299999992,217903.14000000033,-1981266.1200000031
2025-11-05,2588159.179999994,550566.6300000009,3136021.3099999935,-191153.33000000013,46908.500000000124,-140783.82000000015,-2099458.5300000007,-580034.1299999998,-2680381.720000009
2025-11-06,893979.6900000002,116672.40000000005,1016934.7099999997,805616.6599999996,17673.99000000001,821951.1100000007,-1684930.1499999976,-115607.42000000003,-1804291.5499999989
2025-11-07,670497.0500000006,58875.799999999974,756971.8299999998,-255556.57999999978,-69715.45000000001,-340878.9099999995,-419018.0500000001,46408.13999999992,-403650.43000000087
2025-11-10,-1150659.7100000035,-25978.110000000037,-1172613.3300000029,1280193.9399999992,65534.71000000004,1339384.9500000004,-132264.71999999948,-46580.390000000174,-177224.7699999998
2025-11-11,-222731.26000000004,66184.88999999993,-156739.5599999998,177378.83000000037,-81216.77000000008,93135.49000000002,57404.20999999992,22348.81000000001,86069.20999999996
2025-11-12,-432906.76999999926,-330117.2800000009,-772872.3800000004,910443.2900000014,115379.54999999987,1018800.6400000018,-438772.68999999977,222225.39999999982,-197243.36999999968
2025-11-13,-201496.93999999983,27534.920000000006,-178006.98000000013,-736692.2799999987,96884.89999999992,-641440.1999999984,985703.2399999992,-74429.49000000005,917171.419999999
2025-11-14,3166240.3699999982,359941.4600000007,3523080.0700000017,-876053.4799999995,-26510.170000000024,-904213.6599999984,-2329230.2899999996,-297365.80999999965,-2620089.279999999
2025-11-17,-453249.0,28051.460000000017,-429009.0400000006,-62257.33000000007,70410.56999999988,5037.279999999922,512406.6400000009,-38000.969999999994,482032.7600000006
2025-11-18,1237945.4900000007,365190.8900000002,1603384.239999998,-718652.5800000003,-110832.25000000007,-832115.84,-513256.4599999997,-175947.19000000018,-686417.8000000007
2025-11-19,469403.83999999944,8384.199999999993,473486.4400000003,585716.3800000002,76425.70999999986,660087.2500000023,-1032101.6500000017,-69354.83000000002,-1094825.3
2025-11-20,-1357524.440000001,-117545.52000000021,-1476392.010000002,699758.7899999991,17995.08999999999,712019.339999999,777456.0200000007,174343.87999999995,959699.6800000007
2025-11-21,2269656.360000005,213179.26000000042,2480754.880000003,478503.7499999998,-77546.0300000001,402112.9800000007,-2818058.0699999984,-120452.6599999999,-2937366.5199999916
2025-11-24,-460380.9800000007,61013.809999999976,-399519.640000001,1234340.6799999995,-23275.119999999984,1209652.869999997,-763299.8400000005,-44476.89999999995,-806066.600000001
2025-11-25,23091.150000000023,-73650.71999999999,-52533.09999999997,3840.220000000005,-1826.3699999999967,1214.4299999999669,-27114.81000000008,112633.36999999986,88444.65999999983
2025-11-26,-1680713.0900000003,-257017.55999999965,-1940856.940000004,1240349.2300000002,87989.38,1327118.5799999994,388379.40000000026,192631.2199999998,585306.2900000004
2025-11-27,-618812.7400000008,107272.99000000006,-513362.3399999997,423933.1899999998,-11841.369999999988,411449.0399999997,173134.84999999983,-77832.25000000001,97940.91999999997
2025-11-28,1528534.7999999984,-1008739.0799999995,519357.9999999993,469941.7700000013,612805.9600000005,1081439.5099999998,-2011064.1100000034,445352.54,-1563993.2800000005
2025-12-01,83837.4500000002,-185799.64000000048,-104133.61000000019,-230544.9200000003,355975.6000000003,128307.54000000004,187175.4000000002,-140931.69999999995,45512.26999999993
2025-12-02,-1485367.2000000004,34978.12999999996,-1451983.120000006,378712.30999999965,138185.40000000008,515368.15000000026,1142414.179999999,-131423.29999999976,1014078.1199999998
2025-12-03,-863498.0900000001,103653.11999999992,-758481.0699999993,711072.3300000002,-12243.200000000006,694968.0800000017,273500.9499999999,-13021.39999999999,262875.1200000006
2025-12-04,615916.3900000004,-88397.48999999995,521560.2599999995,110874.23000000019,81693.71999999993,191929.23999999985,-734697.8399999996,100546.79999999994,-627102.2099999993
2025-12-05,-2003182.1599999953,305516.9100000003,-1701103.4699999972,1079401.9800000016,-175075.98000000042,906398.4799999994,961131.9299999977,-128003.86000000004,834394.3699999984
2025-12-08,-344097.4199999999,-161463.66000000006,-503927.8599999988,-53379.77999999996,-183442.7600000001,-236062.90999999977,344029.29,391994.73000000016,734168.0200000019
2025-12-09,47457.910000000105,199931.14000000025,246150.15999999995,41891.46000000011,-103756.98000000011,-64528.55999999995,-141227.99000000022,-49846.41999999994,-187419.50999999992
2025-12-10,-66436.81999999992,-58210.710000000014,-122907.42000000052,-307942.9200000004,-2275.1799999999334,-312709.70000000007,357465.0200000002,103497.16000000002,461692.74999999977
2025-12-11,464526.89999999915,38355.60000000009,504914.759999998,-776436.8599999982,-12403.049999999987,-788742.7999999974,294160.17,19630.76000000008,311160.12999999995
2025-12-12,-1382235.7600000016,-175228.93000000005,-1552313.9300000023,1418013.5800000015,52858.700000000026,1465500.1699999983,-32358.659999999993,200585.4699999999,168766.4700000001
2025-12-15,1423925.6199999994,147358.30000000016,1568181.85,-485248.7099999998,-109491.67999999996,-594456.2000000005,-953916.8600000002,-15600.719999999992,-966785.4500000027
2025-12-16,1227485.5499999989,374367.2900000002,1604597.8199999966,-203618.89,3366.329999999987,-199931.02999999994,-1052014.3399999999,-334727.21000000037,-1387337.1099999996
2025-12-17,-236775.04000000015,252345.10999999984,16769.599999999737,355343.4500000002,19728.179999999946,373848.51,-147884.62999999986,-218852.58000000013,-366662.15
2025-12-18,375084.86999999994,85638.57999999994,464798.17,-86402.05999999976,-6460.100000000001,-101722.0399999996,-321807.84000000014,-80236.8799999999,-397419.28999999934
2025-12-19,-95015.14999999994,-260283.81000000006,-354557.0599999997,847991.7399999995,207695.81999999995,1055932.8200000005,-790128.8600000009,75314.58000000012,-715662.9400000006
2025-12-22,-2648965.3600000017,71890.20999999995,-2576700.0099999965,1594880.5199999984,79327.36999999995,1672538.0400000005,1102474.0599999996,-45512.39000000014,1058276.649999998
2025-12-23,-1259778.279999998,129134.90000000001,-1130724.2399999981,358464.0699999996,51221.249999999985,410369.2599999998,925121.5599999994,-106935.94000000008,817565.5599999997
2025-12-24,-719492.7500000014,-11030.520000000139,-729068.5900000014,196487.38000000024,76346.06999999982,271501.62999999995,533021.6600000011,-27614.450000000023,505300.350000002
2025-12-26,-2249713.0900000045,-472319.49999999965,-2722054.0100000063,432756.1900000001,363626.65000000014,795373.9199999996,1717479.6300000006,112204.48000000003,1830970.2499999998
2025-12-29,91149.51999999992,192734.90000000023,285442.6599999987,-343898.0999999995,-172178.76999999993,-518218.41000000056,339111.07999999984,71639.35999999997,411186.5699999995
2025-12-30,821067.9199999999,522842.9000000006,1344591.2200000016,-426179.88000000024,-168832.36999999997,-596377.9099999991,-417203.6899999999,-319371.38999999984,-735914.5999999982
2026-01-02,-259782.19000000026,-154364.16,-415914.97999999975,-331795.66000000027,82970.8799999999,-249022.59000000003,567284.3999999999,73622.60999999997,642674.5
2026-01-05,-1352708.1999999979,103480.90999999995,-1269844.9500000016,-747549.77,-2367.6299999999997,-723508.3699999993,2060874.6500000013,-84722.13000000008,1967599.3800000038
2026-01-06,546420.6200000003,338642.75000000064,880155.299999999,-70853.84000000007,-27324.50000000003,-92898.70000000016,-581453.8900000015,-290659.3900000005,-877288.0300000035
2026-01-07,-251077.95999999967,162261.14000000013,-94934.87999999929,-1026895.2099999997,-111548.87000000017,-1129584.0599999956,1297123.2000000016,288501.1799999997,1583073.240000002
2026-01-08,1181607.5500000012,35569.709999999985,1212302.2599999995,-1435937.3399999975,36319.14000000006,-1395635.9299999932,996.6699999998573,-70169.44000000002,-68431.7500000002
2026-01-09,222335.1800000001,111435.82999999996,333253.0600000008,1198590.7199999988,69596.66999999991,1274764.4699999986,-1693315.3299999982,-171046.04000000024,-1871202.799999997
2026-01-12,-83968.69999999982,108184.97000000012,21320.530000000024,217588.1500000001,-64276.05999999999,154115.72999999998,-374552.5099999995,-21137.729999999974,-392782.50999999966
2026-01-13,-715463.7800000003,308628.39999999944,-409665.5500000004,784093.6100000005,-141834.54,644126.2700000021,-271903.04000000015,-158200.25,-428723.38999999844
2026-01-14,-397504.5000000002,396375.0000000004,-7304.359999999836,565077.5399999995,-152874.15999999986,415402.6900000002,-387499.9599999996,-244966.06999999986,-630060.1800000013
2026-01-15,-1718646.1499999997,-255535.37999999968,-1972974.489999999,1286716.8300000008,-25668.960000000043,1261605.8600000003,248009.18999999994,311789.53999999975,558109.4500000007
2026-01-16,-924430.7800000001,35033.759999999995,-890743.1800000003,261710.1199999996,40189.56999999998,305770.54000000126,473345.8799999998,-64357.51000000003,406503.7900000002
2026-01-19,-885682.4399999988,-126062.13000000015,-1020666.89,-73569.16000000002,-35034.100000000035,-109155.3700000002,728611.0000000021,212166.07999999975,949611.3300000035
2026-01-20,255024.62999999957,-293920.81000000046,-42526.28000000044,-646302.0300000001,279194.1,-366799.8199999999,204524.50999999998,6841.929999999964,214533.08999999988
2026-01-21,-812586.7900000019,926662.8899999986,111974.89999999916,269182.6900000008,-653028.8300000007,-379714.78999999835,310652.28999999975,-253091.38999999958,55386.98000000018
2026-01-22,36471.94000000041,57047.41000000002,92700.3400000002,-175507.84000000003,-133835.65999999983,-309495.6400000003,-107463.31000000025,100601.01000000014,-5654.710000000432
2026-01-23,-689411.9000000013,-1014198.8200000004,-1707014.0499999975,462254.27999999956,971955.1899999997,1429018.3200000022,122803.99999999991,87797.31000000003,219332.08000000002
2026-01-26,1661848.2600000037,-2876696.5999999954,-1216961.889999996,-1542984.4899999995,2623083.1099999947,1081533.6600000039,-111857.77000000031,421284.81,309520.2199999998
2026-01-27,-993548.3200000009,-1477261.3000000007,-2471804.219999998,228879.8300000001,1656260.7200000011,1884615.869999999,838337.9700000001,-90565.92000000016,748322.8900000018
2026-01-28,1242540.4899999986,-2649591.3699999996,-1404008.4799999993,-1430808.2799999972,2305528.8199999975,873880.2599999981,392373.81000000046,492767.55000000045,883987.7700000015
2026-01-29,1598639.319999997,-2095590.0700000008,-498008.1700000001,-188731.36000000028,2042714.2399999986,1854359.3499999987,-1452068.8200000003,190492.0600000002,-1262067.7800000012
2026-01-30,2319706.180000003,-1031510.5300000014,1276098.3699999994,-438526.7100000004,1341317.9699999993,905560.5199999984,-1981254.0100000005,-117953.59999999979,-2088251.6100000003
2026-02-02,4522949.820000012,181624.4600000003,4706396.05,-2212610.8699999987,-550706.5699999995,-2761223.110000006,-2465856.9699999993,444920.06000000023,-2024952.3
2026-02-03,-2782480.4100000006,-688624.8600000005,-3469249.3300000075,2154488.3300000015,863123.270000001,3017093.2399999965,570510.6200000002,-107765.43999999984,461353.9500000001
2026-02-04,-1062779.4599999995,249112.0000000001,-796548.91,1742350.529999999,-152397.66000000047,1588694.3900000006,-840823.9999999986,-6311.740000000001,-863267.2999999995
2026-02-05,6613789.750000003,855954.1000000006,7486066.170000007,-2078069.3199999973,-529766.999999999,-2608943.960000002,-4859451.020000012,-234563.34000000014,-5109508.990000003
2026-02-06,2139787.7499999986,156209.6999999999,2310035.859999997,944815.7999999997,-160872.18999999983,778374.3099999994,-3293037.1299999966,62171.94999999999,-3235207.999999992
2026-02-09,-3348879.3400000036,-611677.5600000004,-3954301.5000000056,2713713.6100000027,488456.82000000024,3199656.1399999997,497583.1100000001,217484.5899999999,712667.9300000017
2026-02-10,-837276.6500000005,335401.7099999994,-497718.8599999997,569718.4599999997,-80028.08000000012,490510.0100000007,99908.14000000001,-216286.16000000038,-121451.17999999966
2026-02-11,-1583200.339999998,-50398.400000000125,-1631743.279999998,712184.9599999996,60445.35999999997,774367.6900000003,704179.8699999998,15099.48999999998,715038.8299999994
2026-02-12,-4176075.299999998,99950.34000000014,-4077249.5400000038,1335221.9800000028,96866.83999999985,1434345.6100000034,2770784.5400000005,-121241.61000000009,2650001.5999999987
2026-02-13,779651.1699999996,585223.7100000001,1366256.3000000024,42146.83999999999,-342147.94999999966,-304211.12000000005,-952022.9999999991,-206112.46,-1155139.859999995
2026-02-19,-962107.1899999998,-1797396.1599999974,-2756316.970000001,1613086.8600000006,1055629.2999999996,2662576.339999999,-782050.9300000013,816978.5100000005,37516.72999999988
2026-02-20,-1044497.3500000023,215545.03000000006,-833479.6599999988,1585505.1900000048,26716.309999999983,1608395.750000004,-664271.6000000006,-192808.41999999995,-843776.7300000001
2026-02-23,1090009.090000001,233891.2999999998,1199080.040000003,-299777.60000000003,-355866.2199999996,-497660.9199999995,-957095.5200000008,161673.93999999994,-818140.6000000007
2026-02-24,-2181130.2499999953,237107.00999999986,-1983795.7200000016,2292846.2299999977,-147875.12999999995,2196082.609999988,-216129.46000000022,264923.4900000005,39652.51000000006
2026-02-25,165004.83000000045,345520.6099999998,497098.44000000006,1414346.009999999,-125257.4899999999,1302166.09,-1184430.8400000012,-176601.75999999998,-1360440.7900000014
2026-02-26,522815.34000000043,-605443.2099999986,-110129.61000000006,1175450.5900000008,194294.53999999995,1397057.06,-1895478.8500000027,471501.4299999998,-1422460.0000000023
2026-02-27,5929781.809999998,-509139.8199999984,5407381.699999998,501452.6999999995,450164.35000000073,971373.2300000006,-6710566.360000003,91283.33999999987,-6613770.359999998
2026-03-03,5803562.569999992,-721752.929999999,5058909.109999995,-924340.1100000008,236969.09999999986,-655707.5599999997,-5145662.849999999,559145.6399999991,-4591366.410000008
2026-03-04,528409.5599999998,-1122074.3499999994,-616002.4600000003,-658004.6100000001,25405.539999999997,-599801.8200000002,-151799.4199999994,1101598.3200000003,942832.7200000002
2026-03-05,1767273.9800000014,-1483288.6899999978,274190.2500000004,-1722070.160000002,745826.6400000006,-967941.14,-108283.20000000011,763535.6999999996,661499.199999999
2026-03-06,2944794.15,-80791.4,2852195.9000000013,-1098764.9600000004,479428.84,-612900.9400000013,-1966301.950000002,-388027.10000000015,-2344232.560000001
2026-03-09,4670769.390000009,502321.3099999994,5163568.690000023,-1591996.679999999,50888.57999999997,-1534221.1599999967,-3205689.879999994,-551832.7100000005,-3749500.7199999928
2026-03-10,-1736415.780000002,8570.909999999923,-1736064.0200000019,890561.5999999997,429804.0700000008,1330955.2200000016,961231.9700000007,-396443.8200000003,562759.4400000006
2026-03-11,-475270.78000000067,246932.21999999997,-236124.70999999976,742835.849999999,-128438.43999999974,618623.7300000004,-245152.01999999981,-72026.33999999994,-313545.9500000003
2026-03-12,2050183.300000001,492282.83000000083,2542649.509999995,111154.62000000005,253212.05999999985,365613.1799999997,-2248839.4700000007,-674009.4999999981,-2924284.910000006
2026-03-13,2446726.879999999,-143317.8799999998,2308402.079999996,-1135412.5300000033,268630.44999999966,-834648.0399999999,-1369576.590000002,-89689.75000000004,-1496386.7100000035
2026-03-16,716015.1199999996,698256.6900000006,1411196.2000000002,82642.85999999997,-171463.81000000006,-88646.29000000005,-846921.1400000008,-488321.5599999995,-1332453.0199999984
2026-03-17,-570828.6999999996,134927.06999999992,-438762.1100000006,711214.8899999983,-35487.74000000001,684453.549999998,-156605.72000000006,-56980.39999999992,-219271.27999999985
2026-03-18,-3754397.3699999964,-410938.6500000004,-4165036.819999993,3026065.5500000007,-21630.710000000014,3037119.289999999,847161.6199999995,510639.4500000002,1324822.4500000034
2026-03-19,2296159.199999999,481134.84000000043,2784735.7699999986,-698957.7000000007,-259046.19000000006,-950104.3799999999,-1726175.539999998,-184341.13999999978,-1925858.3399999987
2026-03-20,1934724.2900000007,-85263.13999999985,1856345.1300000022,-1078344.490000001,-91300.28999999998,-1148192.2700000003,-891061.7500000008,215865.4599999998,-703491.0200000016
2026-03-23,6928882.640000001,444392.43999999925,7372546.090000012,-3783640.86,-194868.3,-3975921.180000005,-3653987.559999999,-244255.32999999975,-3899787.0700000054
2026-03-24,772806.63,-189279.54000000007,584889.8500000002,944003.8299999996,18150.050000000003,964629.7499999994,-2003345.1199999985,145997.31,-1861183.1499999973
2026-03-25,-1358016.8999999985,-367468.28000000026,-1725956.8899999934,2360190.4400000037,23610.68000000008,2384249.430000001,-1309440.659999999,359439.9199999997,-949975.4599999997
2026-03-26,2923524.9500000025,460424.7600000005,3384403.790000003,-212233.09,-133275.17,-345967.89000000065,-2903432.3300000015,-277075.19000000047,-3180492.3700000024
2026-03-27,2226151.440000005,167715.67000000016,2393221.320000006,764328.4799999992,63437.09999999991,827169.519999998,-3385554.5300000003,-244131.71,-3628440.6100000045
2026-03-30,868726.8200000001,301962.46000000037,1172271.530000001,869133.9399999997,-118974.01000000007,749530.68,-2092499.39,-127188.94999999997,-2220560.649999998
2026-03-31,2380430.189999999,42108.20999999993,2437784.7500000023,926999.7499999992,-66476.18000000007,934614.0800000002,-3695861.939999997,117608.54000000018,-3667576.419999998
2026-04-01,-3718546.4400000013,-869215.6300000004,-4591458.339999997,4042209.879999995,465468.53000000044,4511086.379999988,-668359.620000001,407931.1400000005,-260133.30999999912
2026-04-02,1114732.550000003,577563.3600000001,1693186.600000003,-1463352.4199999983,-500139.79999999935,-1964567.1599999978,-31195.920000000082,-52894.6499999999,-83903.78
2026-04-03,-2084687.679999998,415667.7800000009,-1666448.1699999995,744836.8600000001,-209510.86000000004,533217.9900000007,784753.1700000014,-220067.38999999996,564529.5400000003
2026-04-06,-988670.5700000016,406460.9800000002,-583693.6799999988,774729.6,-357257.51999999996,418008.4799999993,-152817.6300000001,103332.36999999972,-48385.18999999999
2026-04-07,-411296.6799999993,-46318.76000000003,-458165.46999999916,-393190.7199999997,-119910.90999999996,-512305.39999999915,458721.69999999995,194144.36999999988,652597.2200000008
2026-04-08,-5332637.090000001,-561008.5399999996,-5891924.760000005,2726321.499999999,373920.79999999993,3100713.840000001,1853269.0300000007,215657.3700000001,2066825.2099999988
2026-04-09,392123.2299999999,895790.5899999995,1286643.4500000044,-2454327.7200000007,-505485.67999999947,-2958484.0900000045,1561460.9499999972,-399927.30000000086,1161484.8899999938
2026-04-10,-1151481.6399999985,-52553.75999999998,-1203996.9499999974,-194853.4099999999,92207.9299999999,-102406.95000000003,973252.2600000022,-37567.83999999998,935422.740000002
2026-04-13,680585.4500000005,253121.5599999996,933007.5500000006,-643954.639999999,-91323.61000000023,-732969.8499999979,-447544.7400000002,-145148.52999999988,-594382.3600000021
2026-04-14,-2279540.0999999973,118488.46000000002,-2160400.2199999974,1251973.2899999989,-127790.54000000004,1125330.1699999988,709366.7700000007,-15419.169999999944,692211.0900000009
2026-04-15,-923177.1600000001,-264892.31999999983,-1188521.0199999998,53189.37999999995,177134.13000000027,230904.96000000052,452687.1099999996,217376.70000000007,669928.8299999989
2026-04-16,-1662817.869999999,354128.6600000004,-1309077.9699999997,1091890.7799999968,-60862.16000000019,1031629.8500000027,324007.1799999999,-257015.20999999988,66914.61999999991
2026-04-17,1359917.59,-24614.19999999991,1334546.1100000034,155357.99999999997,17874.439999999962,173058.47999999954,-1921080.6299999992,17226.889999999974,-1902973.9500000014
2026-04-20,-315641.36999999994,125647.80000000013,-189934.49000000092,302544.8599999996,-156882.50000000015,146451.22999999954,-248078.3499999998,44057.81000000027,-204772.83999999968
2026-04-21,-1799050.169999998,459342.07999999996,-1341636.1100000008,897458.8600000013,-118921.75000000019,780282.9700000014,1051342.8,-259055.2700000001,792175.6599999995
2026-04-22,1189950.6799999976,279139.1000000004,1468493.7799999989,-395593.52000000037,-367593.50000000023,-762022.3899999977,-682274.8000000006,179827.15000000017,-503018.5200000012
2026-04-23,507072.12999999966,283445.3799999997,790641.6300000009,-308223.2500000002,-126923.98000000007,-435596.3,-122114.36999999963,-133265.9099999998,-255157.01999999993
2026-04-24,1050343.5999999999,-883748.6600000015,166300.45000000234,858655.7700000004,187079.76000000024,1045995.5999999994,-1868959.6300000001,721535.769999999,-1147356.7699999984
2026-04-27,-1942408.8699999973,141976.9699999997,-1800682.0699999942,1098098.1700000002,82259.6400000001,1180903.8100000012,875063.5699999995,-176451.21000000017,698202.3599999993
2026-04-28,-179061.34999999998,773403.7599999995,585700.6399999994,442635.60000000015,-256517.8400000004,184852.51000000004,-231732.8299999997,-478264.8099999998,-700046.0200000005
2026-04-29,99327.01999999987,315.39999999997906,97490.90999999981,521018.42000000033,-27689.64000000001,493598.52999999956,-578888.55,39655.27000000005,-537234.4400000004
2026-04-30,932059.730000002,511700.9400000008,1441009.8800000001,300568.68000000046,-287566.3200000005,13310.989999999969,-1225924.8899999992,-194280.12999999942,-1417475.2600000007
2026-05-04,-4611267.700000001,-467746.50999999914,-5080570.080000001,2010333.1199999978,-72458.46000000004,1936128.389999998,2777739.330000007,572685.4800000002,3353694.5100000002
2026-05-06,-795435.19,568631.6199999987,-227923.7600000006,-2358481.340000003,-545002.0499999985,-2903637.559999995,3406855.2900000038,-21446.230000000018,3386802.9100000155
2026-05-07,5403912.249999995,-21892.0299999999,5381144.800000007,837413.1899999989,-132355.8500000001,702207.4299999992,-6073182.940000003,172850.64000000013,-5896609.310000011
2026-05-08,3824342.4300000006,-474290.02999999945,3349059.749999998,1235339.350000001,82077.33999999988,1318351.6899999992,-5134040.679999997,400319.2200000004,-4733659.399999993
2026-05-11,3075336.5000000014,46872.42000000004,3120872.8000000073,-16451.14000000003,-155271.9100000002,-171244.18000000017,-3080839.280000003,140228.19999999987,-2939764.8000000077
2026-05-12,6360121.699999988,-222727.48999999993,6136687.389999989,-1233758.9799999988,-254534.61000000016,-1488585.309999996,-5284554.57,522173.3899999999,-4761385.470000013
2026-05-13,1902331.309999998,547819.579999999,2450004.5499999993,1697376.9899999993,16265.43999999998,1714137.7299999963,-3775809.9799999986,-565690.0400000005,-4341861.120000016
2026-05-14,2075484.9499999958,53475.48000000002,2127763.1100000083,173081.50000000017,79689.7099999999,252732.9800000002,-2377556.5799999996,-147398.0600000002,-2523716.8000000035
2026-05-15,7135648.469999993,-201850.66000000032,6931496.92999999,-1714439.1300000008,-152251.10999999996,-1865578.8300000003,-5600311.630000005,372530.9099999999,-5226534.210000006
2026-05-18,2242932.6000000006,10848.38000000005,2253297.609999999,1390829.0499999952,-254442.8500000006,1136361.6499999966,-3681555.710000003,210319.05999999988,-3470733.000000002
2026-05-19,5465508.120000006,127495.33999999991,5592222.17000001,175178.5099999999,-62078.819999999985,112930.05999999966,-5585134.860000002,108622.0000000001,-5475533.309999992
2026-05-20,1699461.33,-86891.33000000005,1610981.3900000006,1160689.4699999988,-121626.2000000001,1038923.8899999988,-2979095.5399999986,215754.8799999997,-2761664.5600000033
2026-05-21,-2753600.389999997,-249798.68999999997,-3004210.1499999925,2975555.4899999923,153827.47000000003,3129031.419999997,-225111.62999999983,131676.3700000001,-92261.19999999998
2026-05-22,1136664.7100000014,-940877.3199999997,195283.64999999912,802399.4800000007,343832.39999999956,1145933.8800000013,-2045528.5300000014,596411.6699999998,-1448237.8299999963
2026-05-26,-602392.8600000005,168632.96000000017,-434836.6300000013,840325.7799999987,-3759.4200000000055,833570.3999999979,-121840.35000000002,-64699.38000000001,-182459.74000000034
2026-05-27,808039.1199999996,567574.8600000007,1374895.1000000024,77318.74000000083,-530474.8700000002,-453127.6599999991,-759347.7400000009,-15447.350000000017,-774109.0400000017
2026-05-28,3784732.5299999993,46177.680000000044,3830483.1699999976,-1002868.1500000001,-397649.02000000054,-1401002.0700000003,-2965818.0999999987,369719.0599999999,-2595081.7200000007
2026-05-29,-1113505.0499999984,296963.6400000006,-818302.4200000013,2367815.279999997,-298128.70000000077,2070277.699999999,-1335221.5900000012,10364.82,-1323603.6000000003
2026-06-01,146410.94999999998,-458755.67000000033,-312045.8700000005,2344274.5899999975,-293855.46000000084,2048993.8599999996,-2451336.1899999985,775143.370000001,-1675176.1599999988
2026-06-02,5855144.609999992,-367635.7800000003,5486596.349999984,-15326.979999999952,134287.41000000024,112967.64000000004,-5834606.86000001,296673.07,-5530817.170000002
2026-06-04,4669793.029999998,-182430.29999999976,4486932.710000016,1555966.6900000025,207537.7,1763105.7199999993,-6376076.510000009,-8193.06000000004,-6383436.679999995
2026-06-05,4297633.589999996,4134.870000000032,4301270.739999993,-1388247.3700000008,173826.64999999982,-1214547.1499999985,-2841449.79,-176468.10000000006,-3017329.55
2026-06-08,1711908.9399999997,-181366.70999999988,1528568.649999999,-1689215.1300000006,-119219.20000000008,-1808105.4000000027,-254903.8000000004,280840.2800000004,27580.769999999746
2026-06-09,-717465.6899999997,-487868.04,-1206807.720000001,2519355.0800000024,195625.6100000001,2715132.020000003,-1896889.23,294319.05,-1601234.4100000034
2026-06-10,4716149.140000003,90836.73999999995,4806111.5299999975,-2226217.609999996,-98982.82000000007,-2325878.5499999914,-2702924.790000005,152106.68000000008,-2549257.92
2026-06-11,2146812.9600000037,-372193.36000000016,1774473.6699999976,-690209.7600000004,719814.7600000006,15215.390000000578,-1606833.2099999997,-335961.2499999998,-1928264.7199999997
2026-06-12,-4157001.6400000043,-935925.2900000003,-5093733.299999994,2284488.3600000064,629083.8599999996,2913799.7700000117,2042755.2300000004,274999.39999999985,2318349.0100000026
2026-06-15,-1498971.4200000009,583053.3599999998,-915669.8500000009,454962.34999999974,215496.18000000028,666124.7699999984,1069300.810000002,-771880.4100000015,301515.039999999
2026-06-16,-2015785.6799999976,766952.8999999999,-1249305.3299999973,738809.7499999992,-461917.42999999924,268206.6500000009,1328030.3399999996,-295327.12999999983,1041874.6500000014
2026-06-17,461522.05000000034,-37387.97,424306.7400000006,621977.81,-4221.149999999991,617482.9700000008,-959502.1499999994,40395.24999999995,-919004.2099999982
2026-06-18,-554529.350000001,350323.49,-204342.35999999946,-740991.8900000008,-264253.10000000027,-1006397.180000001,1400051.1599999997,-83952.01000000001,1317402.9100000006
2026-06-19,1527166.3300000026,41981.4000000001,1569144.010000001,-1231297.0699999973,-562724.5499999993,-1793813.0500000007,-232867.72000000038,503434.6100000008,270360.71000000095
2026-06-22,2152412.5599999973,-449071.03999999975,1701690.1399999997,281158.2200000003,153967.18999999968,434209.3800000004,-2510444.2900000024,289702.90999999945,-2218166.280000007
2026-06-23,8422292.80000002,-391436.0799999997,8030619.529999989,-4489958.1099999985,130700.0099999998,-4360627.150000001,-4058735.9100000015,271231.43999999994,-3785886.5100000054
2026-06-24,2545295.1600000006,-316507.41000000027,2227657.529999997,1834194.6299999978,334903.41999999894,2169043.2000000123,-4485281.729999998,-31276.539999999935,-4515315.320000001
2026-06-25,-2093361.1199999982,149994.23,-1945522.1099999999,3289840.649999996,-169735.39000000007,3117356.729999996,-1126773.7699999996,34712.39,-1087169.8999999997
2026-06-26,7942773.740000015,-641265.8399999992,7301507.8999999985,-4129372.840000005,309496.9499999997,-3819875.8899999983,-4067456.9300000016,317774.89999999985,-3749682.0300000003
2026-06-29,4398836.160000005,-496900.31999999966,3901935.8400000073,2912567.769999999,503108.51999999996,3415676.2899999996,-7523942.180000005,915.7399999999714,-7523026.440000017
2026-06-30,730765.6000000006,328589.5199999999,1059355.1200000024,2864235.8000000017,-113206.92000000011,2751028.8800000055,-3632258.8300000033,-212971.64,-3845230.470000004
2026-07-01,1743577.8400000012,-147614.87999999986,1595962.960000002,-58596.18000000011,-124170.7499999999,-182766.92999999961,-1728535.6499999983,236350.2900000001,-1492185.3599999975
2026-07-02,6313758.9799999995,462303.22999999963,6776062.209999996,-2041352.1600000022,-306174.4899999996,-2347526.65,-4518495.790000009,-168762.9699999999,-4687258.760000008
2026-07-03,-2178468.5300000063,124382.14999999983,-2054086.3799999997,4334806.030000005,-107081.03000000009,4227725.000000002,-2190819.769999997,-29168.99,-2219988.7600000007
2026-07-06,2681271.6000000034,229146.78999999954,2910418.3900000015,-1579529.320000002,-211287.1499999996,-1790816.4699999986,-1208442.9800000016,-25179.63999999998,-1233622.6200000022
2026-07-07,3022862.8000000035,-368479.7499999999,2654383.0500000026,-336706.11000000074,-10300.719999999961,-347006.83000000165,-2786015.210000001,384284.18000000104,-2401731.0300000035
2026-07-08,-1509.4599999996578,-198040.92999999964,-199550.3899999995,-406685.0000000001,-146660.44000000024,-553345.4400000003,361556.69000000006,345547.76,707104.4500000014
2026-07-09,-1318047.6899999997,-311529.1499999997,-1629576.8399999957,1293498.6699999971,306494.45999999956,1599993.1299999966,125672.56999999977,21259.809999999976,146932.38000000006
2026-07-10,-656045.8900000001,-393926.95000000024,-1049972.8400000005,1133537.3099999994,584240.9799999994,1717778.289999998,-457564.5600000005,-191515.2600000005,-649079.8200000002
2026-07-13,3855631.829999998,152462.64999999994,4008094.4799999967,-2180714.909999996,191685.82000000018,-1989029.089999998,-1712014.9499999976,-366033.68,-2078048.6299999976
2026-07-14,-3994088.619999999,76623.30000000003,-3917465.3199999966,3099681.5599999996,157436.61999999988,3257118.1799999997,939764.1799999992,-250051.31,689712.8700000008
2026-07-15,-2415128.8299999973,-120984.71999999991,-2536113.5499999984,159067.89999999967,107615.19000000003,266683.0899999997,2304271.249999997,3471.5300000000952,2307742.779999999
2026-07-16,3472077.5300000026,412099.77999999997,3884177.3100000047,-2361542.920000001,-154687.03999999975,-2516229.959999993,-1211180.1000000022,-283868.6200000001,-1495048.720000004
2026-07-20,432755.4799999997,171172.20999999993,603927.69,-919108.7600000012,-135960.18000000028,-1055068.9399999995,438470.00999999954,-42404.610000000015,396065.40000000026
2026-07-21,-1554390.2700000007,139862.24999999994,-1414528.0200000033,1328897.740000001,-10325.680000000002,1318572.06,272124.2599999999,-134041.6199999997,138082.64000000042
2026-07-22,-1102203.649999999,254064.81000000006,-848138.8400000001,-1495461.1800000002,-189001.0599999994,-1684462.2400000033,2612414.350000005,-76759.96999999994,2535654.3800000097
2026-07-23,-2165737.619999999,-216219.50999999992,-2381957.129999995,66125.05999999995,64893.850000000035,131018.90999999987,2144785.9300000034,149363.1899999999,2294149.1200000066
2026-07-24,5089264.8600000115,448260.54999999946,5537525.410000018,-1885322.5299999984,-332340.18,-2217662.710000009,-3260040.950000004,-123024.91999999995,-3383065.870000004
2026-07-27,1970915.9899999993,-167178.79000000033,1803737.199999999,840795.2799999989,271159.1800000006,1111954.4600000011,-2869418.69,-126935.01000000011,-2996353.6999999974
2026-07-28,4217603.719999995,36228.80000000007,4253832.519999998,256387.00999999992,-132009.01999999976,124377.98999999987,-4503162.200000001,94734.16999999988,-4408428.030000001
2026-07-29,-1839135.810000002,-447606.0899999997,-2286741.8999999994,3213033.920000009,147317.29000000018,3360351.210000012,-1403297.3299999998,301765.62000000087,-1101531.709999998
2026-07-30,-1397909.2099999988,-104360.2400000001,-1502269.449999998,97541.54000000002,-142825.04999999993,-45283.50999999985,1290555.6799999985,244000.96000000002,1534556.6400000001
2026-07-31,-7952085.19,-438293.31000000064,-8390378.500000002,1105804.3299999987,298256.0999999995,1404060.4299999988,6982820.739999995,142034.88999999993,7124855.62999999
2026-08-03,4565829.289999996,29756.289999999986,4595585.579999989,-1954219.8200000003,179861.25000000006,-1774358.57,-2747980.3099999973,-216081.2199999997,-2964061.529999999
2026-08-04,756999.4899999985,-246373.15000000023,510626.3399999992,-523123.0400000001,542824.6799999998,19701.640000000043,-320840.3600000011,-288924.6500000007,-609765.0099999992
2026-08-05,-1105154.0100000035,413791.71000000025,-691362.3000000006,-275130.8700000006,-107012.42999999983,-382143.3,1367984.179999998,-320098.7000000001,1047885.4799999993
2026-08-06,3272113.3500000006,74400.32999999999,3346513.679999996,-61463.53999999995,157010.56999999972,95547.02999999993,-3307920.3200000045,-235088.81000000023,-3543009.1300000087
2026-08-07,209123.6300000006,321832.67999999993,530956.3100000002,567133.3399999995,-103046.8399999999,464086.4999999993,-791391.4800000002,-232297.36999999988,-1023688.8500000007
2026-08-10,906942.2100000015,-645807.4100000001,261134.8000000011,565498.259999999,564844.6199999995,1130342.880000003,-1499084.0399999998,76758.26999999995,-1422325.7699999998
