date,close
20140715,2012.72
20140716,2013.48
20140717,2020.9
20140718,2019.42
20140721,2018.5
20140722,2028.93
20140723,2028.32
20140724,2026.62
20140725,2033.85
20140728,2048.81
20140729,2061.97
20140730,2082.61
20140731,2076.12
20140801,2073.1
20140804,2080.42
20140805,2066.26
20140806,2060.73
20140807,2054.51
20140808,2031.1
20140811,2039.37
20140812,2041.47
20140813,2062.36
20140814,2063.22
20140818,2053.13
20140819,2071.14
20140820,2072.78
20140821,2044.21
20140822,2056.7
20140825,2060.89
20140826,2068.05
20140827,2074.93
20140828,2075.76
20140829,2068.54
20140901,2067.86
20140902,2051.58
20140903,2051.2
20140904,2056.26
20140905,2049.41
20140911,2034.16
20140912,2041.86
20140915,2035.82
20140916,2042.92
20140917,2062.61
20140918,2047.74
20140919,2053.82
20140922,2039.27
20140923,2028.91
20140924,2035.64
20140925,2034.11
20140926,2031.64
20140929,2026.6
20140930,2020.09
20141001,1991.54
20141002,1976.16
20141006,1968.39
20141007,1972.91
20141008,1965.25
20141010,1940.92
20141013,1927.21
20141014,1929.25
20141015,1925.91
20141016,1918.83
20141017,1900.66
20141020,1930.06
20141021,1915.28
20141022,1936.97
20141023,1931.65
20141024,1925.69
20141027,1931.97
20141028,1925.68
20141029,1961.17
20141030,1958.93
20141031,1964.43
20141103,1952.97
20141104,1935.19
20141105,1931.43
20141106,1936.48
20141107,1939.87
20141110,1958.23
20141111,1963.0
20141112,1967.27
20141113,1960.51
20141114,1945.14
20141117,1943.63
20141118,1967.01
20141119,1966.87
20141120,1958.04
20141121,1964.84
20141124,1978.54
20141125,1980.21
20141126,1980.84
20141127,1982.09
20141128,1980.78
20141201,1965.22
20141202,1965.83
20141203,1969.91
20141204,1986.61
20141205,1986.62
20141208,1978.95
20141209,1970.95
20141210,1945.56
20141211,1916.59
20141212,1921.71
20141215,1920.36
20141216,1904.13
20141217,1900.16
20141218,1897.5
20141219,1929.98
20141222,1943.12
20141223,1939.02
20141224,1946.61
20141226,1948.16
20141229,1927.86
20141230,1915.59
20150102,1926.44
20150105,1915.75
20150106,1882.45
20150107,1883.83
20150108,1904.65
20150109,1924.7
20150112,1920.95
20150113,1917.14
20150114,1913.66
20150115,1914.14
20150116,1888.13
20150119,1902.62
20150120,1918.31
20150121,1921.23
20150122,1920.82
20150123,1936.09
20150126,1935.68
20150127,1952.4
20150128,1961.58
20150129,1951.02
20150130,1949.26
20150202,1952.68
20150203,1951.96
20150204,1962.79
20150205,1952.84
20150206,1955.52
20150209,1947.0
20150210,1935.86
20150211,1945.7
20150212,1941.63
20150213,1957.5
20150216,1958.23
20150217,1961.45
20150223,1968.39
20150224,1976.12
20150225,1990.47
20150226,1993.08
20150227,1985.8
20150302,1996.81
20150303,2001.38
20150304,1998.29
20150305,1998.38
20150306,2012.94
20150309,1992.82
20150310,1984.77
20150311,1980.83
20150312,1970.59
20150313,1985.79
20150316,1987.33
20150317,2029.91
20150318,2028.45
20150319,2037.89
20150320,2037.24
20150323,2036.59
20150324,2041.37
20150325,2042.81
20150326,2022.56
20150327,2019.8
20150330,2030.04
20150331,2041.03
20150401,2028.45
20150402,2029.07
20150403,2045.42
20150406,2046.43
20150407,2047.03
20150408,2059.26
20150409,2058.87
20150410,2087.76
20150413,2098.92
20150414,2111.72
20150415,2119.96
20150416,2139.9
20150417,2143.5
20150420,2146.71
20150421,2144.79
20150422,2143.89
20150423,2173.41
20150424,2159.8
20150427,2157.54
20150428,2147.67
20150429,2142.63
20150430,2127.17
20150504,2132.23
20150506,2104.58
20150507,2091.0
20150508,2085.52
20150511,2097.38
20150512,2096.77
20150513,2114.16
20150514,2120.33
20150515,2106.5
20150518,2113.72
20150519,2120.85
20150520,2139.54
20150521,2122.81
20150522,2146.1
20150526,2143.5
20150527,2107.5
20150528,2110.89
20150529,2114.8
20150601,2102.37
20150602,2078.64
20150603,2063.16
20150604,2072.86
20150605,2068.1
20150608,2065.19
20150609,2064.03
20150610,2051.32
20150611,2056.61
20150612,2052.17
20150615,2042.32
20150616,2028.72
20150617,2034.86
20150618,2041.88
20150619,2046.96
20150622,2055.16
20150623,2081.2
20150624,2085.53
20150625,2085.06
20150626,2090.26
20150629,2060.49
20150630,2074.2
20150701,2097.89
20150702,2107.33
20150703,2104.41
20150706,2053.93
20150707,2040.29
20150708,2016.21
20150709,2027.81
20150710,2031.17
20150713,2061.52
20150714,2059.23
20150715,2072.91
20150716,2087.89
20150717,2076.79
20150720,2073.31
20150721,2083.62
20150722,2064.73
20150723,2065.07
20150724,2045.96
20150727,2038.81
20150728,2039.1
20150729,2037.62
20150730,2019.03
20150731,2030.16
20150803,2008.49
20150804,2027.99
20150805,2029.76
20150806,2013.29
20150807,2010.23
20150810,2003.17
20150811,1986.65
20150812,1975.47
20150813,1983.46
20150817,1968.52
20150818,1956.26
20150819,1939.38
20150820,1914.55
20150821,1876.07
20150824,1829.81
20150825,1846.63
20150826,1894.09
20150827,1908.0
20150828,1937.67
20150831,1941.49
20150901,1914.23
20150902,1915.22
20150903,1915.53
20150904,1886.04
20150907,1883.22
20150908,1878.68
20150909,1934.2
20150910,1962.11
20150911,1941.37
20150914,1931.46
20150915,1937.56
20150916,1975.45
20150917,1976.49
20150918,1995.95
20150921,1964.68
20150922,1982.06
20150923,1944.64
20150924,1947.1
20150925,1942.85
20150930,1962.81
20151001,1979.32
20151002,1969.68
20151005,1978.25
20151006,1990.65
20151007,2005.84
20151008,2019.53
20151012,2021.63
20151013,2019.05
20151014,2009.55
20151015,2033.27
20151016,2030.26
20151019,2030.27
20151020,2039.36
20151021,2042.98
20151022,2023.0
20151023,2040.4
20151026,2048.08
20151027,2044.65
20151028,2042.51
20151029,2034.16
20151030,2029.47
20151102,2035.24
20151103,2048.4
20151104,2052.77
20151105,2049.41
20151106,2041.07
20151109,2025.7
20151110,1996.59
20151111,1997.27
20151112,1993.36
20151113,1973.29
20151116,1943.02
20151117,1963.58
20151118,1962.88
20151119,1988.91
20151120,1989.86
20151123,2003.7
20151124,2016.29
20151125,2009.42
20151126,2030.68
20151127,2028.99
20151130,1991.97
20151201,2023.93
20151202,2009.29
20151203,1994.07
20151204,1974.4
20151207,1963.67
20151208,1949.04
20151209,1948.24
20151210,1952.07
20151211,1948.62
20151214,1927.82
20151215,1932.97
20151216,1969.4
20151217,1977.96
20151218,1975.32
20151221,1981.19
20151222,1992.56
20151223,1999.22
20151224,1990.65
20151228,1964.06
20151229,1966.31
20151230,1961.31
20160104,1918.76
20160105,1930.53
20160106,1925.43
20160107,1904.33
20160108,1917.62
20160111,1894.84
20160112,1890.86
20160113,1916.28
20160114,1900.01
20160115,1878.87
20160118,1878.45
20160119,1889.64
20160120,1845.45
20160121,1840.53
20160122,1879.43
20160125,1893.43
20160126,1871.69
20160127,1897.87
20160128,1906.94
20160129,1912.06
20160201,1924.82
20160202,1906.6
20160203,1890.67
20160204,1916.26
20160205,1917.79
20160211,1861.54
20160212,1835.28
20160215,1862.2
20160216,1888.3
20160217,1883.94
20160218,1908.84
20160219,1916.24
20160222,1916.36
20160223,1914.22
20160224,1912.53
20160225,1918.57
20160226,1920.16
20160229,1916.66
20160302,1947.42
20160303,1958.17
20160304,1955.63
20160307,1957.87
20160308,1946.12
20160309,1952.95
20160310,1969.33
20160311,1971.41
20160314,1972.27
20160315,1969.97
20160316,1974.9
20160317,1987.99
20160318,1992.12
20160321,1989.76
20160322,1996.81
20160323,1995.12
20160324,1985.97
20160325,1983.81
20160328,1982.54
20160329,1994.91
20160330,2002.14
20160331,1995.85
20160401,1973.57
20160404,1978.97
20160405,1962.74
20160406,1971.32
20160407,1973.89
20160408,1972.05
20160411,1970.37
20160412,1981.32
20160414,2015.93
20160415,2014.71
20160418,2009.1
20160419,2011.36
20160420,2005.83
20160421,2022.1
20160422,2015.49
20160425,2014.55
20160426,2019.63
20160427,2015.4
20160428,2000.93
20160429,1994.15
20160502,1978.15
20160503,1986.41
20160504,1976.71
20160509,1967.81
20160510,1982.5
20160511,1980.1
20160512,1977.49
20160513,1966.99
20160516,1967.91
20160517,1968.06
20160518,1956.73
20160519,1946.78
20160520,1947.67
20160523,1955.25
20160524,1937.68
20160525,1960.51
20160526,1957.06
20160527,1969.17
20160530,1967.13
20160531,1983.4
20160601,1982.72
20160602,1985.11
20160603,1985.84
20160607,2011.63
20160608,2027.08
20160609,2024.17
20160610,2017.63
20160613,1979.06
20160614,1972.03
20160615,1968.83
20160616,1951.99
20160617,1953.4
20160620,1981.12
20160621,1982.7
20160622,1992.58
20160623,1986.71
20160624,1925.24
20160627,1926.85
20160628,1936.22
20160629,1956.36
20160630,1970.35
20160701,1987.32
20160704,1995.3
20160705,1989.85
20160706,1953.12
20160707,1974.08
20160708,1963.1
20160711,1988.54
20160712,1991.23
20160713,2005.55
20160714,2008.77
20160715,2017.26
20160718,2021.11
20160719,2016.89
20160720,2015.46
20160721,2012.22
20160722,2010.34
20160725,2012.32
20160726,2027.34
20160727,2025.05
20160728,2021.1
20160729,2016.19
20160801,2029.61
20160802,2019.03
20160803,1994.79
20160804,2000.03
20160805,2017.94
20160808,2031.12
20160809,2043.78
20160810,2044.64
20160811,2048.8
20160812,2050.47
20160816,2047.76
20160817,2043.75
20160818,2055.47
20160819,2056.24
20160822,2042.16
20160823,2049.93
20160824,2043.76
20160825,2042.92
20160826,2037.5
20160829,2032.35
20160830,2039.74
20160831,2034.65
20160901,2032.72
20160902,2038.31
20160905,2060.08
20160906,2066.53
20160907,2061.88
20160908,2063.73
20160909,2037.87
20160912,1991.48
20160913,1999.36
20160919,2015.78
20160920,2025.71
20160921,2035.99
20160922,2049.7
20160923,2054.07
20160926,2047.11
20160927,2062.82
20160928,2053.06
20160929,2068.72
20160930,2043.63
20161004,2054.86
20161005,2053.0
20161006,2065.3
20161007,2053.8
20161010,2056.82
20161011,2031.93
20161012,2033.73
20161013,2015.44
20161014,2022.66
20161017,2027.61
20161018,2040.43
20161019,2040.94
20161020,2040.6
20161021,2033.0
20161024,2047.74
20161025,2037.17
20161026,2013.89
20161027,2024.12
20161028,2019.42
20161031,2008.19
20161101,2007.39
20161102,1978.94
20161103,1983.8
20161104,1982.02
20161107,1997.58
20161108,2003.38
20161109,1958.38
20161110,2002.6
20161111,1984.43
20161114,1974.4
20161115,1967.53
20161116,1979.65
20161117,1980.55
20161118,1974.58
20161121,1966.05
20161122,1983.47
20161123,1987.95
20161124,1971.26
20161125,1974.46
20161128,1978.13
20161129,1978.39
20161130,1983.48
20161201,1983.75
20161202,1970.61
20161205,1963.36
20161206,1989.86
20161207,1991.89
20161208,2031.07
20161209,2024.69
20161212,2027.24
20161213,2035.98
20161214,2036.87
20161215,2036.65
20161216,2042.24
20161219,2038.39
20161220,2041.94
20161221,2037.96
20161222,2035.73
20161223,2035.9
20161226,2037.75
20161227,2042.17
20161228,2024.49
20161229,2026.46
20170102,2026.16
20170103,2043.97
20170104,2045.64
20170105,2041.95
20170106,2049.12
20170109,2048.78
20170110,2045.12
20170111,2075.17
20170112,2087.14
20170113,2076.79
20170116,2064.17
20170117,2071.87
20170118,2070.54
20170119,2072.79
20170120,2065.61
20170123,2065.99
20170124,2065.76
20170125,2066.94
20170126,2083.59
20170131,2067.57
20170201,2080.48
20170202,2071.01
20170203,2073.16
20170206,2077.66
20170207,2075.21
20170208,2065.08
20170209,2065.88
20170210,2075.08
20170213,2078.65
20170214,2074.57
20170215,2083.86
20170216,2081.84
20170217,2080.58
20170220,2084.39
20170221,2102.93
20170222,2106.61
20170223,2107.63
20170224,2094.12
20170227,2085.52
20170228,2091.64
20170302,2102.65
20170303,2078.75
20170306,2081.36
20170307,2094.05
20170308,2095.41
20170309,2091.06
20170310,2097.35
20170313,2117.59
20170314,2133.78
20170315,2133.0
20170316,2150.08
20170317,2164.58
20170320,2157.01
20170321,2178.38
20170322,2168.3
20170323,2172.72
20170324,2168.95
20170327,2155.66
20170328,2163.31
20170329,2166.98
20170330,2164.64
20170331,2160.23
20170403,2167.51
20170404,2161.1
20170405,2160.85
20170406,2152.75
20170407,2151.73
20170410,2133.32
20170411,2123.85
20170412,2128.91
20170413,2148.61
20170414,2134.88
20170417,2145.76
20170418,2148.46
20170419,2138.4
20170420,2149.15
20170421,2165.04
20170424,2173.74
20170425,2196.85
20170426,2207.84
20170427,2209.46
20170428,2205.44
20170502,2219.67
20170504,2241.24
20170508,2292.76
20170510,2270.12
20170511,2296.37
20170512,2286.02
20170515,2290.65
20170516,2295.33
20170517,2293.08
20170518,2286.82
20170519,2288.48
20170522,2304.03
20170523,2311.74
20170524,2317.34
20170525,2342.93
20170526,2355.3
20170529,2352.97
20170530,2343.68
20170531,2347.38
20170601,2344.61
20170602,2371.72
20170605,2368.62
20170607,2360.14
20170608,2363.57
20170609,2381.69
20170612,2357.87
20170613,2374.7
20170614,2372.64
20170615,2361.65
20170616,2361.83
20170619,2370.9
20170620,2369.23
20170621,2357.53
20170622,2370.37
20170623,2378.6
20170626,2388.66
20170627,2391.95
20170628,2382.56
20170629,2395.66
20170630,2391.79
20170703,2394.48
20170704,2380.52
20170705,2388.35
20170706,2387.81
20170707,2379.87
20170710,2382.1
20170711,2396.0
20170712,2391.77
20170713,2409.49
20170714,2414.63
20170717,2425.1
20170718,2426.04
20170719,2429.94
20170720,2441.84
20170721,2450.06
20170724,2451.53
20170725,2439.9
20170726,2434.51
20170727,2443.24
20170728,2400.99
20170731,2402.71
20170801,2422.96
20170802,2427.63
20170803,2386.85
20170804,2395.45
20170807,2398.75
20170808,2394.73
20170809,2368.39
20170810,2359.47
20170811,2319.71
20170814,2334.22
20170816,2348.26
20170817,2361.67
20170818,2358.37
20170821,2355.0
20170822,2365.33
20170823,2366.4
20170824,2375.84
20170825,2378.51
20170828,2370.3
20170829,2364.74
20170830,2372.29
20170831,2363.19
20170901,2357.69
20170904,2329.65
20170905,2326.62
20170906,2319.82
20170907,2346.19
20170908,2343.72
20170911,2359.08
20170912,2365.47
20170913,2360.18
20170914,2377.66
20170915,2386.07
20170918,2418.21
20170919,2416.05
20170920,2412.2
20170921,2406.5
20170922,2388.71
20170925,2380.4
20170926,2374.32
20170927,2372.57
20170928,2373.14
20170929,2394.47
20171010,2433.81
20171011,2458.16
20171012,2474.76
20171013,2473.62
20171016,2480.05
20171017,2484.37
20171018,2482.91
20171019,2473.06
20171020,2489.54
20171023,2490.05
20171024,2490.49
20171025,2492.5
20171026,2480.63
20171027,2496.63
20171030,2501.93
20171031,2523.43
20171101,2556.47
20171102,2546.36
20171103,2557.97
20171106,2549.41
20171107,2545.44
20171108,2552.4
20171109,2550.57
20171110,2542.95
20171113,2530.35
20171114,2526.64
20171115,2518.25
20171116,2534.79
20171117,2533.99
20171120,2527.67
20171121,2530.7
20171122,2540.51
20171123,2537.15
20171124,2544.33
20171127,2507.81
20171128,2514.19
20171129,2512.9
20171130,2476.37
20171201,2475.41
20171204,2501.67
20171205,2510.12
20171206,2474.37
20171207,2461.98
20171208,2464.0
20171211,2471.49
20171212,2461.0
20171213,2480.55
20171214,2469.48
20171215,2482.07
20171218,2481.88
20171219,2478.53
20171220,2472.37
20171221,2429.83
20171222,2440.54
20171226,2427.34
20171227,2436.67
20171228,2467.49
20180102,2479.65
20180103,2486.35
20180104,2466.46
20180105,2497.52
20180108,2513.28
20180109,2510.23
20180110,2499.75
20180111,2487.91
20180112,2496.42
20180115,2503.73
20180116,2521.74
20180117,2515.43
20180118,2515.81
20180119,2520.26
20180122,2502.11
20180123,2536.6
20180124,2538.0
20180125,2562.23
20180126,2574.76
20180129,2598.19
20180130,2567.74
20180131,2566.46
20180201,2568.54
20180202,2525.39
20180205,2491.75
20180206,2453.31
20180207,2396.56
20180208,2407.62
20180209,2363.77
20180212,2385.38
20180213,2395.19
20180214,2421.83
20180219,2442.82
20180220,2415.12
20180221,2429.65
20180222,2414.28
20180223,2451.52
20180226,2457.65
20180227,2456.14
20180228,2427.36
20180302,2402.16
20180305,2375.06
20180306,2411.41
20180307,2401.82
20180308,2433.08
20180309,2459.45
20180312,2484.12
20180313,2494.49
20180314,2486.08
20180315,2492.38
20180316,2493.97
20180319,2475.03
20180320,2485.52
20180321,2484.97
20180322,2496.02
20180323,2416.76
20180326,2437.08
20180327,2452.06
20180328,2419.29
20180329,2436.37
20180330,2445.85
20180402,2444.16
20180403,2442.43
20180404,2408.06
20180405,2437.52
20180406,2429.58
20180409,2444.08
20180410,2450.74
20180411,2444.22
20180412,2442.71
20180413,2455.07
20180416,2457.49
20180417,2453.77
20180418,2479.98
20180419,2486.1
20180420,2476.33
20180423,2474.11
20180424,2464.14
20180425,2448.81
20180426,2475.64
20180427,2492.4
20180430,2515.38
20180502,2505.61
20180503,2487.25
20180504,2461.38
20180508,2449.81
20180509,2443.98
20180510,2464.16
20180511,2477.71
20180514,2476.11
20180515,2458.54
20180516,2459.82
20180517,2448.45
20180518,2460.65
20180521,2465.57
20180523,2471.91
20180524,2466.01
20180525,2460.8
20180528,2478.96
20180529,2457.25
20180530,2409.03
20180531,2423.01
20180601,2438.96
20180604,2447.76
20180605,2453.76
20180607,2470.58
20180608,2451.58
20180611,2470.15
20180612,2468.83
20180614,2423.48
20180615,2404.04
20180618,2376.24
20180619,2340.11
20180620,2363.91
20180621,2337.83
20180622,2357.22
20180625,2357.88
20180626,2350.92
20180627,2342.03
20180628,2314.24
20180629,2326.13
20180702,2271.54
20180703,2272.76
20180704,2265.46
20180705,2257.55
20180706,2272.87
20180709,2285.8
20180710,2294.16
20180711,2280.62
20180712,2285.06
20180713,2310.9
20180716,2301.99
20180717,2297.92
20180718,2290.11
20180719,2282.29
20180720,2289.19
20180723,2269.31
20180724,2280.2
20180725,2273.03
20180726,2289.06
20180727,2294.99
20180730,2293.51
20180731,2295.26
20180801,2307.07
20180802,2270.2
20180803,2287.68
20180806,2286.5
20180807,2300.16
20180808,2301.45
20180809,2303.71
20180810,2282.79
20180813,2248.45
20180814,2258.91
20180816,2240.8
20180817,2247.05
20180820,2247.88
20180821,2270.06
20180822,2273.33
20180823,2282.6
20180824,2293.21
20180827,2299.3
20180828,2303.12
20180829,2309.03
20180830,2307.35
20180831,2322.88
20180903,2307.03
20180904,2315.72
20180905,2291.77
20180906,2287.61
20180907,2281.58
20180910,2288.66
20180911,2283.2
20180912,2282.92
20180913,2286.23
20180914,2318.25
20180917,2303.01
20180918,2308.98
20180919,2308.46
20180920,2323.45
20180921,2339.17
20180927,2355.43
20180928,2343.07
20181001,2338.88
20181002,2309.57
20181004,2274.49
20181005,2267.52
20181008,2253.83
20181010,2228.61
20181011,2129.67
20181012,2161.85
20181015,2145.12
20181016,2145.12
20181017,2167.51
20181018,2148.31
20181019,2156.26
20181022,2161.71
20181023,2106.1
20181024,2097.58
20181025,2063.3
20181026,2027.15
20181029,1996.05
20181030,2014.69
20181031,2029.69
20181101,2024.46
20181102,2096.0
20181105,2076.92
20181106,2089.62
20181107,2078.69
20181108,2092.63
20181109,2086.09
20181112,2080.44
20181113,2071.23
20181114,2068.05
20181115,2088.06
20181116,2092.4
20181119,2100.56
20181120,2082.58
20181121,2076.55
20181122,2069.95
20181123,2057.48
20181126,2083.02
20181127,2099.42
20181128,2108.22
20181129,2114.1
20181130,2096.86
20181203,2131.93
20181204,2114.35
20181205,2101.31
20181206,2068.69
20181207,2075.76
20181210,2053.79
20181211,2052.97
20181212,2082.57
20181213,2095.55
20181214,2069.38
20181217,2071.09
20181218,2062.11
20181219,2078.84
20181220,2060.12
20181221,2061.49
20181224,2055.01
20181226,2028.01
20181227,2028.44
20181228,2041.04
20190102,2010.0
20190103,1993.7
20190104,2010.25
20190107,2037.1
20190108,2025.27
20190109,2064.71
20190110,2063.28
20190111,2075.57
20190114,2064.52
20190115,2097.18
20190116,2106.1
20190117,2107.06
20190118,2124.28
20190121,2124.61
20190122,2117.77
20190123,2127.78
20190124,2145.03
20190125,2177.73
20190128,2177.3
20190129,2183.36
20190130,2206.2
20190131,2204.85
20190201,2203.46
20190207,2203.42
20190208,2177.05
20190211,2180.73
20190212,2190.47
20190213,2201.48
20190214,2225.85
20190215,2196.09
20190218,2210.89
20190219,2205.63
20190220,2229.76
20190221,2228.66
20190222,2230.5
20190225,2232.56
20190226,2226.6
20190227,2234.79
20190228,2195.44
20190304,2190.66
20190305,2179.23
20190306,2175.6
20190307,2165.79
20190308,2137.44
20190311,2138.1
20190312,2157.18
20190313,2148.41
20190314,2155.68
20190315,2176.11
20190318,2179.49
20190319,2177.62
20190320,2177.1
20190321,2184.88
20190322,2186.95
20190325,2144.86
20190326,2148.8
20190327,2145.62
20190328,2128.1
20190329,2140.67
20190401,2168.28
20190402,2177.18
20190403,2203.27
20190404,2206.53
20190405,2209.61
20190408,2210.6
20190409,2213.56
20190410,2224.39
20190411,2224.44
20190412,2233.45
20190415,2242.88
20190416,2248.63
20190417,2245.89
20190418,2213.77
20190419,2216.15
20190422,2216.65
20190423,2220.51
20190424,2201.03
20190425,2190.5
20190426,2179.31
20190429,2216.43
20190430,2203.59
20190502,2212.75
20190503,2196.32
20190507,2176.99
20190508,2168.01
20190509,2102.01
20190510,2108.04
20190513,2079.01
20190514,2081.84
20190515,2092.78
20190516,2067.69
20190517,2055.8
20190520,2055.71
20190521,2061.25
20190522,2064.86
20190523,2059.59
20190524,2045.31
20190527,2044.21
20190528,2048.83
20190529,2023.32
20190530,2038.8
20190531,2041.74
20190603,2067.85
20190604,2066.97
20190605,2069.11
20190607,2072.33
20190610,2099.49
20190611,2111.81
20190612,2108.75
20190613,2103.15
20190614,2095.41
20190617,2090.73
20190618,2098.71
20190619,2124.78
20190620,2131.29
20190621,2125.62
20190624,2126.33
20190625,2121.64
20190626,2121.85
20190627,2134.32
20190628,2130.62
20190701,2129.74
20190702,2122.02
20190703,2096.02
20190704,2108.73
20190705,2110.59
20190708,2064.17
20190709,2052.03
20190710,2058.78
20190711,2080.58
20190712,2086.66
20190715,2082.48
20190716,2091.87
20190717,2072.92
20190718,2066.55
20190719,2094.36
20190722,2093.34
20190723,2101.45
20190724,2082.3
20190725,2074.48
20190726,2066.26
20190729,2029.48
20190730,2038.68
20190731,2024.55
20190801,2017.34
20190802,1998.13
20190805,1946.98
20190806,1917.5
20190807,1909.71
20190808,1920.61
20190809,1937.75
20190812,1942.29
20190813,1925.83
20190814,1938.37
20190816,1927.17
20190819,1939.9
20190820,1960.25
20190821,1964.65
20190822,1951.01
20190823,1948.3
20190826,1916.31
20190827,1924.6
20190828,1941.09
20190829,1933.41
20190830,1967.79
20190902,1969.19
20190903,1965.69
20190904,1988.53
20190905,2004.75
20190906,2009.13
20190909,2019.55
20190910,2032.08
20190911,2049.2
20190916,2062.22
20190917,2062.33
20190918,2070.73
20190919,2080.35
20190920,2091.52
20190923,2091.7
20190924,2101.04
20190925,2073.39
20190926,2074.52
20190927,2049.93
20190930,2063.05
20191001,2072.42
20191002,2031.91
20191004,2020.69
20191007,2021.73
20191008,2046.25
20191010,2028.15
20191011,2044.61
20191014,2067.4
20191015,2068.17
20191016,2082.83
20191017,2077.94
20191018,2060.69
20191021,2064.84
20191022,2088.86
20191023,2080.62
20191024,2085.66
20191025,2087.89
20191028,2093.6
20191029,2092.69
20191030,2080.27
20191031,2083.48
20191101,2100.2
20191104,2130.24
20191105,2142.64
20191106,2144.15
20191107,2144.29
20191108,2137.23
20191111,2124.09
20191112,2140.92
20191113,2122.45
20191114,2139.23
20191115,2162.18
20191118,2160.69
20191119,2153.24
20191120,2125.32
20191121,2096.6
20191122,2101.96
20191125,2123.5
20191126,2121.35
20191127,2127.85
20191128,2118.6
20191129,2087.96
20191202,2091.92
20191203,2084.07
20191204,2068.89
20191205,2060.74
20191206,2081.85
20191209,2088.65
20191210,2098.0
20191211,2105.62
20191212,2137.35
20191213,2170.25
20191216,2168.15
20191217,2195.68
20191218,2194.76
20191219,2196.56
20191220,2204.18
20191223,2203.71
20191224,2190.08
20191226,2197.93
20191227,2204.21
20191230,2197.67
20200102,2175.17
20200103,2176.46
20200106,2155.07
20200107,2175.54
20200108,2151.31
20200109,2186.45
20200110,2206.39
20200113,2229.26
20200114,2238.88
20200115,2230.98
20200116,2248.05
20200117,2250.57
20200120,2262.64
20200121,2239.69
20200122,2267.25
20200123,2246.13
20200128,2176.72
20200129,2185.28
20200130,2148.0
20200131,2119.01
20200203,2118.88
20200204,2157.9
20200205,2165.63
20200206,2227.94
20200207,2211.95
20200210,2201.07
20200211,2223.12
20200212,2238.38
20200213,2232.96
20200214,2243.59
20200217,2242.17
20200218,2208.88
20200219,2210.34
20200220,2195.5
20200221,2162.84
20200224,2079.04
20200225,2103.61
20200226,2076.77
20200227,2054.89
20200228,1987.01
20200302,2002.51
20200303,2014.15
20200304,2059.33
20200305,2085.26
20200306,2040.22
20200309,1954.77
20200310,1962.93
20200311,1908.27
20200312,1834.33
20200313,1771.44
20200316,1714.86
20200317,1672.44
20200318,1591.2
20200319,1457.64
20200320,1566.15
20200323,1482.46
20200324,1609.97
20200325,1704.76
20200326,1686.24
20200327,1717.73
20200330,1717.12
20200331,1754.64
20200401,1685.46
20200402,1724.86
20200403,1725.44
20200406,1791.88
20200407,1823.6
20200408,1807.14
20200409,1836.21
20200410,1860.7
20200413,1825.76
20200414,1857.08
20200416,1857.07
20200417,1914.53
20200420,1898.36
20200421,1879.38
20200422,1896.15
20200423,1914.73
20200424,1889.01
20200427,1922.77
20200428,1934.09
20200429,1947.56
20200504,1895.37
20200506,1928.76
20200507,1928.61
20200508,1945.82
20200511,1935.4
20200512,1922.17
20200513,1940.42
20200514,1924.96
20200515,1927.28
20200518,1937.11
20200519,1980.61
20200520,1989.64
20200521,1998.31
20200522,1970.13
20200525,1994.6
20200526,2029.78
20200527,2031.2
20200528,2028.54
20200529,2029.6
20200601,2065.08
20200602,2087.19
20200603,2147.0
20200604,2151.18
20200605,2181.87
20200608,2184.29
20200609,2188.92
20200610,2195.69
20200611,2176.78
20200612,2132.3
20200615,2030.82
20200616,2138.05
20200617,2141.05
20200618,2133.48
20200619,2141.32
20200622,2126.73
20200623,2131.24
20200624,2161.51
20200625,2112.37
20200626,2134.65
20200629,2093.48
20200630,2108.33
20200701,2106.7
20200702,2135.37
20200703,2152.41
20200706,2187.93
20200707,2164.17
20200708,2158.88
20200709,2167.9
20200710,2150.25
20200713,2186.06
20200714,2183.61
20200715,2201.88
20200716,2183.76
20200717,2201.19
20200720,2198.2
20200721,2228.83
20200722,2228.66
20200723,2216.19
20200724,2200.44
20200727,2217.86
20200728,2256.99
20200729,2263.16
20200730,2267.01
20200731,2249.37
20200803,2251.04
20200804,2279.97
20200805,2311.86
20200806,2342.61
20200807,2351.67
20200810,2386.38
20200811,2418.67
20200812,2432.35
20200813,2437.53
20200814,2407.49
20200818,2348.24
20200819,2360.54
20200820,2274.22
20200821,2304.59
20200824,2329.83
20200825,2366.73
20200826,2369.32
20200827,2344.45
20200828,2353.8
20200831,2326.17
20200901,2349.55
20200902,2364.37
20200903,2395.9
20200904,2368.25
20200907,2384.22
20200908,2401.91
20200909,2375.81
20200910,2396.48
20200911,2396.69
20200914,2427.91
20200915,2443.58
20200916,2435.92
20200917,2406.17
20200918,2412.4
20200921,2389.39
20200922,2332.59
20200923,2333.24
20200924,2272.7
20200925,2278.79
20200928,2308.08
20200929,2327.89
20201005,2358.0
20201006,2365.9
20201007,2386.94
20201008,2391.96
20201012,2403.73
20201013,2403.15
20201014,2380.48
20201015,2361.21
20201016,2341.53
20201019,2346.74
20201020,2358.41
20201021,2370.86
20201022,2355.05
20201023,2360.81
20201026,2343.91
20201027,2330.84
20201028,2345.26
20201029,2326.67
20201030,2267.15
20201102,2300.16
20201103,2343.31
20201104,2357.32
20201105,2413.79
20201106,2416.5
20201109,2447.2
20201110,2452.83
20201111,2485.87
20201112,2475.62
20201113,2493.87
20201116,2543.03
20201117,2539.15
20201118,2545.64
20201119,2547.42
20201120,2553.5
20201123,2602.59
20201124,2617.76
20201125,2601.54
20201126,2625.91
20201127,2633.45
20201130,2591.34
20201201,2634.25
20201202,2675.9
20201203,2696.22
20201204,2731.45
20201207,2745.44
20201208,2700.93
20201209,2755.47
20201210,2746.46
20201211,2770.06
20201214,2762.2
20201215,2756.82
20201216,2771.79
20201217,2770.43
20201218,2772.18
20201221,2778.65
20201222,2733.68
20201223,2759.82
20201224,2806.86
20201228,2808.6
20201229,2820.51
20201230,2873.47
20210104,2944.45
20210105,2990.57
20210106,2968.21
20210107,3031.68
20210108,3152.18
20210111,3148.45
20210112,3125.95
20210113,3148.29
20210114,3149.93
20210115,3085.9
20210118,3013.93
20210119,3092.66
20210120,3114.55
20210121,3160.84
20210122,3140.63
20210125,3208.99
20210126,3140.31
20210127,3122.56
20210128,3069.05
20210129,2976.21
20210201,3056.53
20210202,3096.81
20210203,3129.68
20210204,3087.55
20210205,3120.63
20210208,3091.24
20210209,3084.67
20210210,3100.58
20210215,3147.0
20210216,3163.25
20210217,3133.73
20210218,3086.66
20210219,3107.62
20210222,3079.75
20210223,3070.09
20210224,2994.98
20210225,3099.69
20210226,3012.95
20210302,3043.87
20210303,3082.99
20210304,3043.49
20210305,3026.26
20210308,2996.11
20210309,2976.12
20210310,2958.12
20210311,3013.7
20210312,3054.39
20210315,3045.71
20210316,3067.17
20210317,3047.5
20210318,3066.01
20210319,3039.53
20210322,3035.46
20210323,3004.74
20210324,2996.35
20210325,3008.33
20210326,3041.01
20210329,3036.04
20210330,3070.0
20210331,3061.42
20210401,3087.4
20210402,3112.8
20210405,3120.83
20210406,3127.08
20210407,3137.41
20210408,3143.26
20210409,3131.88
20210412,3135.59
20210413,3169.08
20210414,3182.38
20210415,3194.33
20210416,3198.62
20210419,3198.84
20210420,3220.7
20210421,3171.66
20210422,3177.52
20210423,3186.1
20210426,3217.53
20210427,3215.42
20210428,3181.47
20210429,3174.07
20210430,3147.86
20210503,3127.2
20210504,3147.37
20210506,3178.74
20210507,3197.2
20210510,3249.3
20210511,3209.43
20210512,3161.66
20210513,3122.11
20210514,3153.32
20210517,3134.52
20210518,3173.05
20210520,3162.28
20210521,3156.42
20210524,3144.3
20210525,3171.32
20210526,3168.43
20210527,3165.51
20210528,3188.73
20210531,3203.92
20210601,3221.87
20210602,3224.23
20210603,3247.43
20210604,3240.08
20210607,3252.12
20210608,3247.83
20210609,3216.18
20210610,3224.64
20210611,3249.32
20210614,3252.13
20210615,3258.63
20210616,3278.68
20210617,3264.96
20210618,3267.93
20210621,3240.79
20210622,3263.88
20210623,3276.19
20210624,3286.1
20210625,3302.84
20210628,3301.89
20210629,3286.68
20210630,3296.68
20210701,3282.06
20210702,3281.78
20210705,3293.21
20210706,3305.21
20210707,3285.34
20210708,3252.68
20210709,3217.95
20210712,3246.47
20210713,3271.38
20210714,3264.81
20210715,3286.22
20210716,3276.91
20210719,3244.04
20210720,3232.7
20210721,3215.91
20210722,3250.21
20210723,3254.42
20210726,3224.95
20210727,3232.53
20210728,3236.86
20210729,3242.65
20210730,3202.32
20210802,3223.04
20210803,3237.14
20210804,3280.38
20210805,3276.13
20210806,3270.36
20210809,3260.42
20210810,3243.19
20210811,3220.62
20210812,3208.38
20210813,3171.29
20210817,3143.09
20210818,3158.93
20210819,3097.83
20210820,3060.51
20210823,3090.21
20210824,3138.3
20210825,3146.81
20210826,3128.53
20210827,3133.9
20210830,3144.19
20210831,3199.27
20210901,3207.02
20210902,3175.85
20210903,3201.06
20210906,3203.33
20210907,3187.42
20210908,3162.99
20210909,3114.7
20210910,3125.76
20210913,3127.86
20210914,3148.83
20210915,3153.4
20210916,3130.09
20210917,3140.51
20210923,3127.58
20210924,3125.24
20210927,3133.64
20210928,3097.92
20210929,3060.27
20210930,3068.82
20211001,3019.18
20211005,2962.17
20211006,2908.31
20211007,2959.46
20211008,2956.3
20211012,2916.38
20211013,2944.41
20211014,2988.64
20211015,3015.06
20211018,3006.68
20211019,3029.04
20211020,3013.13
20211021,3007.33
20211022,3006.16
20211025,3020.54
20211026,3049.08
20211027,3025.49
20211028,3009.55
20211029,2970.68
20211101,2978.94
20211102,3013.49
20211103,2975.71
20211104,2983.22
20211105,2969.27
20211108,2960.2
20211109,2962.46
20211110,2930.17
20211111,2924.92
20211112,2968.8
20211115,2999.52
20211116,2997.21
20211117,2962.42
20211118,2947.38
20211119,2971.02
20211122,3013.25
20211123,2997.33
20211124,2994.29
20211125,2980.27
20211126,2936.44
20211129,2909.32
20211130,2839.01
20211201,2899.72
20211202,2945.27
20211203,2968.33
20211206,2973.25
20211207,2991.72
20211208,3001.8
20211209,3029.57
20211210,3010.23
20211213,3001.66
20211214,2987.95
20211215,2989.39
20211216,3006.41
20211217,3017.73
20211220,2963.0
20211221,2975.03
20211222,2984.48
20211223,2998.17
20211224,3012.43
20211227,2999.55
20211228,3020.24
20211229,2993.29
20211230,2977.65
20220103,2988.77
20220104,2989.24
20220105,2953.97
20220106,2920.53
20220107,2954.89
20220110,2926.72
20220111,2927.38
20220112,2972.48
20220113,2962.09
20220114,2921.92
20220117,2890.1
20220118,2864.24
20220119,2842.28
20220120,2862.68
20220121,2834.29
20220124,2792.0
20220125,2720.39
20220126,2709.24
20220127,2614.49
20220128,2663.34
20220203,2707.82
20220204,2750.26
20220207,2745.06
20220208,2746.47
20220209,2768.85
20220210,2771.93
20220211,2747.71
20220214,2704.48
20220215,2676.54
20220216,2729.68
20220217,2744.09
20220218,2744.52
20220221,2743.8
20220222,2706.79
20220223,2719.53
20220224,2648.8
20220225,2676.76
20220228,2699.18
20220302,2703.52
20220303,2747.08
20220304,2713.43
20220307,2651.31
20220308,2622.4
20220310,2680.32
20220311,2661.28
20220314,2645.65
20220315,2621.53
20220316,2659.23
20220317,2694.51
20220318,2707.02
20220321,2686.05
20220322,2710.0
20220323,2735.05
20220324,2729.66
20220325,2729.98
20220328,2729.56
20220329,2741.07
20220330,2746.74
20220331,2757.65
20220401,2739.85
20220404,2757.9
20220405,2759.2
20220406,2735.03
20220407,2695.86
20220408,2700.39
20220411,2693.1
20220412,2666.76
20220413,2716.49
20220414,2716.71
20220415,2696.06
20220418,2693.21
20220419,2718.89
20220420,2718.69
20220421,2728.21
20220422,2704.71
20220425,2657.13
20220426,2668.31
20220427,2639.06
20220428,2667.49
20220429,2695.05
20220502,2687.45
20220503,2680.46
20220504,2677.57
20220506,2644.51
20220509,2610.81
20220510,2596.56
20220511,2592.27
20220512,2550.08
20220513,2604.24
20220516,2596.58
20220517,2620.44
20220518,2625.98
20220519,2592.34
20220520,2639.29
20220523,2647.38
20220524,2605.87
20220525,2617.22
20220526,2612.45
20220527,2638.05
20220530,2669.66
20220531,2685.9
20220602,2658.99
20220603,2670.65
20220607,2626.34
20220608,2626.15
20220609,2625.44
20220610,2595.87
20220613,2504.51
20220614,2492.97
20220615,2447.38
20220616,2451.41
20220617,2440.93
20220620,2391.03
20220621,2408.93
20220622,2342.81
20220623,2314.32
20220624,2366.6
20220627,2401.92
20220628,2422.09
20220629,2377.99
20220630,2332.64
20220701,2305.42
20220704,2300.34
20220705,2341.78
20220706,2292.01
20220707,2334.27
20220708,2350.61
20220711,2340.27
20220712,2317.76
20220713,2328.61
20220714,2322.32
20220715,2330.98
20220718,2375.25
20220719,2370.97
20220720,2386.85
20220721,2409.16
20220722,2393.14
20220725,2403.69
20220726,2412.96
20220727,2415.53
20220728,2435.27
20220729,2451.5
20220801,2452.25
20220802,2439.62
20220803,2461.45
20220804,2473.11
20220805,2490.8
20220808,2493.1
20220809,2503.46
20220810,2480.88
20220811,2523.78
20220812,2527.94
20220816,2533.52
20220817,2516.47
20220818,2508.05
20220819,2492.69
20220822,2462.5
20220823,2435.34
20220824,2447.45
20220825,2477.26
20220826,2481.03
20220829,2426.89
20220830,2450.93
20220831,2472.05
20220901,2415.61
20220902,2409.41
20220905,2403.68
20220906,2410.02
20220907,2376.46
20220908,2384.28
20220913,2449.54
20220914,2411.42
20220915,2401.83
20220916,2382.78
20220919,2355.66
20220920,2367.85
20220921,2347.21
20220922,2332.31
20220923,2290.0
20220926,2220.94
20220927,2223.86
20220928,2169.29
20220929,2170.93
20220930,2155.49
20221004,2209.38
20221005,2215.22
20221006,2237.86
20221007,2232.84
20221011,2192.07
20221012,2202.47
20221013,2162.87
20221014,2212.55
20221017,2219.71
20221018,2249.95
20221019,2237.44
20221020,2218.09
20221021,2213.12
20221024,2236.16
20221025,2235.07
20221026,2249.56
20221027,2288.78
20221028,2268.4
20221031,2293.61
20221101,2335.22
20221102,2336.87
20221103,2329.17
20221104,2348.43
20221107,2371.79
20221108,2399.04
20221109,2424.41
20221110,2402.23
20221111,2483.16
20221114,2474.65
20221115,2480.33
20221116,2477.45
20221117,2442.9
20221118,2444.48
20221121,2419.5
20221122,2405.27
20221123,2418.01
20221124,2441.33
20221125,2437.86
20221128,2408.27
20221129,2433.39
20221130,2472.53
20221201,2479.84
20221202,2434.33
20221205,2419.32
20221206,2393.16
20221207,2382.81
20221208,2371.08
20221209,2389.04
20221212,2373.02
20221213,2372.4
20221214,2399.25
20221215,2360.97
20221216,2360.02
20221219,2352.17
20221220,2333.29
20221221,2328.95
20221222,2356.73
20221223,2313.69
20221226,2317.14
20221227,2332.79
20221228,2280.45
20221229,2236.4
20230102,2225.67
20230103,2218.68
20230104,2255.98
20230105,2264.65
20230106,2289.97
20230109,2350.19
20230110,2351.31
20230111,2359.53
20230112,2365.1
20230113,2386.09
20230116,2399.86
20230117,2379.39
20230118,2368.32
20230119,2380.34
20230120,2395.26
20230125,2428.57
20230126,2468.65
20230127,2484.02
20230130,2450.47
20230131,2425.08
20230201,2449.8
20230202,2468.88
20230203,2480.4
20230206,2438.19
20230207,2451.71
20230208,2483.64
20230209,2481.52
20230210,2469.73
20230213,2452.7
20230214,2465.64
20230215,2427.9
20230216,2475.48
20230217,2451.21
20230220,2455.12
20230221,2458.96
20230222,2417.68
20230223,2439.09
20230224,2423.61
20230227,2402.64
20230228,2412.85
20230302,2427.85
20230303,2432.07
20230306,2462.62
20230307,2463.35
20230308,2431.91
20230309,2419.09
20230310,2394.59
20230313,2410.6
20230314,2348.97
20230315,2379.72
20230316,2377.91
20230317,2395.69
20230320,2379.2
20230321,2388.35
20230322,2416.96
20230323,2424.48
20230324,2414.96
20230327,2409.22
20230328,2434.94
20230329,2443.92
20230330,2453.16
20230331,2476.86
20230403,2472.34
20230404,2480.51
20230405,2495.21
20230406,2459.23
20230407,2490.41
20230410,2512.08
20230411,2547.86
20230412,2550.64
20230413,2561.66
20230414,2571.49
20230417,2575.91
20230418,2571.09
20230419,2575.08
20230420,2563.11
20230421,2544.4
20230424,2523.5
20230425,2489.02
20230426,2484.83
20230427,2495.81
20230428,2501.53
20230502,2524.39
20230503,2501.4
20230504,2500.94
20230508,2513.21
20230509,2510.06
20230510,2496.51
20230511,2491.0
20230512,2475.42
20230515,2479.35
20230516,2480.24
20230517,2494.66
20230518,2515.4
20230519,2537.79
20230522,2557.08
20230523,2567.55
20230524,2567.45
20230525,2554.69
20230526,2558.81
20230530,2585.52
20230531,2577.12
20230601,2569.17
20230602,2601.36
20230605,2615.41
20230607,2615.6
20230608,2610.85
20230609,2641.16
20230612,2629.35
20230613,2637.95
20230614,2619.08
20230615,2608.54
20230616,2625.79
20230619,2609.5
20230620,2604.91
20230621,2582.63
20230622,2593.7
20230623,2570.1
20230626,2582.2
20230627,2581.39
20230628,2564.19
20230629,2550.02
20230630,2564.28
20230703,2602.47
20230704,2593.31
20230705,2579.0
20230706,2556.29
20230707,2526.71
20230710,2520.7
20230711,2562.49
20230712,2574.72
20230713,2591.23
20230714,2628.3
20230717,2619.0
20230718,2607.62
20230719,2608.24
20230720,2600.23
20230721,2609.76
20230724,2628.53
20230725,2636.46
20230726,2592.36
20230727,2603.81
20230728,2608.32
20230731,2632.58
20230801,2667.07
20230802,2616.47
20230803,2605.39
20230804,2602.8
20230807,2580.71
20230808,2573.98
20230809,2605.12
20230810,2601.56
20230811,2591.26
20230814,2570.87
20230816,2525.64
20230817,2519.85
20230818,2504.5
20230821,2508.8
20230822,2515.74
20230823,2505.5
20230824,2537.68
20230825,2519.14
20230828,2543.41
20230829,2552.16
20230830,2561.22
20230831,2556.27
20230901,2563.71
20230904,2584.55
20230905,2582.18
20230906,2563.34
20230907,2548.26
20230908,2547.68
20230911,2556.88
20230912,2536.58
20230913,2534.7
20230914,2572.89
20230915,2601.28
20230918,2574.72
20230919,2559.21
20230920,2559.74
20230921,2514.97
20230922,2508.13
20230925,2495.76
20230926,2462.97
20230927,2465.07
20231004,2405.69
20231005,2403.6
20231006,2408.73
20231010,2402.58
20231011,2450.08
20231012,2479.82
20231013,2456.15
20231016,2436.24
20231017,2460.17
20231018,2462.6
20231019,2415.8
20231020,2375.0
20231023,2357.02
20231024,2383.51
20231025,2363.17
20231026,2299.08
20231027,2302.81
20231030,2310.55
20231031,2277.99
20231101,2301.56
20231102,2343.12
20231103,2368.34
20231106,2502.37
20231107,2443.96
20231108,2421.62
20231109,2427.08
20231110,2409.66
20231113,2403.76
20231114,2433.25
20231115,2486.67
20231116,2488.18
20231117,2469.85
20231120,2491.2
20231121,2510.42
20231122,2511.7
20231123,2514.96
20231124,2496.63
20231127,2495.66
20231128,2521.76
20231129,2519.81
20231130,2535.29
20231201,2505.01
20231204,2514.95
20231205,2494.28
20231206,2495.38
20231207,2492.07
20231208,2517.85
20231211,2525.36
20231212,2535.27
20231213,2510.66
20231214,2544.18
20231215,2563.56
20231218,2566.86
20231219,2568.55
20231220,2614.3
20231221,2600.02
20231222,2599.51
20231226,2602.59
20231227,2613.5
20231228,2655.28
20240102,2669.81
20240103,2607.31
20240104,2587.02
20240105,2578.08
20240108,2567.82
20240109,2561.24
20240110,2541.98
20240111,2540.27
20240112,2525.05
20240115,2525.99
20240116,2497.59
20240117,2435.9
20240118,2440.04
20240119,2472.74
20240122,2464.35
20240123,2478.61
20240124,2469.69
20240125,2470.34
20240126,2478.56
20240129,2500.65
20240130,2498.81
20240131,2497.09
20240201,2542.46
20240202,2615.31
20240205,2591.31
20240206,2576.2
20240207,2609.58
20240208,2620.32
20240213,2649.64
20240214,2620.42
20240215,2613.8
20240216,2648.76
20240219,2680.26
20240220,2657.79
20240221,2653.31
20240222,2664.27
20240223,2667.7
20240226,2647.08
20240227,2625.05
20240228,2652.29
20240229,2642.36
20240304,2674.27
20240305,2649.4
20240306,2641.49
20240307,2647.62
20240308,2680.35
20240311,2659.84
20240312,2681.81
20240313,2693.57
20240314,2718.76
20240315,2666.84
20240318,2685.84
20240319,2656.17
20240320,2690.14
20240321,2754.86
20240322,2748.56
20240325,2737.57
20240326,2757.09
20240327,2755.11
20240328,2745.82
20240329,2746.63
20240401,2747.86
20240402,2753.16
20240403,2706.97
20240404,2742.0
20240405,2714.21
20240408,2717.65
20240409,2705.16
20240411,2706.96
20240412,2681.82
20240415,2670.43
20240416,2609.63
20240417,2584.18
20240418,2634.7
20240419,2591.86
20240422,2629.44
20240423,2623.02
20240424,2675.75
20240425,2628.62
20240426,2656.33
20240429,2687.44
20240430,2692.06
20240502,2683.65
20240503,2676.63
20240507,2734.36
20240508,2745.05
20240509,2712.14
20240510,2727.63
20240513,2727.21
20240514,2730.34
20240516,2753.0
20240517,2724.62
20240520,2742.14
20240521,2724.18
20240522,2723.46
20240523,2721.81
20240524,2687.6
20240527,2722.99
20240528,2722.85
20240529,2677.3
20240530,2635.44
20240531,2636.52
20240603,2682.52
20240604,2662.1
20240605,2689.5
20240607,2722.67
20240610,2701.17
20240611,2705.32
20240612,2728.17
20240613,2754.89
20240614,2758.42
20240617,2744.1
20240618,2763.92
20240619,2797.33
20240620,2807.63
20240621,2784.26
20240624,2764.73
20240625,2774.39
20240626,2792.05
20240627,2784.06
20240628,2797.82
20240701,2804.31
20240702,2780.86
20240703,2794.01
20240704,2824.94
20240705,2862.23
20240708,2857.76
20240709,2867.38
20240710,2867.99
20240711,2891.35
20240712,2857.0
20240715,2860.92
20240716,2866.09
20240717,2843.29
20240718,2824.35
20240719,2795.46
20240722,2763.51
20240723,2774.29
20240724,2758.71
20240725,2710.65
20240726,2731.9
20240729,2765.53
20240730,2738.19
20240731,2770.69
20240801,2777.68
20240802,2676.19
20240805,2441.55
20240806,2522.15
20240807,2568.41
20240808,2556.73
20240809,2588.43
20240812,2618.3
20240813,2621.5
20240814,2644.5
20240816,2697.23
20240819,2674.36
20240820,2696.63
20240821,2701.13
20240822,2707.67
20240823,2701.69
20240826,2698.01
20240827,2689.25
20240828,2689.83
20240829,2662.28
20240830,2674.31
20240902,2681.0
20240903,2664.63
20240904,2580.8
20240905,2575.5
20240906,2544.28
20240909,2535.93
20240910,2523.43
20240911,2513.37
20240912,2572.09
20240913,2575.41
20240919,2580.8
20240920,2593.37
20240923,2602.01
20240924,2631.68
20240925,2596.32
20240926,2671.57
20240927,2649.78
20240930,2593.27
20241002,2561.69
20241004,2569.71
20241007,2610.38
20241008,2594.36
20241010,2599.16
20241011,2596.91
20241014,2623.29
20241015,2633.45
20241016,2610.36
20241017,2609.3
20241018,2593.82
20241021,2604.92
20241022,2570.7
20241023,2599.62
20241024,2581.03
20241025,2583.27
20241028,2612.43
20241029,2617.8
20241030,2593.79
20241031,2556.15
20241101,2542.36
20241104,2588.97
20241105,2576.88
20241106,2563.51
20241107,2564.63
20241108,2561.15
20241111,2531.66
20241112,2482.57
20241113,2417.08
20241114,2418.86
20241115,2416.86
20241118,2469.07
20241119,2471.95
20241120,2482.29
20241121,2480.63
20241122,2501.24
20241125,2534.34
20241126,2520.36
20241127,2503.06
20241128,2504.67
20241129,2455.91
20241202,2454.48
20241203,2500.1
20241204,2464.0
20241205,2441.85
20241206,2428.16
20241209,2360.58
20241210,2417.84
20241211,2442.51
20241212,2482.12
20241213,2494.46
20241216,2488.97
20241217,2456.81
20241218,2484.43
20241219,2435.93
20241220,2404.15
20241223,2442.01
20241224,2440.52
20241226,2429.67
20241227,2404.77
20241230,2399.49
20250102,2398.94
20250103,2441.92
20250106,2488.64
20250107,2492.1
20250108,2521.05
20250109,2521.9
20250110,2515.78
20250113,2489.56
20250114,2497.4
20250115,2496.81
20250116,2527.49
20250117,2523.55
20250120,2520.05
20250121,2518.03
20250122,2547.06
20250123,2515.49
20250124,2536.8
20250131,2517.37
20250203,2453.95
20250204,2481.69
20250205,2509.27
20250206,2536.75
20250207,2521.92
20250210,2521.27
20250211,2539.05
20250212,2548.39
20250213,2583.17
20250214,2591.05
20250217,2610.42
20250218,2626.81
20250219,2671.52
20250220,2654.06
20250221,2654.58
20250224,2645.27
20250225,2630.29
20250226,2641.09
20250227,2621.75
20250228,2532.78
20250304,2528.92
20250305,2558.13
20250306,2576.16
20250307,2563.48
20250310,2570.39
20250311,2537.6
20250312,2574.82
20250313,2573.64
20250314,2566.36
20250317,2610.69
20250318,2612.34
20250319,2628.62
20250320,2637.1
20250321,2643.13
20250324,2632.07
20250325,2615.81
20250326,2643.94
20250327,2607.15
20250328,2557.98
20250331,2481.12
20250401,2521.39
20250402,2505.86
20250403,2486.7
20250404,2465.42
20250407,2328.2
20250408,2334.23
20250409,2293.7
20250410,2445.06
20250411,2432.72
20250414,2455.89
20250415,2477.41
20250416,2447.43
20250417,2470.41
20250418,2483.42
20250421,2488.42
20250422,2486.64
20250423,2525.56
20250424,2522.33
20250425,2546.3
20250428,2548.86
20250429,2565.42
20250430,2556.61
20250502,2559.79
20250507,2573.8
20250508,2579.48
20250509,2577.27
20250512,2607.33
20250513,2608.42
20250514,2640.57
20250515,2621.36
20250516,2626.87
20250519,2603.42
20250520,2601.8
20250521,2625.58
20250522,2593.67
20250523,2592.09
20250526,2644.4
20250527,2637.22
20250528,2670.15
20250529,2720.64
20250530,2697.67
20250602,2698.97
20250604,2770.84
20250605,2812.05
20250609,2855.77
20250610,2871.85
20250611,2907.04
20250612,2920.03
20250613,2894.62
20250616,2946.66
20250617,2950.3
20250618,2972.19
20250619,2977.74
20250620,3021.84
20250623,3014.47
20250624,3103.64
20250625,3108.25
20250626,3079.56
20250627,3055.94
20250630,3071.7
20250701,3089.65
20250702,3075.06
20250703,3116.27
20250704,3054.28
20250707,3059.47
20250708,3114.95
20250709,3133.74
20250710,3183.23
20250711,3175.77
20250714,3202.03
20250715,3215.28
20250716,3186.38
20250717,3192.29
20250718,3188.07
20250721,3210.81
20250722,3169.94
20250723,3183.77
20250724,3190.45
20250725,3196.05
20250728,3209.52
20250729,3230.57
20250730,3254.47
20250731,3245.44
20250801,3119.41
20250804,3147.75
20250805,3198.0
20250806,3198.14
20250807,3227.68
20250808,3210.01
20250811,3206.77
20250812,3189.91
20250813,3224.37
20250814,3225.66
20250818,3177.28
20250819,3151.56
20250820,3130.09
20250821,3141.74
20250822,3168.73
20250825,3209.86
20250826,3179.36
20250827,3187.16
20250828,3196.32
20250829,3186.01
20250901,3142.93
20250902,3172.35
20250903,3184.42
20250904,3200.83
20250905,3205.12
20250908,3219.59
20250909,3260.05
20250910,3314.53
20250911,3344.2
20250912,3395.54
20250915,3407.31
20250916,3449.62
20250917,3413.4
20250918,3461.3
20250919,3445.24
20250922,3468.65
20250923,3486.19
20250924,3472.14
20250925,3471.11
20250926,3386.05
20250929,3431.21
20250930,3424.6
20251001,3455.83
20251002,3549.21
20251010,3610.6
20251013,3584.55
20251014,3561.81
20251015,3657.28
20251016,3748.37
20251017,3748.89
20251020,3814.69
20251021,3823.84
20251022,3883.68
20251023,3845.56
20251024,3941.59
20251027,4042.83
20251028,4010.41
20251029,4081.15
20251030,4086.89
20251031,4107.5
20251103,4221.87
20251104,4121.74
20251105,4004.42
20251106,4026.45
20251107,3953.76
20251110,4073.24
20251111,4106.39
20251112,4150.39
20251113,4170.63
20251114,4011.57
20251117,4089.25
20251118,3953.62
20251119,3929.51
20251120,4004.85
20251121,3853.26
20251124,3846.06
20251125,3857.78
20251126,3960.87
20251127,3986.91
20251128,3926.59
20251201,3920.37
20251202,3994.93
20251203,4036.3
20251204,4028.51
20251205,4100.05
20251208,4154.85
20251209,4143.55
20251210,4135.0
20251211,4110.62
20251212,4167.16
20251215,4090.59
20251216,3999.13
20251217,4056.41
20251218,3994.51
20251219,4020.55
20251222,4105.93
20251223,4117.32
20251224,4108.62
20251226,4129.68
20251229,4220.56
20251230,4214.17
20260102,4309.63
20260105,4457.52
20260106,4525.48
20260107,4551.06
20260108,4552.37
20260109,4586.32
20260112,4624.79
20260113,4692.64
20260114,4723.1
20260115,4797.55
20260116,4840.74
20260119,4904.66
20260120,4885.75
20260121,4909.93
20260122,4952.53
20260123,4990.07
20260126,4949.59
20260127,5084.85
20260128,5170.81
20260129,5221.25
20260130,5224.36
20260202,4949.67
20260203,5288.08
20260204,5371.1
20260205,5163.57
20260206,5089.14
20260209,5298.04
20260210,5301.69
20260211,5354.49
20260212,5522.27
20260213,5507.01
20260219,5677.25
20260220,5808.53
20260223,5846.09
20260224,5969.64
20260225,6083.86
20260226,6307.27
20260227,6244.13
20260303,5791.91
20260304,5093.54
20260305,5583.9
20260306,5584.87
20260309,5251.87
20260310,5532.59
20260311,5609.95
20260312,5583.25
20260313,5487.24
20260316,5549.85
20260317,5640.48
20260318,5925.03
20260319,5763.22
20260320,5781.2
20260323,5405.75
20260324,5553.92
20260325,5642.21
20260326,5460.46
20260327,5438.87
20260330,5277.3
20260331,5052.46
20260401,5478.7
20260402,5234.05
20260403,5377.3
20260406,5450.33
20260407,5494.78
20260408,5872.34
20260409,5778.01
20260410,5858.87
20260413,5808.62
20260414,5967.75
20260415,6091.39
20260416,6226.05
20260417,6191.92
20260420,6219.09
20260421,6388.47
20260422,6417.93
20260423,6475.81
20260424,6475.63
20260427,6615.03
20260428,6641.02
20260429,6690.9
20260430,6598.87
20260504,6936.99
20260506,7384.56
20260507,7490.05
20260508,7498.0
20260511,7822.24
20260512,7643.15
20260513,7844.01
20260514,7981.41
20260515,7493.18
20260518,7516.04
20260519,7271.66
20260520,7208.95
20260521,7815.59
20260522,7847.71
20260526,8047.51
20260527,8228.7
20260528,8185.29
20260529,8476.15
20260601,8788.38
20260602,8801.49
20260604,8639.41
20260605,8160.59
20260608,7484.41
20260609,8096.93
20260610,7730.82
20260611,7763.95
20260612,8123.62
20260615,8545.98
20260616,8726.6
20260617,8864.24
20260618,9063.84
20260619,9052.42
20260622,9114.55
20260623,8203.84
20260624,8471.02
20260625,8930.3
20260626,8411.21
20260629,8394.65
20260630,8476.48
20260701,8303.41
20260702,7648.09
20260703,8088.34
20260706,8051.33
20260707,7656.31
20260708,7246.79
20260709,7291.91
20260710,7475.94
20260713,6806.93
20260714,6856.83
20260715,7284.41
20260716,6820.6
20260720,6516.27
20260721,6747.95
20260722,6797.7
20260723,7096.89
20260724,6690.62
20260727,6755.75
20260728,6023.66
20260729,5663.24
20260730,5593.56
20260731,6595.45
20260803,6257.45
20260804,6358.95
20260805,6598.26
20260806,6296.38
20260807,6258.77
20260810,6299.66
20260811,6345.53
20260812,6579.04
20260813,6813.34
20260814,6977.94
20260818,6869.83
20260819,6471.17
20260820,6852.58
20260821,6912.95
20260824,6696.96
20260825,6742.74
20260826,6808.21
20260827,6912.37
20260828,6788.88
20260831,6820.02
20260901,6835.8
20260902,6562.72
20260903,6579.48
20260904,6687.21
20260907,6995.39
20260908,6954.52
20260909,7051.64
20260910,7033.92
20260911,6909.91
20260914,6684.37
20260915,6627.26
20260916,6717.97
20260917,6715.41
20260918,6894.23
20260921,7007.72
20260922,7017.91
20260923,7080.92
20260928,6889.74
20260929,6870.81
20260930,6838.04
20261001,6971.35
20261002,7003.74
20261006,6941.39
20261007,6803.9
