date,usd_krw,gold_usd,silver_usd
2019-08-09,1214.0,1496.6,16.9
2019-08-12,1219.0,1505.3,17.04
2019-08-13,1223.0,1502.2,16.96
2019-08-14,1215.0,1515.9,17.25
2019-08-15,,1519.6,17.19
2019-08-16,1211.0,1512.5,17.1
2019-08-19,1210.5,1500.4,16.91
2019-08-20,1209.0,1504.6,17.12
2019-08-21,1203.5,1504.6,17.12
2019-08-22,1210.0,1497.3,17.01
2019-08-23,1211.0,1526.6,17.39
2019-08-26,1214.5,1526.3,17.62
2019-08-27,1214.0,1541.4,18.15
2019-08-28,1214.5,1538.8,18.32
2019-08-29,1213.0,1526.5,18.17
2019-08-30,1209.5,1519.1,18.18
2019-09-02,1212.5,,
2019-09-03,1216.0,1545.9,19.08
2019-09-04,1207.0,1550.3,19.39
2019-09-05,1200.0,1515.4,18.66
2019-09-06,1194.5,1506.2,17.97
2019-09-09,1193.0,1502.2,18.02
2019-09-10,1192.0,1490.3,18.04
2019-09-11,1185.0,1494.4,18.03
2019-09-12,,1498.7,18.04
2019-09-13,,1490.9,17.44
2019-09-16,1184.0,1503.1,17.9
2019-09-17,1191.0,1505.1,18.02
2019-09-18,1192.0,1507.5,17.8
2019-09-19,1195.0,1498.4,17.77
2019-09-20,1193.5,1507.3,17.74
2019-09-23,1197.5,1523.7,18.6
2019-09-24,1195.0,1532.1,18.52
2019-09-25,1200.5,1505.1,17.97
2019-09-26,1200.5,1507.9,17.81
2019-09-27,1200.0,1499.1,17.55
2019-09-30,1199.0,1465.7,16.9
2019-10-01,1201.5,1482.0,17.2
2019-10-02,1207.0,1501.0,17.59
2019-10-03,,1507.1,17.59
2019-10-04,1197.0,1506.2,17.54
2019-10-07,1198.0,1497.7,17.46
2019-10-08,1196.5,1497.2,17.62
2019-10-09,,1506.1,17.73
2019-10-10,1195.0,1494.8,17.52
2019-10-11,1186.0,1482.7,17.46
2019-10-14,1185.5,1491.7,17.63
2019-10-15,1186.4,1477.6,17.31
2019-10-16,1189.5,1488.0,17.35
2019-10-17,1180.0,1492.3,17.54
2019-10-18,1181.0,1488.2,17.5
2019-10-21,1172.0,1482.4,17.53
2019-10-22,1173.0,1481.7,17.44
2019-10-23,1173.0,1489.9,17.52
2019-10-24,1173.5,1498.9,17.74
2019-10-25,1174.5,1499.5,17.86
2019-10-28,1170.5,1492.4,17.82
2019-10-29,1168.0,1487.4,17.78
2019-10-30,1166.5,1493.2,17.82
2019-10-31,1168.5,1511.4,18.01
2019-11-01,1167.0,1508.0,18.0
2019-11-04,1160.5,1508.0,18.01
2019-11-05,1156.0,1480.8,17.52
2019-11-06,1158.5,1490.2,17.56
2019-11-07,1156.0,1464.2,16.97
2019-11-08,1157.5,1461.3,16.78
2019-11-11,1165.5,1455.5,16.76
2019-11-12,1163.5,1452.1,16.68
2019-11-13,1169.5,1461.7,16.9
2019-11-14,1170.5,1471.8,17.01
2019-11-15,1167.0,1467.3,16.93
2019-11-18,1165.5,1470.9,16.98
2019-11-19,1166.5,1473.3,17.1
2019-11-20,1170.5,1473.3,17.1
2019-11-21,1175.5,1463.1,17.05
2019-11-22,1178.0,1463.1,16.98
2019-11-25,1176.5,1456.6,16.87
2019-11-26,1177.5,1460.3,17.05
2019-11-27,1177.5,1453.4,16.91
2019-11-28,1179.0,,
2019-11-29,1180.0,1465.6,16.97
2019-12-02,1185.0,1462.3,16.84
2019-12-03,1190.0,1478.2,17.12
2019-12-04,1193.0,1474.0,16.8
2019-12-05,1191.0,1476.9,16.94
2019-12-06,1189.5,1459.1,16.48
2019-12-09,1191.0,1459.3,16.53
2019-12-10,1192.0,1462.6,16.6
2019-12-11,1194.7,1469.4,16.74
2019-12-12,1189.0,1466.7,16.84
2019-12-13,1176.0,1475.6,16.91
2019-12-16,1173.0,1475.0,17.02
2019-12-17,1167.0,1474.6,16.98
2019-12-18,1168.5,1472.6,16.95
2019-12-19,1166.0,1478.2,17.06
2019-12-20,1161.0,1474.7,17.13
2019-12-23,1164.0,1482.5,17.4
2019-12-24,1164.0,1499.1,17.76
2019-12-26,1162.0,1509.3,17.89
2019-12-27,1160.5,1514.3,17.85
2019-12-30,1156.5,1514.5,17.91
2019-12-31,1156.0,1519.5,17.83
2020-01-02,1159.0,1524.5,17.97
2020-01-03,1167.5,1549.2,18.07
2020-01-06,1170.0,1566.2,18.1
2020-01-07,1166.5,1571.8,18.32
2020-01-08,1169.0,1557.4,18.09
2020-01-09,1160.0,1551.7,17.86
2020-01-10,1161.5,1557.5,18.03
2020-01-13,1157.0,1548.4,17.93
2020-01-14,1158.5,1542.4,17.67
2020-01-15,1158.0,1552.1,17.92
2020-01-16,1160.5,1549.0,17.88
2020-01-17,1161.0,1558.8,18.01
2020-01-20,1160.5,,
2020-01-21,1167.0,1556.4,17.75
2020-01-22,1165.0,1555.3,17.77
2020-01-23,1175.0,1564.6,17.77
2020-01-24,,1571.1,18.06
2020-01-27,,1576.8,18.0
2020-01-28,1179.5,1569.2,17.4
2020-01-29,1179.0,1570.4,17.45
2020-01-30,1189.0,1583.5,17.95
2020-01-31,1194.5,1582.9,17.97
2020-02-03,1194.0,1577.2,17.64
2020-02-04,1188.5,1550.4,17.53
2020-02-05,1184.5,1557.8,17.57
2020-02-06,1184.0,1565.1,17.79
2020-02-07,1193.5,1568.6,17.66
2020-02-10,1187.0,1574.7,17.76
2020-02-11,1184.5,1565.6,17.57
2020-02-12,1180.0,1567.4,17.48
2020-02-13,1182.5,1575.1,17.6
2020-02-14,1183.0,1582.7,17.71
2020-02-17,1184.0,,
2020-02-18,1190.5,1600.0,18.13
2020-02-19,1190.0,1607.5,18.29
2020-02-20,1203.0,1616.6,18.31
2020-02-21,1211.5,1644.6,18.52
2020-02-24,1219.0,1672.4,18.87
2020-02-25,1215.0,1646.9,18.18
2020-02-26,1215.0,1640.4,17.83
2020-02-27,1212.0,1640.0,17.66
2020-02-28,1210.5,1564.1,16.39
2020-03-02,1194.0,1592.3,16.68
2020-03-03,1193.0,1642.1,17.13
2020-03-04,1183.0,1641.1,17.19
2020-03-05,1184.5,1666.4,17.34
2020-03-06,1191.0,1670.8,17.21
2020-03-09,1201.5,1674.5,17.0
2020-03-10,1194.0,1659.1,16.91
2020-03-11,1191.5,1641.4,16.73
2020-03-12,1207.0,1589.3,15.96
2020-03-13,1218.0,1515.7,14.46
2020-03-16,1228.0,1485.9,12.77
2020-03-17,1242.0,1524.9,12.47
2020-03-18,1257.0,1477.3,11.73
2020-03-19,1280.0,1478.6,12.1
2020-03-20,1245.0,1484.0,12.35
2020-03-23,1273.0,1567.0,13.22
2020-03-24,1240.0,1660.2,14.23
2020-03-25,1231.0,1632.3,14.84
2020-03-26,1228.0,1651.2,14.62
2020-03-27,1220.0,1625.0,14.48
2020-03-30,1224.0,1622.0,14.07
2020-03-31,1224.0,1583.4,14.1
2020-04-01,1231.0,1578.2,13.93
2020-04-02,1228.0,1625.7,14.6
2020-04-03,1236.0,1633.7,14.44
2020-04-06,1229.0,1677.0,15.11
2020-04-07,1214.0,1664.8,15.42
2020-04-08,1220.0,1665.4,15.15
2020-04-09,1219.0,1736.2,15.99
2020-04-10,1212.5,,
2020-04-13,1217.5,1744.8,15.48
2020-04-14,1216.0,1756.7,16.07
2020-04-15,,1727.2,15.45
2020-04-16,1226.0,1720.4,15.56
2020-04-17,1217.0,1689.2,15.24
2020-04-20,1220.0,1701.6,15.56
2020-04-21,1231.0,1678.2,14.82
2020-04-22,1232.0,1728.7,15.28
2020-04-23,1231.0,1733.3,15.35
2020-04-24,1234.5,1723.5,15.25
2020-04-27,1226.0,1712.6,15.21
2020-04-28,1219.5,1710.6,15.17
2020-04-29,1224.0,1703.4,15.16
2020-04-30,,1684.2,14.9
2020-05-01,,1694.5,14.86
2020-05-04,1225.5,1706.9,14.72
2020-05-05,,1704.4,15.06
2020-05-06,1225.5,1684.2,14.99
2020-05-07,1224.0,1721.8,15.56
2020-05-08,1221.0,1709.9,15.74
2020-05-11,1224.0,1695.3,15.64
2020-05-12,1224.0,1704.4,15.69
2020-05-13,1224.5,1713.9,15.66
2020-05-14,1228.5,1738.1,16.14
2020-05-15,1233.0,1753.4,17.05
2020-05-18,1234.5,1731.8,17.46
2020-05-19,1226.0,1744.2,17.89
2020-05-20,1229.0,1750.6,18.0
2020-05-21,1230.5,1720.5,17.34
2020-05-22,1240.5,1734.6,17.66
2020-05-25,1242.0,,
2020-05-26,1234.0,1705.6,17.54
2020-05-27,1234.5,1710.7,17.68
2020-05-28,1240.0,1713.3,17.89
2020-05-29,1238.0,1736.9,18.44
2020-06-01,1228.0,1737.8,18.77
2020-06-02,1222.5,1725.2,18.21
2020-06-03,1217.0,1697.8,17.92
2020-06-04,1219.5,1718.9,18.02
2020-06-05,1209.0,1676.2,17.44
2020-06-08,1201.0,1698.3,17.87
2020-06-09,1201.0,1714.7,17.77
2020-06-10,1191.0,1713.3,17.78
2020-06-11,1195.5,1732.0,17.87
2020-06-12,1203.0,1729.3,17.46
2020-06-15,1215.5,1720.3,17.38
2020-06-16,1212.0,1729.6,17.63
2020-06-17,1213.5,1729.2,17.76
2020-06-18,1209.5,1724.8,17.49
2020-06-19,1209.5,1745.9,17.83
2020-06-22,1214.0,1756.7,17.89
2020-06-23,1209.0,1772.1,18.05
2020-06-24,1202.5,1765.8,17.66
2020-06-25,1203.5,1763.1,17.89
2020-06-26,1204.0,1773.3,18.04
2020-06-29,1200.5,1774.8,17.98
2020-06-30,1203.0,1793.0,18.54
2020-07-01,1203.5,1773.2,18.13
2020-07-02,1199.0,1784.0,18.24
2020-07-03,1199.5,,
2020-07-06,1194.0,1788.5,18.5
2020-07-07,1197.0,1804.2,18.63
2020-07-08,1195.0,1815.5,19.08
2020-07-09,1195.0,1799.2,18.88
2020-07-10,1201.0,1798.2,18.98
2020-07-13,1203.0,1811.0,19.71
2020-07-14,1206.5,1810.6,19.45
2020-07-15,1201.0,1811.4,19.68
2020-07-16,1205.0,1798.7,19.5
2020-07-17,1205.0,1808.3,19.68
2020-07-20,1203.0,1815.9,20.12
2020-07-21,1196.0,1842.4,21.5
2020-07-22,1197.0,1864.1,23.08
2020-07-23,1198.5,1889.1,22.95
2020-07-24,1204.0,1897.3,22.81
2020-07-27,1197.0,1931.0,24.48
2020-07-28,1199.5,1944.6,24.27
2020-07-29,1194.0,1953.4,24.3
2020-07-30,1196.0,1942.3,23.34
2020-07-31,1191.0,1962.8,24.19
2020-08-03,1195.7,1966.0,24.39
2020-08-04,1194.5,2001.2,26.01
2020-08-05,1188.0,2031.1,26.88
2020-08-06,1185.5,2051.5,28.39
2020-08-07,1188.5,2010.1,27.53
2020-08-10,1187.5,2024.4,29.25
2020-08-11,1184.5,1932.6,26.04
2020-08-12,1184.5,1934.9,25.95
2020-08-13,1184.5,1956.7,27.69
2020-08-14,1187.5,1937.0,26.07
2020-08-17,,1985.0,27.64
2020-08-18,1184.5,1999.4,28.05
2020-08-19,1178.0,1958.7,27.32
2020-08-20,1188.5,1935.4,27.15
2020-08-21,1189.5,1936.0,26.73
2020-08-24,1188.0,1928.6,26.61
2020-08-25,1187.0,1912.5,26.27
2020-08-26,1187.0,1941.7,27.45
2020-08-27,1185.8,1922.3,27.02
2020-08-28,1183.0,1964.6,27.61
2020-08-31,1187.0,1967.6,28.44
2020-09-01,1184.7,1968.2,28.49
2020-09-02,1187.0,1934.4,27.25
2020-09-03,1190.0,1927.6,26.73
2020-09-04,1189.5,1923.9,26.58
2020-09-07,1188.0,,
2020-09-08,1189.0,1933.0,26.86
2020-09-09,1187.5,1944.7,26.95
2020-09-10,1186.9,1954.2,27.16
2020-09-11,1187.0,1937.8,26.74
2020-09-14,1183.0,1953.1,27.23
2020-09-15,1180.0,1956.3,27.35
2020-09-16,1173.5,1960.2,27.36
2020-09-17,1173.0,1940.0,26.98
2020-09-18,1163.5,1952.1,27.03
2020-09-21,1163.5,1902.1,24.32
2020-09-22,1160.0,1899.3,24.46
2020-09-23,1163.0,1860.5,23.03
2020-09-24,1172.5,1868.9,23.13
2020-09-25,1175.0,1857.8,23.03
2020-09-28,1170.0,1872.8,23.53
2020-09-29,1169.0,1894.3,24.38
2020-09-30,,1887.5,23.43
2020-10-01,,1908.4,24.19
2020-10-02,,1900.2,23.97
2020-10-05,1160.5,1912.5,24.5
2020-10-06,1161.5,1901.1,23.87
2020-10-07,1158.5,1883.6,23.85
2020-10-08,1152.5,1888.6,23.84
2020-10-09,,1919.5,25.07
2020-10-12,1150.0,1922.5,25.23
2020-10-13,1146.0,1888.5,24.09
2020-10-14,1146.5,1901.3,24.36
2020-10-15,1147.5,1903.2,24.19
2020-10-16,1146.0,1900.8,24.37
2020-10-19,1140.0,1906.4,24.66
2020-10-20,1139.0,1910.4,24.94
2020-10-21,1133.5,1924.6,25.2
2020-10-22,1135.0,1901.6,24.67
2020-10-23,1128.5,1902.3,24.64
2020-10-26,1130.0,1903.1,24.39
2020-10-27,1126.5,1909.2,24.54
2020-10-28,1133.5,1876.5,23.33
2020-10-29,1134.5,1865.6,23.34
2020-10-30,1134.5,1877.4,23.62
2020-11-02,1135.0,1890.4,24.01
2020-11-03,1133.0,1908.5,24.3
2020-11-04,1140.0,1894.6,23.86
2020-11-05,1126.5,1945.3,25.17
2020-11-06,1121.5,1950.3,25.65
2020-11-09,1115.0,1853.2,23.68
2020-11-10,1117.0,1875.4,24.45
2020-11-11,1113.0,1860.7,24.25
2020-11-12,1113.5,1872.6,24.29
2020-11-13,1113.5,1885.7,24.76
2020-11-16,1108.5,1887.3,24.79
2020-11-17,1106.0,1884.5,24.64
2020-11-18,1103.5,1873.9,24.45
2020-11-19,1117.0,1861.5,24.05
2020-11-20,1117.0,1872.4,24.36
2020-11-23,1112.0,1837.8,23.63
2020-11-24,1110.0,1804.6,23.3
2020-11-25,1107.0,1805.5,23.36
2020-11-26,1107.5,,
2020-11-27,1105.0,1781.9,22.55
2020-11-30,1107.5,1775.7,22.53
2020-12-01,1108.5,1814.1,24.03
2020-12-02,1103.0,1825.7,24.02
2020-12-03,1094.0,1836.8,24.09
2020-12-04,1086.0,1835.9,24.2
2020-12-07,1086.5,1861.8,24.74
2020-12-08,1085.5,1870.8,24.68
2020-12-09,1085.0,1834.6,23.93
2020-12-10,1088.5,1833.6,24.03
2020-12-11,1092.0,1839.8,24.03
2020-12-14,1092.5,1828.7,23.98
2020-12-15,1094.5,1852.3,24.58
2020-12-16,1091.0,1856.1,24.98
2020-12-17,1094.0,1887.2,26.1
2020-12-18,1099.5,1885.7,25.95
2020-12-21,1109.0,1879.2,26.28
2020-12-22,1106.5,1867.7,25.45
2020-12-23,1107.5,1875.6,25.84
2020-12-24,1103.5,1880.7,25.82
2020-12-28,1096.5,1877.9,26.46
2020-12-29,1093.5,1880.5,26.14
2020-12-30,1087.5,1891.0,26.49
2020-12-31,1088.0,1893.1,26.33
2021-01-04,1082.5,1944.7,27.28
2021-01-05,1089.0,1952.7,27.57
2021-01-06,1086.5,1906.9,26.97
2021-01-07,1092.0,1912.3,27.2
2021-01-08,1092.0,1834.1,24.58
2021-01-11,1098.0,1849.6,25.24
2021-01-12,1099.0,1842.9,25.38
2021-01-13,1097.0,1853.6,25.52
2021-01-14,1096.0,1850.3,25.75
2021-01-15,1103.5,1829.3,24.82
2021-01-18,1107.0,,
2021-01-19,1102.5,1839.5,25.28
2021-01-20,1101.5,1866.5,25.75
2021-01-21,1101.0,1865.9,25.84
2021-01-22,1105.0,1856.2,25.54
2021-01-25,1102.5,1855.2,25.47
2021-01-26,1105.5,1850.9,25.53
2021-01-27,1105.0,1844.9,25.38
2021-01-28,1118.0,1837.9,25.91
2021-01-29,1117.5,1847.3,26.9
2021-02-01,1119.5,1860.8,29.4
2021-02-02,1116.0,1830.5,26.38
2021-02-03,1116.0,1832.2,26.88
2021-02-04,1118.5,1788.9,26.22
2021-02-05,1123.5,1810.9,27.01
2021-02-08,1121.0,1831.9,27.57
2021-02-09,1113.5,1835.3,27.4
2021-02-10,1107.0,1840.6,27.07
2021-02-11,,1824.9,27.04
2021-02-12,,1821.6,27.32
2021-02-15,1102.5,,
2021-02-16,1102.0,1797.2,27.32
2021-02-17,1107.5,1771.1,27.31
2021-02-18,1107.0,1774.0,27.08
2021-02-19,1106.5,1776.3,27.25
2021-02-22,1112.0,1807.2,28.09
2021-02-23,1112.0,1804.8,27.69
2021-02-24,1109.0,1796.6,27.86
2021-02-25,1109.0,1774.4,27.64
2021-02-26,1126.0,1728.1,26.4
2021-03-01,,1722.5,26.65
2021-03-02,1124.5,1733.1,26.85
2021-03-03,1122.5,1715.3,26.36
2021-03-04,1125.0,1700.2,25.43
2021-03-05,1129.0,1698.0,25.26
2021-03-08,1138.0,1677.7,25.24
2021-03-09,1138.5,1716.6,26.15
2021-03-10,1142.0,1721.5,26.1
2021-03-11,1133.0,1722.3,26.16
2021-03-12,1136.5,1719.5,25.88
2021-03-15,1133.5,1728.9,26.25
2021-03-16,1130.5,1730.6,25.97
2021-03-17,1129.5,1726.8,26.03
2021-03-18,1125.0,1732.2,26.32
2021-03-19,1130.0,1741.4,26.29
2021-03-22,1128.0,1738.1,25.75
2021-03-23,1130.5,1725.1,25.21
2021-03-24,1132.5,1733.2,25.22
2021-03-25,1134.5,1725.1,25.03
2021-03-26,1131.5,1732.3,25.1
2021-03-29,1132.5,1712.2,24.75
2021-03-30,1135.0,1683.9,24.12
2021-03-31,1130.0,1713.8,24.52
2021-04-01,1131.5,1726.5,24.93
2021-04-02,1129.0,,
2021-04-05,1128.5,1727.0,24.76
2021-04-06,1121.5,1741.5,25.21
2021-04-07,1118.5,1740.1,25.23
2021-04-08,1117.5,1756.8,25.57
2021-04-09,1121.0,1743.3,25.31
2021-04-12,1125.0,1731.2,24.85
2021-04-13,1124.5,1746.2,25.42
2021-04-14,1115.5,1734.9,25.52
2021-04-15,1116.5,1765.4,25.96
2021-04-16,1117.0,1779.0,26.1
2021-04-19,1115.0,1769.4,25.83
2021-04-20,1114.5,1777.3,25.84
2021-04-21,1119.0,1792.7,26.57
2021-04-22,1117.5,1781.5,26.18
2021-04-23,1117.5,1777.3,26.07
2021-04-26,1111.0,1779.4,26.21
2021-04-27,1112.0,1778.2,26.41
2021-04-28,1114.0,1773.5,26.09
2021-04-29,1108.5,1768.1,26.05
2021-04-30,1117.5,1767.3,25.85
2021-05-03,1123.0,1791.4,26.94
2021-05-04,1126.0,1775.8,26.54
2021-05-05,,1784.1,26.5
2021-05-06,1124.0,1815.5,27.46
2021-05-07,1120.5,1831.1,27.46
2021-05-10,1113.5,1837.5,27.48
2021-05-11,1119.0,1835.9,27.66
2021-05-12,1125.5,1822.6,27.23
2021-05-13,1133.5,1823.8,27.04
2021-05-14,1129.5,1837.9,27.35
2021-05-17,1138.0,1867.5,28.26
2021-05-18,1129.0,1867.8,28.31
2021-05-19,,1881.5,28.01
2021-05-20,1132.5,1881.9,28.05
2021-05-21,1127.5,1876.7,27.47
2021-05-24,1126.5,1884.5,27.89
2021-05-25,1123.0,1898.0,28.04
2021-05-26,1117.0,1901.2,27.86
2021-05-27,1117.0,1895.7,27.92
2021-05-28,1115.0,1902.5,27.99
2021-05-31,1108.5,,
2021-06-01,1109.5,1902.9,28.08
2021-06-02,1113.5,1907.5,28.19
2021-06-03,1114.5,1871.2,27.46
2021-06-04,1116.5,1889.8,27.88
2021-06-07,1112.5,1896.8,28.0
2021-06-08,1116.0,1892.2,27.71
2021-06-09,1113.5,1893.2,27.98
2021-06-10,1116.0,1894.2,28.02
2021-06-11,1116.5,1877.4,28.13
2021-06-14,1119.0,1864.0,28.02
2021-06-15,1118.0,1854.5,27.68
2021-06-16,1118.5,1859.5,27.8
2021-06-17,1134.0,1773.8,25.84
2021-06-18,1132.0,1767.9,25.96
2021-06-21,1133.0,1782.3,26.02
2021-06-22,1135.0,1776.5,25.86
2021-06-23,1136.5,1782.5,26.11
2021-06-24,1133.0,1775.8,26.05
2021-06-25,1128.5,1777.0,26.09
2021-06-28,1131.5,1779.8,26.22
2021-06-29,1131.8,1762.8,25.87
2021-06-30,1128.5,1770.8,26.16
2021-07-01,1133.0,1775.9,26.07
2021-07-02,1136.0,1782.6,26.48
2021-07-05,1131.0,,
2021-07-06,1134.0,1793.5,26.15
2021-07-07,1137.5,1801.5,26.11
2021-07-08,1149.5,1799.6,25.97
2021-07-09,1148.5,1810.0,26.21
2021-07-12,1148.0,1805.5,26.22
2021-07-13,1145.5,1809.4,26.11
2021-07-14,1150.0,1824.3,26.25
2021-07-15,1142.0,1828.4,26.38
2021-07-16,1141.0,1814.5,25.78
2021-07-19,1152.0,1808.7,25.13
2021-07-20,1149.0,1810.9,24.98
2021-07-21,1154.5,1803.4,25.24
2021-07-22,1149.5,1805.4,25.37
2021-07-23,1151.5,1801.8,25.22
2021-07-26,1155.0,1799.2,25.3
2021-07-27,1154.0,1799.8,24.63
2021-07-28,1154.0,1799.7,24.86
2021-07-29,1146.5,1831.2,25.76
2021-07-30,1152.0,1812.6,25.53
2021-08-02,1151.0,1818.1,25.56
2021-08-03,1148.5,1810.1,25.57
2021-08-04,1144.0,1810.5,25.45
2021-08-05,1143.5,1805.1,25.28
2021-08-06,1146.0,1760.0,24.31
2021-08-09,1146.0,1723.4,23.25
2021-08-10,1151.0,1728.8,23.38
2021-08-11,1157.0,1750.4,23.47
2021-08-12,1163.5,1749.0,23.11
2021-08-13,1169.0,1775.2,23.77
2021-08-16,,1786.9,23.78
2021-08-17,1174.5,1785.0,23.65
2021-08-18,1170.5,1781.6,23.41
2021-08-19,1177.0,1780.2,23.22
2021-08-20,1183.5,1781.0,23.11
2021-08-23,1172.0,1803.6,23.66
2021-08-24,1167.5,1805.9,23.89
2021-08-25,1167.5,1788.2,23.77
2021-08-26,1170.5,1792.4,23.55
2021-08-27,1170.0,1816.6,24.06
2021-08-30,1165.0,1809.0,23.96
2021-08-31,1157.5,1815.0,23.96
2021-09-01,1159.5,1813.1,24.18
2021-09-02,1159.0,1808.7,23.88
2021-09-03,1157.0,1830.9,24.76
2021-09-06,1157.0,,
2021-09-07,1162.0,1795.9,24.33
2021-09-08,1167.0,1790.7,24.01
2021-09-09,1170.0,1797.4,24.13
2021-09-10,1170.0,1789.6,23.86
2021-09-13,1175.0,1792.0,23.75
2021-09-14,1171.5,1804.7,23.84
2021-09-15,1168.0,1792.4,23.76
2021-09-16,1173.5,1754.6,22.75
2021-09-17,1184.0,1749.4,22.3
2021-09-20,,1761.8,22.16
2021-09-21,,1776.1,22.57
2021-09-22,,1776.7,22.86
2021-09-23,1174.0,1747.7,22.64
2021-09-24,1178.0,1749.7,22.39
2021-09-27,1181.0,1750.0,22.66
2021-09-28,1187.0,1735.9,22.43
2021-09-29,1185.0,1721.5,21.46
2021-09-30,1186.0,1755.3,22.02
2021-10-01,1187.0,1757.0,22.51
2021-10-04,,1766.2,22.62
2021-10-05,1187.5,1759.6,22.58
2021-10-06,1196.5,1760.5,22.51
2021-10-07,1190.5,1757.9,22.63
2021-10-08,1196.0,1756.3,22.68
2021-10-11,,1754.6,22.64
2021-10-12,1196.5,1758.3,22.49
2021-10-13,1192.5,1793.7,23.15
2021-10-14,1186.5,1796.7,23.46
2021-10-15,1183.5,1767.2,23.33
2021-10-18,1187.5,1764.8,23.24
2021-10-19,1178.5,1769.7,23.86
2021-10-20,1175.0,1784.4,24.43
2021-10-21,1177.5,1781.3,24.15
2021-10-22,1176.0,1795.7,24.43
2021-10-25,1171.0,1806.2,24.58
2021-10-26,1167.0,1792.5,24.09
2021-10-27,1173.5,1797.8,24.19
2021-10-28,1170.5,1801.6,24.12
2021-10-29,1174.0,1783.0,23.95
2021-11-01,1178.5,1795.1,24.06
2021-11-02,1176.5,1788.7,23.5
2021-11-03,1182.0,1763.6,23.23
2021-11-04,1185.5,1793.0,23.91
2021-11-05,1186.5,1816.4,24.15
2021-11-08,1184.0,1827.4,24.54
2021-11-09,1176.0,1830.2,24.31
2021-11-10,1179.0,1847.6,24.77
2021-11-11,1183.0,1863.2,25.3
2021-11-12,1179.5,1867.9,25.34
2021-11-15,1179.5,1866.1,25.11
2021-11-16,1181.5,1853.6,24.94
2021-11-17,1181.5,1869.7,25.17
2021-11-18,1182.5,1861.0,24.9
2021-11-19,1190.0,1851.2,24.78
2021-11-22,1187.0,1806.3,24.3
2021-11-23,1189.0,1783.8,23.43
2021-11-24,1187.5,1784.3,23.5
2021-11-25,1190.5,,
2021-11-26,1196.0,1785.5,23.11
2021-11-29,1192.0,1782.3,22.8
2021-11-30,1190.0,1773.6,22.77
2021-12-01,1180.5,1781.6,22.3
2021-12-02,1177.0,1760.7,22.28
2021-12-03,1183.0,1782.0,22.45
2021-12-06,1182.0,1777.5,22.23
2021-12-07,1179.0,1782.6,22.49
2021-12-08,1177.0,1783.4,22.39
2021-12-09,1176.5,1774.6,21.97
2021-12-10,1182.0,1782.9,22.16
2021-12-13,1182.0,1786.3,22.29
2021-12-14,1182.5,1770.4,21.89
2021-12-15,1187.5,1762.6,21.51
2021-12-16,1184.5,1796.6,22.45
2021-12-17,1186.0,1803.8,22.51
2021-12-20,1192.5,1793.7,22.27
2021-12-21,1193.0,1787.9,22.5
2021-12-22,1192.0,1801.5,22.79
2021-12-23,1188.0,1811.0,22.91
2021-12-24,1187.5,,
2021-12-27,1188.0,1808.0,22.96
2021-12-28,1188.5,1810.1,23.09
2021-12-29,1187.0,1804.8,22.83
2021-12-30,1189.5,1812.7,23.03
2021-12-31,1190.5,1827.5,23.33
2022-01-03,1193.5,1799.4,22.79
2022-01-04,1196.5,1814.0,23.04
2022-01-05,1198.0,1824.6,23.15
2022-01-06,1203.5,1788.7,22.17
2022-01-07,1204.0,1797.0,22.39
2022-01-10,1198.0,1798.4,22.45
2022-01-11,1194.0,1818.6,22.81
2022-01-12,1192.5,1827.2,23.2
2022-01-13,1185.5,1821.2,23.16
2022-01-14,1190.0,1816.5,22.91
2022-01-17,1192.5,,
2022-01-18,1192.5,1812.3,23.49
2022-01-19,1191.0,1843.1,24.23
2022-01-20,1191.0,1842.6,24.71
2022-01-21,1192.5,1831.8,24.31
2022-01-24,1197.5,1841.7,23.79
2022-01-25,1198.0,1852.5,23.9
2022-01-26,1198.5,1829.7,23.81
2022-01-27,1203.5,1793.1,22.68
2022-01-28,1209.0,1784.9,22.3
2022-01-31,,1795.0,22.39
2022-02-01,,1800.3,22.6
2022-02-02,,1809.2,22.71
2022-02-03,1204.5,1803.0,22.38
2022-02-04,1199.5,1806.6,22.48
2022-02-07,1200.5,1820.6,23.08
2022-02-08,1198.5,1826.6,23.2
2022-02-09,1196.0,1835.2,23.34
2022-02-10,1196.5,1836.2,23.52
2022-02-11,1199.5,1840.8,23.37
2022-02-14,1197.5,1868.0,23.84
2022-02-15,1197.5,1854.8,23.34
2022-02-16,1198.0,1870.2,23.6
2022-02-17,1197.5,1900.7,23.87
2022-02-18,1195.5,1898.8,23.99
2022-02-21,1192.5,,
2022-02-22,1193.0,1906.4,24.31
2022-02-23,1192.0,1909.4,24.55
2022-02-24,1204.5,1925.4,24.69
2022-02-25,1204.5,1886.5,24.0
2022-02-28,1204.5,1899.4,24.36
2022-03-01,,1942.4,25.53
2022-03-02,1207.5,1920.9,25.18
2022-03-03,1207.0,1934.4,25.2
2022-03-04,1217.5,1965.1,25.78
2022-03-07,1230.5,1993.9,25.71
2022-03-08,1235.5,2040.1,26.89
2022-03-09,,1985.9,25.76
2022-03-10,1228.5,1998.1,26.2
2022-03-11,1237.0,1982.7,26.11
2022-03-14,1239.0,1959.6,25.24
2022-03-15,1245.5,1928.5,25.12
2022-03-16,1234.5,1908.0,24.67
2022-03-17,1213.0,1942.1,25.58
2022-03-18,1215.5,1928.2,25.05
2022-03-21,1215.5,1928.6,25.28
2022-03-22,1219.5,1921.5,24.89
2022-03-23,1216.5,1937.3,25.17
2022-03-24,1223.5,1962.2,25.9
2022-03-25,1224.0,1954.2,25.59
2022-03-28,1224.5,1939.8,25.18
2022-03-29,1219.0,1912.2,24.72
2022-03-30,1211.5,1933.5,25.1
2022-03-31,1213.5,1949.2,25.12
2022-04-01,1220.0,1919.1,24.64
2022-04-04,1216.0,1929.2,24.58
2022-04-05,1214.0,1922.9,24.53
2022-04-06,1218.0,1918.4,24.45
2022-04-07,1220.5,1933.8,24.73
2022-04-08,1228.0,1941.6,24.82
2022-04-11,1233.5,1944.3,24.98
2022-04-12,1232.0,1972.1,25.73
2022-04-13,1228.5,1981.0,26.02
2022-04-14,1227.5,1970.9,25.69
2022-04-15,1229.5,,
2022-04-18,1235.0,1982.9,26.14
2022-04-19,1239.5,1955.7,25.39
2022-04-20,1235.0,1952.9,25.27
2022-04-21,1238.0,1945.4,24.62
2022-04-22,1243.5,1931.6,24.26
2022-04-25,1252.5,1893.3,23.67
2022-04-26,1254.5,1901.5,23.54
2022-04-27,1265.0,1885.8,23.46
2022-04-28,1273.5,1888.7,23.13
2022-04-29,1263.0,1909.3,23.04
2022-05-02,1267.0,1861.8,22.54
2022-05-03,1267.5,1868.8,22.62
2022-05-04,1266.5,1867.0,22.36
2022-05-05,,1874.0,22.4
2022-05-06,1270.5,1881.2,22.32
2022-05-09,1277.5,1857.1,21.78
2022-05-10,1276.0,1839.9,21.39
2022-05-11,1274.5,1852.6,21.55
2022-05-12,1290.5,1823.8,20.76
2022-05-13,1284.0,1807.4,20.98
2022-05-16,1285.0,1813.5,21.54
2022-05-17,1270.5,1818.2,21.74
2022-05-18,1267.5,1815.9,21.53
2022-05-19,1278.0,1841.2,21.88
2022-05-20,1273.0,1842.1,21.64
2022-05-23,1264.5,1847.8,21.69
2022-05-24,1265.0,1865.4,22.03
2022-05-25,1271.0,1846.3,21.84
2022-05-26,1265.5,1847.6,21.93
2022-05-27,1256.0,1851.3,22.06
2022-05-30,1238.5,,
2022-05-31,1248.0,1842.7,21.65
2022-06-01,,1843.3,21.88
2022-06-02,1250.5,1866.5,22.25
2022-06-03,1252.0,1845.4,21.89
2022-06-06,,1839.2,22.07
2022-06-07,1257.5,1847.5,22.16
2022-06-08,1257.5,1851.9,22.07
2022-06-09,1256.0,1848.8,21.8
2022-06-10,1280.0,1871.5,21.91
2022-06-13,1288.0,1828.0,21.24
2022-06-14,1289.5,1809.5,20.94
2022-06-15,1291.5,1815.3,21.4
2022-06-16,1293.5,1845.7,21.87
2022-06-17,1295.0,1835.6,21.57
2022-06-20,1293.0,,
2022-06-21,1293.5,1835.4,21.77
2022-06-22,1302.5,1835.2,21.42
2022-06-23,1303.5,1826.3,21.04
2022-06-24,1296.0,1827.0,21.12
2022-06-27,1285.0,1824.8,21.17
2022-06-28,1291.0,1821.2,20.81
2022-06-29,1297.5,1817.5,20.67
2022-06-30,1301.5,1807.3,20.28
2022-07-01,1298.0,1801.5,19.6
2022-07-04,1295.5,,
2022-07-05,1311.5,1763.9,19.05
2022-07-06,1306.0,1736.5,19.09
2022-07-07,1300.5,1739.7,19.12
2022-07-08,1300.0,1742.3,19.17
2022-07-11,1314.0,1731.7,19.13
2022-07-12,1309.0,1724.8,18.96
2022-07-13,1305.0,1735.5,19.19
2022-07-14,1324.0,1705.8,18.23
2022-07-15,1325.0,1703.6,18.59
2022-07-18,1315.5,1710.2,18.84
2022-07-19,1309.0,1710.7,18.71
2022-07-20,1312.0,1700.2,18.67
2022-07-21,1315.0,1713.4,18.72
2022-07-22,1310.0,1727.4,18.62
2022-07-25,1312.0,1719.1,18.33
2022-07-26,1311.0,1717.7,18.54
2022-07-27,1314.0,1719.1,18.6
2022-07-28,1303.5,1750.3,19.87
2022-07-29,1304.5,1762.9,20.2
2022-08-01,1305.0,1787.7,20.36
2022-08-02,1312.0,1789.7,20.14
2022-08-03,1312.0,1776.4,19.89
2022-08-04,1308.0,1806.9,20.12
2022-08-05,1304.0,1791.2,19.84
2022-08-08,1305.0,1805.2,20.61
2022-08-09,1307.0,1812.3,20.48
2022-08-10,1305.0,1813.7,20.74
2022-08-11,1302.0,1807.2,20.35
2022-08-12,1312.0,1815.5,20.7
2022-08-15,,1798.1,20.27
2022-08-16,1313.0,1789.7,20.09
2022-08-17,1316.0,1776.7,19.73
2022-08-18,1326.0,1771.2,19.46
2022-08-19,1336.0,1762.9,19.07
2022-08-22,1343.0,1748.4,18.88
2022-08-23,1338.0,1761.2,19.03
2022-08-24,1343.0,1761.5,18.91
2022-08-25,1337.5,1771.4,19.12
2022-08-26,1343.0,1749.8,18.75
2022-08-29,1349.5,1749.7,18.67
2022-08-30,1346.0,1736.3,18.29
2022-08-31,1344.5,1726.2,17.88
2022-09-01,1358.5,1709.3,17.67
2022-09-02,1363.0,1722.6,17.88
2022-09-05,1372.0,,
2022-09-06,1379.5,1712.9,17.91
2022-09-07,1386.0,1727.8,18.26
2022-09-08,1379.0,1720.2,18.44
2022-09-09,,1728.6,18.77
2022-09-12,,1740.6,19.86
2022-09-13,1390.0,1717.4,19.49
2022-09-14,1394.0,1709.1,19.57
2022-09-15,1399.0,1677.3,19.27
2022-09-16,1390.0,1683.5,19.38
2022-09-19,1394.0,1678.2,19.36
2022-09-20,1395.0,1671.1,19.18
2022-09-21,1396.0,1675.7,19.48
2022-09-22,1406.0,1681.1,19.62
2022-09-23,1423.0,1655.6,18.91
2022-09-26,1425.0,1633.4,18.48
2022-09-27,1427.0,1636.2,18.34
2022-09-28,1440.0,1670.0,18.88
2022-09-29,1434.0,1668.6,18.71
2022-09-30,1439.0,1672.0,19.04
2022-10-03,,1702.0,20.59
2022-10-04,1428.0,1730.5,21.1
2022-10-05,1424.0,1720.8,20.54
2022-10-06,1411.0,1720.8,20.66
2022-10-07,1429.0,1709.3,20.25
2022-10-10,,1675.2,19.61
2022-10-11,1435.5,1686.0,19.49
2022-10-12,1433.0,1677.5,18.94
2022-10-13,1439.0,1677.0,18.92
2022-10-14,1442.5,1648.9,18.07
2022-10-17,1436.0,1664.0,18.72
2022-10-18,1427.0,1655.8,18.6
2022-10-19,1434.0,1634.2,18.36
2022-10-20,1427.0,1636.8,18.69
2022-10-21,1438.0,1656.3,19.07
2022-10-24,1442.0,1654.1,19.19
2022-10-25,1433.0,1658.0,19.35
2022-10-26,1420.0,1669.2,19.49
2022-10-27,1423.0,1665.6,19.49
2022-10-28,1425.5,1644.8,19.15
2022-10-31,1431.0,1640.7,19.12
2022-11-01,1421.0,1649.7,19.67
2022-11-02,1421.0,1650.0,19.59
2022-11-03,1427.0,1630.9,19.43
2022-11-04,1411.0,1676.6,20.78
2022-11-07,1398.0,1680.5,20.92
2022-11-08,1382.0,1716.0,21.5
2022-11-09,1368.5,1713.7,21.33
2022-11-10,1365.0,1753.7,21.7
2022-11-11,1319.0,1769.4,21.67
2022-11-14,1330.0,1776.9,22.11
2022-11-15,1316.0,1776.8,21.52
2022-11-16,1328.0,1775.8,21.52
2022-11-17,1352.0,1763.0,20.98
2022-11-18,1343.0,1754.4,21.0
2022-11-21,1361.0,1739.6,20.87
2022-11-22,1357.0,1739.9,21.05
2022-11-23,1352.0,1745.6,21.37
2022-11-24,1331.0,,
2022-11-25,1338.0,1754.0,21.43
2022-11-28,1338.0,1740.3,21.12
2022-11-29,1331.0,1748.4,21.44
2022-11-30,1319.0,1759.9,21.78
2022-12-01,1309.0,1815.2,22.84
2022-12-02,1302.0,1809.6,23.25
2022-12-05,1304.0,1781.3,22.42
2022-12-06,1321.0,1782.4,22.34
2022-12-07,1320.0,1798.0,22.92
2022-12-08,1320.0,1801.5,23.25
2022-12-09,1306.0,1810.7,23.72
2022-12-12,1309.0,1792.3,23.4
2022-12-13,1298.0,1825.5,23.99
2022-12-14,1298.0,1818.7,24.14
2022-12-15,1319.0,1787.8,23.3
2022-12-16,1310.0,1800.2,23.33
2022-12-19,1304.0,1797.7,23.2
2022-12-20,1288.0,1825.4,24.27
2022-12-21,1286.0,1825.4,24.19
2022-12-22,1288.0,1795.3,23.62
2022-12-23,1284.0,1804.2,23.92
2022-12-26,1277.0,,
2022-12-27,1272.0,1823.1,24.22
2022-12-28,1274.5,1815.8,23.84
2022-12-29,1265.0,1826.0,24.25
2022-12-30,1263.0,1826.2,24.04
2023-01-02,1273.0,,
2023-01-03,1279.0,1846.1,24.24
2023-01-04,1273.0,1859.0,23.96
2023-01-05,1275.0,1840.6,23.42
2023-01-06,1260.0,1869.7,23.98
2023-01-09,1243.0,1877.8,23.87
2023-01-10,1245.0,1876.5,23.66
2023-01-11,1247.0,1878.9,23.48
2023-01-12,1243.0,1898.8,24.0
2023-01-13,1242.0,1921.7,24.37
2023-01-16,1242.0,,
2023-01-17,1240.0,1909.9,24.07
2023-01-18,1239.0,1907.0,23.65
2023-01-19,1235.0,1923.9,23.87
2023-01-20,1239.0,1928.2,23.93
2023-01-23,,1928.6,23.55
2023-01-24,,1935.4,23.75
2023-01-25,1235.0,1942.6,23.94
2023-01-26,1234.0,1930.0,24.02
2023-01-27,1235.0,1929.4,23.62
2023-01-30,1234.0,1939.2,23.73
2023-01-31,1236.0,1945.3,23.84
2023-02-01,1226.0,1942.8,23.61
2023-02-02,1229.0,1930.8,23.61
2023-02-03,1251.0,1876.6,22.41
2023-02-06,1262.0,1879.5,22.24
2023-02-07,1259.0,1884.8,22.18
2023-02-08,1263.0,1890.7,22.42
2023-02-09,1265.0,1878.5,22.14
2023-02-10,1270.5,1874.5,22.07
2023-02-13,1277.0,1863.5,21.85
2023-02-14,1273.5,1865.4,21.87
2023-02-15,1287.0,1845.3,21.57
2023-02-16,1290.0,1851.8,21.71
2023-02-17,1300.0,1850.2,21.71
2023-02-20,1297.5,,
2023-02-21,1307.5,1842.5,21.89
2023-02-22,1305.0,1841.5,21.68
2023-02-23,1298.0,1826.8,21.31
2023-02-24,1318.0,1817.1,20.81
2023-02-27,1320.0,1824.9,20.79
2023-02-28,1310.0,1836.7,21.07
2023-03-01,,1845.4,21.09
2023-03-02,1315.0,1840.5,20.9
2023-03-03,1301.0,1854.6,21.24
2023-03-06,1301.5,1854.6,21.14
2023-03-07,1318.0,1820.0,20.2
2023-03-08,1318.5,1818.6,20.15
2023-03-09,1325.0,1834.6,20.16
2023-03-10,1323.0,1867.2,20.51
2023-03-13,1300.0,1916.5,21.92
2023-03-14,1308.0,1910.9,22.04
2023-03-15,1317.0,1931.3,21.88
2023-03-16,1306.0,1923.0,21.69
2023-03-17,1309.5,1973.5,22.46
2023-03-20,1309.0,1982.8,22.65
2023-03-21,1305.0,1941.1,22.43
2023-03-22,1302.0,1949.6,22.79
2023-03-23,1288.0,1995.9,23.26
2023-03-24,1300.0,1983.8,23.34
2023-03-27,1300.0,1953.8,23.14
2023-03-28,1300.5,1973.5,23.42
2023-03-29,1305.0,1984.5,23.47
2023-03-30,1298.5,1997.7,23.99
2023-03-31,1310.0,1986.2,24.16
2023-04-03,1311.0,2000.4,24.02
2023-04-04,1314.0,2038.2,25.1
2023-04-05,1318.0,2035.6,25.04
2023-04-06,1319.5,2026.4,25.09
2023-04-07,1319.0,,
2023-04-10,1322.5,2003.8,24.91
2023-04-11,1323.0,2019.0,25.19
2023-04-12,1323.5,2024.9,25.46
2023-04-13,1304.5,2055.3,25.93
2023-04-14,1307.0,2015.8,25.46
2023-04-17,1320.5,2007.0,25.09
2023-04-18,1319.5,2019.7,25.26
2023-04-19,1331.0,2007.3,25.37
2023-04-20,1325.5,2019.1,25.37
2023-04-21,1332.0,1990.5,25.06
2023-04-24,1334.5,1999.8,25.31
2023-04-25,1341.0,2004.5,24.88
2023-04-26,1338.5,1996.0,24.88
2023-04-27,1341.0,1999.0,25.21
2023-04-28,1343.0,1999.1,25.23
2023-05-01,,1992.2,25.23
2023-05-02,1342.0,2023.3,25.62
2023-05-03,1336.0,2037.0,25.68
2023-05-04,1327.0,2055.7,26.23
2023-05-05,,2024.8,25.93
2023-05-08,1324.0,2033.2,25.83
2023-05-09,1326.5,2042.9,25.9
2023-05-10,1321.0,2037.1,25.66
2023-05-11,1332.0,2020.5,24.42
2023-05-12,1344.0,2019.8,24.15
2023-05-15,1338.0,2022.7,24.29
2023-05-16,1343.0,1993.0,23.89
2023-05-17,1336.0,1984.9,23.9
2023-05-18,1337.0,1959.8,23.63
2023-05-19,1328.5,1981.6,24.06
2023-05-22,1317.0,1977.2,23.86
2023-05-23,1322.0,1974.5,23.62
2023-05-24,1322.0,1964.6,23.24
2023-05-25,1332.0,1943.7,22.91
2023-05-26,1328.0,1944.3,23.36
2023-05-30,1322.0,1977.1,23.24
2023-05-31,1325.0,1982.1,23.59
2023-06-01,1318.0,1995.5,23.99
2023-06-02,1310.0,1969.6,23.75
2023-06-05,1307.0,1974.3,23.64
2023-06-06,,1981.5,23.67
2023-06-07,1310.0,1958.4,23.53
2023-06-08,1299.0,1978.6,24.35
2023-06-09,1293.5,1977.2,24.41
2023-06-12,1287.5,1969.7,24.06
2023-06-13,1272.0,1958.6,23.82
2023-06-14,1277.0,1968.9,24.11
2023-06-15,1275.0,1970.7,23.95
2023-06-16,1280.0,1971.2,24.13
2023-06-19,1283.5,,
2023-06-20,1289.0,1947.7,23.23
2023-06-21,1291.0,1944.9,22.81
2023-06-22,1299.0,1923.7,22.47
2023-06-23,1312.0,1929.6,22.35
2023-06-26,1307.0,1933.8,22.83
2023-06-27,1300.5,1923.8,22.96
2023-06-28,1310.0,1922.2,23.08
2023-06-29,1322.0,1917.9,22.8
2023-06-30,1319.0,1929.4,23.02
2023-07-03,1307.5,1929.5,23.11
2023-07-04,1298.0,,
2023-07-05,1305.5,1927.1,23.4
2023-07-06,1310.0,1915.4,22.89
2023-07-07,1303.0,1932.5,23.29
2023-07-10,1303.0,1931.0,23.34
2023-07-11,1294.0,1937.1,23.28
2023-07-12,1279.0,1961.7,24.31
2023-07-13,1270.0,1963.8,24.95
2023-07-14,1273.0,1964.4,25.19
2023-07-17,1268.0,1956.4,25.02
2023-07-18,1266.0,1980.8,25.26
2023-07-19,1267.0,1980.8,25.39
2023-07-20,1279.0,1970.9,24.96
2023-07-21,1289.0,1966.6,24.86
2023-07-24,1282.0,1962.2,24.58
2023-07-25,1277.0,1963.7,24.82
2023-07-26,1274.0,1970.1,24.97
2023-07-27,1284.5,1945.7,24.37
2023-07-28,1278.0,1960.4,24.5
2023-07-31,1279.5,2009.2,24.97
2023-08-01,1290.0,1978.8,24.33
2023-08-02,1301.0,1975.0,23.87
2023-08-03,1300.0,1968.8,23.7
2023-08-04,1308.0,1976.1,23.72
2023-08-07,1308.0,1970.0,23.23
2023-08-08,1318.0,1959.9,22.81
2023-08-09,1316.0,1950.6,22.73
2023-08-10,1319.0,1948.9,22.82
2023-08-11,1332.0,1946.6,22.74
2023-08-14,1337.5,1944.0,22.71
2023-08-15,,1935.2,22.66
2023-08-16,1344.0,1928.3,22.54
2023-08-17,1341.0,1915.2,22.71
2023-08-18,1343.0,1916.5,22.73
2023-08-21,1341.0,1923.0,23.34
2023-08-22,1341.0,1926.0,23.45
2023-08-23,1333.0,1948.1,24.39
2023-08-24,1329.0,1947.1,24.23
2023-08-25,1327.0,1939.9,24.23
2023-08-28,1326.5,1946.8,24.25
2023-08-29,1322.0,1965.1,24.79
2023-08-30,1324.5,1973.0,25.1
2023-08-31,1326.5,1965.9,24.81
2023-09-01,1321.5,1967.1,24.56
2023-09-04,1320.0,,
2023-09-05,1333.0,1952.6,23.87
2023-09-06,1335.0,1944.2,23.5
2023-09-07,1337.0,1942.5,23.24
2023-09-08,1337.0,1942.7,23.17
2023-09-11,1328.0,1947.2,23.38
2023-09-12,1328.0,1935.1,23.4
2023-09-13,1329.0,1932.5,23.18
2023-09-14,1330.0,1932.8,22.99
2023-09-15,1331.0,1946.2,23.39
2023-09-18,1326.0,1953.4,23.5
2023-09-19,1329.5,1953.7,23.46
2023-09-20,1334.0,1967.1,23.84
2023-09-21,1340.5,1939.6,23.69
2023-09-22,1336.5,1945.6,23.84
2023-09-25,1340.5,1936.6,23.39
2023-09-26,1353.5,1919.8,23.2
2023-09-27,1362.0,1890.9,22.72
2023-09-28,,1878.6,22.74
2023-09-29,,1866.1,22.45
2023-10-02,,1847.2,21.42
2023-10-03,,1841.5,21.38
2023-10-04,1354.0,1834.8,21.15
2023-10-05,1349.0,1831.8,21.02
2023-10-06,1352.5,1845.2,21.72
2023-10-09,,1864.3,21.92
2023-10-10,1347.0,1875.3,21.95
2023-10-11,1341.0,1887.3,22.13
2023-10-12,1351.0,1883.0,21.96
2023-10-13,1355.0,1941.5,22.89
2023-10-16,1351.0,1934.3,22.77
2023-10-17,1355.0,1935.7,23.02
2023-10-18,1356.0,1968.3,23.1
2023-10-19,1358.0,1980.5,23.03
2023-10-20,1353.0,1994.4,23.5
2023-10-23,1348.0,1987.8,23.21
2023-10-24,1347.5,1986.1,23.12
2023-10-25,1354.5,1994.9,23.01
2023-10-26,1357.0,1997.4,22.91
2023-10-27,1358.0,1998.5,22.89
2023-10-30,1349.0,2005.6,23.4
2023-10-31,1354.0,1994.3,22.95
2023-11-01,1354.0,1987.5,22.79
2023-11-02,1336.0,1993.5,22.85
2023-11-03,1312.0,1999.2,23.29
2023-11-06,1300.0,1988.6,23.23
2023-11-07,1307.5,1973.5,22.59
2023-11-08,1311.0,1957.8,22.73
2023-11-09,1318.5,1969.8,22.91
2023-11-10,1320.5,1937.7,22.28
2023-11-13,1323.0,1950.2,22.36
2023-11-14,1308.0,1966.5,23.13
2023-11-15,1306.0,1964.3,23.54
2023-11-16,1294.5,1987.3,23.93
2023-11-17,1296.5,1984.7,23.85
2023-11-20,1291.0,1980.3,23.61
2023-11-21,1295.0,2001.6,23.87
2023-11-22,1303.5,1992.8,23.69
2023-11-23,1302.5,,
2023-11-24,1306.0,2003.0,24.34
2023-11-27,1301.5,2012.4,24.68
2023-11-28,1291.0,2060.2,25.3
2023-11-29,1292.5,2067.1,25.44
2023-11-30,1301.0,2057.2,25.66
2023-12-01,1299.0,2089.7,25.86
2023-12-04,1311.0,2042.2,24.91
2023-12-05,1316.5,2036.3,24.55
2023-12-06,1317.5,2047.9,24.23
2023-12-07,1315.0,2046.4,24.06
2023-12-08,1320.0,2014.5,23.28
2023-12-11,1316.5,1993.7,23.06
2023-12-12,1315.0,1993.2,23.02
2023-12-13,1305.0,1997.3,22.92
2023-12-14,1293.0,2044.9,24.39
2023-12-15,1304.0,2035.7,24.15
2023-12-18,1304.5,2040.5,24.11
2023-12-19,1304.0,2052.1,24.32
2023-12-20,1304.0,2047.7,24.63
2023-12-21,1300.0,2051.3,24.59
2023-12-22,1303.0,2069.1,24.57
2023-12-26,1297.0,2069.8,24.4
2023-12-27,1295.0,2093.1,24.64
2023-12-28,1290.0,2083.5,24.37
2023-12-29,1299.0,2071.8,24.09
2024-01-02,1312.0,2073.4,23.95
2024-01-03,1311.0,2042.8,23.16
2024-01-04,1315.0,2050.0,23.19
2024-01-05,1316.0,2049.8,23.32
2024-01-08,1315.0,2033.5,23.31
2024-01-09,1321.0,2033.0,23.09
2024-01-10,1320.5,2027.8,23.07
2024-01-11,1318.0,2019.2,22.7
2024-01-12,1315.0,2051.6,23.33
2024-01-15,1322.0,,
2024-01-16,1338.5,2030.2,23.09
2024-01-17,1347.0,2006.5,22.67
2024-01-18,1340.0,2021.6,22.81
2024-01-19,1337.5,2029.3,22.71
2024-01-22,1340.0,2022.2,22.3
2024-01-23,1340.0,2025.8,22.46
2024-01-24,1333.5,2016.0,22.89
2024-01-25,1338.0,2017.8,22.93
2024-01-26,1338.0,2017.3,22.87
2024-01-29,1334.5,2025.4,23.25
2024-01-30,1331.0,2050.9,23.23
2024-01-31,1335.0,2067.4,23.17
2024-02-01,1331.0,2071.1,23.24
2024-02-02,1338.5,2053.7,22.8
2024-02-05,1335.5,2042.9,22.42
2024-02-06,1328.5,2051.4,22.48
2024-02-07,1329.0,2051.7,22.36
2024-02-08,1332.0,2047.9,22.64
2024-02-09,,2038.7,22.59
2024-02-12,,2033.0,22.77
2024-02-13,1342.5,2007.2,22.15
2024-02-14,1332.0,2004.3,22.39
2024-02-15,1332.5,2014.9,22.95
2024-02-16,1335.5,2024.1,23.48
2024-02-19,1335.5,,
2024-02-20,1334.5,2039.8,23.14
2024-02-21,1335.5,2034.3,22.87
2024-02-22,1329.0,2030.7,22.78
2024-02-23,1332.5,2049.4,22.98
2024-02-26,1333.0,2038.9,22.53
2024-02-27,1333.5,2044.1,22.76
2024-02-28,1337.0,2042.7,22.64
2024-02-29,1336.0,2054.7,22.89
2024-03-01,,2095.7,23.36
2024-03-04,1333.0,2126.3,23.99
2024-03-05,1336.5,2141.9,23.98
2024-03-06,1332.0,2158.2,24.49
2024-03-07,1326.0,2165.2,24.58
2024-03-08,1320.0,2185.5,24.55
2024-03-11,1313.0,2188.6,24.71
2024-03-12,1314.0,2166.1,24.39
2024-03-13,1316.0,2180.8,25.16
2024-03-14,1325.0,2167.5,25.06
2024-03-15,1332.0,2161.5,25.38
2024-03-18,1336.5,2164.3,25.27
2024-03-19,1339.0,2159.7,25.14
2024-03-20,1334.0,2161.0,25.1
2024-03-21,1335.5,2184.7,25.01
2024-03-22,1346.0,2160.0,24.84
2024-03-25,1342.0,2176.4,24.89
2024-03-26,1344.5,2199.2,24.62
2024-03-27,1351.0,2212.7,24.75
2024-03-28,1351.0,2238.4,24.92
2024-03-29,1347.5,,
2024-04-01,1355.5,2257.1,25.07
2024-04-02,1353.0,2281.8,25.92
2024-04-03,1348.0,2315.0,27.06
2024-04-04,1352.0,2308.5,27.25
2024-04-05,1353.0,2345.4,27.5
2024-04-08,1355.5,2351.0,27.81
2024-04-09,1365.0,2362.4,27.98
2024-04-10,,2348.4,28.05
2024-04-11,1369.5,2372.7,28.25
2024-04-12,1385.0,2374.1,28.33
2024-04-15,1388.5,2383.0,28.72
2024-04-16,1393.5,2407.8,28.38
2024-04-17,1383.0,2388.4,28.4
2024-04-18,1380.0,2398.0,28.38
2024-04-19,1379.0,2413.8,28.84
2024-04-22,1380.0,2346.4,27.25
2024-04-23,1376.0,2342.1,27.36
2024-04-24,1378.0,2338.4,27.35
2024-04-25,1375.0,2342.5,27.35
2024-04-26,1379.0,2347.2,27.25
2024-04-29,1376.0,2357.7,27.66
2024-04-30,1385.0,2302.9,26.65
2024-05-01,,2311.0,26.75
2024-05-02,1371.0,2309.6,26.83
2024-05-03,1359.0,2308.6,26.69
2024-05-06,,2331.2,27.61
2024-05-07,1360.0,2324.2,27.54
2024-05-08,1366.0,2322.3,27.6
2024-05-09,1367.0,2340.3,28.36
2024-05-10,1372.5,2375.0,28.51
2024-05-13,1368.0,2343.0,28.44
2024-05-14,1357.0,2359.9,28.7
2024-05-15,,2394.9,29.73
2024-05-16,1351.0,2385.5,29.88
2024-05-17,1355.5,2417.4,31.26
2024-05-20,1362.0,2438.5,32.43
2024-05-21,1365.0,2425.9,32.08
2024-05-22,1367.0,2392.9,31.5
2024-05-23,1368.5,2337.2,30.45
2024-05-24,1368.0,2334.5,30.5
2024-05-27,1363.5,,
2024-05-28,1364.0,2356.5,32.14
2024-05-29,1371.0,2364.1,32.37
2024-05-30,1377.0,2366.5,31.53
2024-05-31,1385.0,2345.8,30.44
2024-06-03,1374.0,2369.3,30.78
2024-06-04,1375.0,2347.4,29.62
2024-06-05,1373.0,2375.5,30.07
2024-06-06,,2390.9,31.37
2024-06-07,1381.0,2325.0,29.44
2024-06-10,1376.0,2327.0,29.87
2024-06-11,1380.0,2326.6,29.23
2024-06-12,1373.0,2354.8,30.27
2024-06-13,1378.0,2318.0,29.07
2024-06-14,1389.0,2349.1,29.47
2024-06-17,1382.0,2329.0,29.39
2024-06-18,1382.0,2346.9,29.56
2024-06-19,1383.0,,
2024-06-20,1392.0,2369.0,30.82
2024-06-21,1391.0,2331.2,29.61
2024-06-24,1388.0,2344.4,29.52
2024-06-25,1392.0,2330.8,28.87
2024-06-26,1394.5,2313.2,29.26
2024-06-27,1387.5,2336.6,29.26
2024-06-28,1382.0,2339.6,29.56
2024-07-01,1384.5,2338.9,29.61
2024-07-02,1387.0,2333.4,29.66
2024-07-03,1387.0,2369.4,30.84
2024-07-04,1382.0,,
2024-07-05,1382.5,2397.7,31.69
2024-07-08,1385.0,2363.5,30.91
2024-07-09,1384.0,2367.9,31.06
2024-07-10,1384.5,2379.7,31.01
2024-07-11,1373.5,2421.9,31.67
2024-07-12,1377.0,2420.7,31.16
2024-07-15,1385.5,2428.9,30.94
2024-07-16,1385.5,2467.8,31.46
2024-07-17,1381.0,2459.9,30.38
2024-07-18,1386.0,2456.4,30.22
2024-07-19,1391.5,2399.1,29.3
2024-07-22,1388.0,2394.7,29.32
2024-07-23,1386.5,2407.3,29.33
2024-07-24,1383.0,2415.7,29.32
2024-07-25,1384.5,2353.5,27.98
2024-07-26,1385.5,2381.0,28.02
2024-07-29,1382.5,2425.5,27.87
2024-07-30,1385.0,2451.9,28.52
2024-07-31,1371.0,2473.0,28.94
2024-08-01,1371.0,2480.8,28.48
2024-08-02,1361.5,2469.8,28.39
2024-08-05,1370.0,2444.4,27.21
2024-08-06,1377.5,2431.6,27.22
2024-08-07,1376.0,2432.4,26.94
2024-08-08,1376.0,2463.3,27.61
2024-08-09,1366.0,2473.4,27.59
2024-08-12,1371.0,2504.0,28.01
2024-08-13,1365.0,2507.8,27.79
2024-08-14,1361.0,2479.7,27.34
2024-08-15,,2492.4,28.42
2024-08-16,1354.5,2537.8,28.85
2024-08-19,1335.0,2541.3,29.3
2024-08-20,1331.5,2550.6,29.52
2024-08-21,1335.0,2547.5,29.54
2024-08-22,1343.0,2516.7,29.05
2024-08-23,1329.0,2546.3,29.82
2024-08-26,1329.5,2555.2,30.01
2024-08-27,1330.0,2552.9,29.98
2024-08-28,1337.5,2537.8,29.63
2024-08-29,1335.0,2560.3,29.99
2024-08-30,1339.0,2527.6,29.14
2024-09-02,1339.0,,
2024-09-03,1341.0,2523.0,28.34
2024-09-04,1336.5,2526.0,28.56
2024-09-05,1335.0,2543.1,29.1
2024-09-06,1339.5,2524.6,28.18
2024-09-09,1342.0,2532.7,28.65
2024-09-10,1344.5,2543.1,28.61
2024-09-11,1340.5,2542.4,28.93
2024-09-12,1339.0,2580.6,30.11
2024-09-13,1332.0,2610.7,31.07
2024-09-16,,2608.9,31.14
2024-09-17,,2592.4,30.98
2024-09-18,,2598.6,30.69
2024-09-19,1330.0,2614.6,31.42
2024-09-20,1336.0,2646.2,31.5
2024-09-23,1335.5,2652.5,31.09
2024-09-24,1328.0,2677.0,32.43
2024-09-25,1338.5,2684.7,32.02
2024-09-26,1318.0,2694.9,32.34
2024-09-27,1312.0,2668.1,31.82
2024-09-30,1320.0,2659.4,31.46
2024-10-01,,2690.3,31.74
2024-10-02,1324.5,2669.7,31.92
2024-10-03,,2679.2,32.46
2024-10-04,1348.7,2667.8,32.39
2024-10-07,1346.0,2666.0,32.0
2024-10-08,1344.0,2635.4,30.6
2024-10-09,,2626.0,30.67
2024-10-10,1351.5,2639.3,31.24
2024-10-11,1351.5,2676.3,31.75
2024-10-14,1359.0,2665.6,31.32
2024-10-15,1365.0,2678.9,31.76
2024-10-16,1365.0,2691.3,31.97
2024-10-17,1372.5,2707.5,31.77
2024-10-18,1369.5,2730.0,33.23
2024-10-21,1380.4,2738.9,34.08
2024-10-22,1380.0,2759.8,35.04
2024-10-23,1382.0,2729.4,33.84
2024-10-24,1381.0,2748.9,33.8
2024-10-25,1390.5,2754.6,33.78
2024-10-28,1384.0,2755.9,34.0
2024-10-29,1385.0,2781.1,34.44
2024-10-30,1380.0,2800.8,34.08
2024-10-31,1376.0,2749.3,32.8
2024-11-01,1380.5,2749.2,32.68
2024-11-04,1376.0,2746.2,32.61
2024-11-05,1379.8,2749.7,32.77
2024-11-06,1401.0,2676.3,31.33
2024-11-07,1385.0,2705.8,31.86
2024-11-08,1399.5,2694.8,31.45
2024-11-11,1401.3,2617.7,30.61
2024-11-12,1408.5,2606.3,30.76
2024-11-13,1407.0,2586.5,30.66
2024-11-14,1406.0,2572.9,30.57
2024-11-15,1396.0,2570.1,30.43
2024-11-18,1393.5,2614.6,31.22
2024-11-19,1393.5,2631.0,31.26
2024-11-20,1400.2,2651.7,31.0
2024-11-21,1400.0,2674.9,30.94
2024-11-22,1405.5,2712.2,31.34
2024-11-25,1400.5,2618.5,30.24
2024-11-26,1397.5,2621.3,30.41
2024-11-27,1393.0,2639.9,30.11
2024-11-28,1396.5,,
2024-11-29,1396.5,2681.0,31.11
2024-12-02,1406.5,2658.5,30.86
2024-12-03,1417.5,2667.9,31.49
2024-12-04,1413.5,2676.2,31.91
2024-12-05,1416.5,2648.4,31.54
2024-12-06,1424.0,2659.6,31.59
2024-12-09,1432.0,2685.8,32.61
2024-12-10,1435.5,2718.4,32.75
2024-12-11,1430.5,2756.7,32.97
2024-12-12,1431.8,2709.4,31.62
2024-12-13,1436.2,2675.8,31.03
2024-12-16,1438.5,2670.0,31.06
2024-12-17,1438.2,2662.0,30.92
2024-12-18,1451.7,2653.3,30.74
2024-12-19,1448.0,2608.1,29.41
2024-12-20,1449.5,2645.1,29.96
2024-12-23,1452.6,2628.2,30.19
2024-12-24,1459.2,2635.5,30.28
2024-12-26,1469.2,2653.9,30.39
2024-12-27,1476.0,2631.9,29.97
2024-12-30,1471.8,2618.1,29.41
2024-12-31,1477.0,2641.0,29.24
2025-01-02,1471.5,2669.0,29.9
2025-01-03,1471.0,2654.7,30.07
2025-01-06,1462.9,2647.4,30.58
2025-01-07,1454.5,2665.4,30.69
2025-01-08,1461.0,2672.4,30.69
2025-01-09,1460.7,2690.8,31.02
2025-01-10,1474.8,2715.0,31.31
2025-01-13,1468.0,2678.6,30.31
2025-01-14,1461.0,2682.3,30.35
2025-01-15,1456.0,2717.8,31.53
2025-01-16,1457.5,2750.9,31.73
2025-01-17,1459.5,2748.7,31.14
2025-01-20,1441.0,,
2025-01-21,1436.5,2759.2,31.5
2025-01-22,1437.0,2770.9,31.42
2025-01-23,1436.5,2765.0,30.84
2025-01-24,1446.0,2778.9,31.18
2025-01-27,,2738.4,30.41
2025-01-28,,2767.5,30.88
2025-01-29,,2793.5,31.39
2025-01-30,,2845.2,32.49
2025-01-31,1459.0,2835.0,32.27
2025-02-03,1458.0,2857.1,32.53
2025-02-04,1453.5,2875.8,33.02
2025-02-05,1445.5,2893.0,32.98
2025-02-06,1447.0,2876.7,32.63
2025-02-07,1457.8,2887.6,32.44
2025-02-10,1452.2,2934.4,32.49
2025-02-11,1452.5,2932.6,32.32
2025-02-12,1453.5,2928.7,32.78
2025-02-13,1443.0,2945.4,32.73
2025-02-14,1443.8,2900.7,32.85
2025-02-17,1443.0,,
2025-02-18,1442.5,2949.0,33.37
2025-02-19,1443.5,2936.1,33.04
2025-02-20,1434.7,2956.1,33.49
2025-02-21,1438.3,2953.2,33.01
2025-02-24,1430.2,2963.2,32.6
2025-02-25,1432.8,2918.8,31.83
2025-02-26,1435.5,2930.6,32.58
2025-02-27,1449.5,2895.9,32.11
2025-02-28,1462.0,2848.5,31.5
2025-03-03,,2901.1,32.31
2025-03-04,1455.5,2920.6,32.38
2025-03-05,1446.0,2926.0,33.13
2025-03-06,1448.5,2926.6,33.34
2025-03-07,1449.8,2914.1,32.81
2025-03-10,1459.0,2899.4,32.53
2025-03-11,1453.0,2920.9,33.15
2025-03-12,1452.0,2946.8,33.74
2025-03-13,1455.0,2991.3,34.31
2025-03-14,1454.5,3001.1,34.43
2025-03-17,1445.0,3006.1,34.31
2025-03-18,1451.8,3040.8,34.82
2025-03-19,1458.3,3041.2,34.2
2025-03-20,1466.5,3043.8,33.99
2025-03-21,1465.5,3021.4,33.49
2025-03-24,1467.7,3015.6,33.45
2025-03-25,1464.6,3025.9,34.19
2025-03-26,1469.0,3022.5,34.22
2025-03-27,1466.0,3090.9,35.08
2025-03-28,1471.0,3114.3,34.81
2025-03-31,1474.0,3150.3,34.61
2025-04-01,1471.5,3146.0,34.31
2025-04-02,1467.5,3166.2,34.65
2025-04-03,1452.2,3121.7,31.97
2025-04-04,1461.5,3035.4,29.23
2025-04-07,1470.5,2973.6,29.6
2025-04-08,1486.5,2990.2,29.69
2025-04-09,1454.5,3079.4,30.41
2025-04-10,1454.0,3177.5,30.76
2025-04-11,1427.2,3244.6,31.91
2025-04-14,1422.0,3226.3,32.17
2025-04-15,1428.5,3240.4,32.3
2025-04-16,1417.0,3346.4,32.98
2025-04-17,1419.5,3328.4,32.47
2025-04-18,1423.8,,
2025-04-21,1421.5,3425.3,32.52
2025-04-22,1432.5,3419.4,32.91
2025-04-23,1427.5,3294.1,33.55
2025-04-24,1432.0,3348.6,33.5
2025-04-25,1439.5,3298.4,33.01
2025-04-28,1437.0,3347.7,33.32
2025-04-29,1434.0,3333.6,33.58
2025-04-30,1437.5,3319.1,32.83
2025-05-01,,3222.2,32.47
2025-05-02,1382.0,3243.3,32.26
2025-05-05,,3322.3,32.47
2025-05-06,,3422.8,33.38
2025-05-07,1398.5,3391.9,32.79
2025-05-08,1405.3,3306.0,32.62
2025-05-09,1399.5,3344.0,32.91
2025-05-12,1420.5,3228.0,32.62
2025-05-13,1417.5,3247.8,33.1
2025-05-14,1409.0,3188.3,32.44
2025-05-15,1400.0,3226.6,32.68
2025-05-16,1399.0,3187.2,32.35
2025-05-19,1390.1,3233.5,32.51
2025-05-20,1394.8,3284.6,33.17
2025-05-21,1377.0,3313.5,33.65
2025-05-22,1383.0,3295.0,33.22
2025-05-23,1368.0,3365.8,33.61
2025-05-26,1370.0,,
2025-05-27,1376.0,3300.4,33.31
2025-05-28,1375.0,3322.4,33.16
2025-05-29,1372.0,3343.9,33.42
2025-05-30,1383.6,3315.4,33.03
2025-06-02,1379.0,3397.2,34.69
2025-06-03,,3377.1,34.63
2025-06-04,1363.5,3399.2,34.65
2025-06-05,1362.7,3375.1,35.8
2025-06-06,,3346.6,36.14
2025-06-09,1355.2,3354.9,36.8
2025-06-10,1367.3,3343.4,36.64
2025-06-11,1370.5,3343.7,36.26
2025-06-12,1356.4,3402.4,36.3
2025-06-13,1368.5,3452.8,36.35
2025-06-16,1359.0,3417.3,36.45
2025-06-17,1379.5,3406.9,37.15
2025-06-18,1374.5,3408.1,36.91
2025-06-19,1377.8,,
2025-06-20,1376.5,3385.7,36.02
2025-06-23,1372.5,3395.0,36.19
2025-06-24,1359.0,3333.9,35.73
2025-06-25,1361.0,3343.1,36.11
2025-06-26,1358.5,3348.0,36.92
2025-06-27,1364.0,3287.6,36.37
2025-06-30,1354.0,3307.7,36.17
2025-07-01,1358.0,3349.8,36.4
2025-07-02,1356.0,3359.7,36.73
2025-07-03,1363.5,3342.9,37.08
2025-07-04,1366.5,,
2025-07-07,1376.0,3342.8,36.9
2025-07-08,1371.5,3316.9,36.75
2025-07-09,1374.8,3321.0,36.63
2025-07-10,1372.5,3325.7,37.3
2025-07-11,1379.2,3364.0,38.95
2025-07-14,1383.2,3359.1,38.74
2025-07-15,1387.5,3336.7,38.11
2025-07-16,1387.0,3359.1,38.12
2025-07-17,1391.5,3345.3,38.3
2025-07-18,1392.1,3358.3,38.46
2025-07-21,1383.3,3406.4,39.33
2025-07-22,1381.5,3443.7,39.55
2025-07-23,1376.5,3397.6,39.5
2025-07-24,1373.7,3373.5,39.22
2025-07-25,1384.5,3335.6,38.37
2025-07-28,1390.0,3310.0,38.22
2025-07-29,1389.0,3381.2,38.29
2025-07-30,1393.0,3352.8,37.74
2025-07-31,1395.0,3348.6,36.71
2025-08-01,1391.0,3399.8,36.93
2025-08-04,1386.0,3426.4,37.33
2025-08-05,1387.7,3434.7,37.82
2025-08-06,1385.5,3433.4,37.9
2025-08-07,1385.0,3453.7,38.29
2025-08-08,1391.5,3491.3,38.54
2025-08-11,1392.5,3404.7,37.79
2025-08-12,1385.5,3399.0,38.0
2025-08-13,1380.0,3408.3,38.6
2025-08-14,1390.0,3383.2,38.07
2025-08-15,,3382.6,37.98
2025-08-18,1388.8,3378.0,38.03
2025-08-19,1393.2,3358.7,37.33
2025-08-20,1397.5,3388.5,37.77
2025-08-21,1401.5,3381.6,38.08
2025-08-22,1385.9,3418.5,39.05
2025-08-25,1391.5,3417.5,38.7
2025-08-26,1395.0,3433.0,38.61
2025-08-27,1394.0,3448.6,39.21
2025-08-28,1385.5,3474.3,39.7
2025-08-29,1391.5,3516.1,40.72
2025-09-01,1393.5,,
2025-09-02,1396.0,3592.2,41.59
2025-09-03,1391.0,3635.5,42.06
2025-09-04,1394.0,3606.7,41.42
2025-09-05,1391.0,3653.3,41.55
2025-09-08,1386.5,3677.4,41.9
2025-09-09,1390.0,3682.2,41.34
2025-09-10,1389.9,3682.0,41.6
2025-09-11,1390.4,3673.6,42.15
2025-09-12,1394.0,3686.4,42.83
2025-09-15,1386.5,3719.0,42.96
2025-09-16,1379.8,3725.1,42.92
2025-09-17,1381.0,3717.8,42.15
2025-09-18,1388.5,3678.3,42.12
2025-09-19,1399.0,3705.8,42.95
2025-09-22,1392.0,3775.1,44.21
2025-09-23,1395.5,3815.7,44.61
2025-09-24,1405.0,3768.1,44.19
2025-09-25,1409.0,3771.1,45.11
2025-09-26,1410.5,3809.0,46.66
2025-09-29,1400.5,3855.2,47.02
2025-09-30,1406.0,3873.2,46.64
2025-10-01,1403.5,3897.5,47.68
2025-10-02,1424.7,3868.1,46.37
2025-10-03,,3908.9,47.97
2025-10-06,,3976.3,48.45
2025-10-07,,4004.4,47.52
2025-10-08,,4070.5,48.99
2025-10-09,,3972.6,47.16
2025-10-10,1436.0,4000.4,47.25
2025-10-13,1427.0,4133.0,50.43
2025-10-14,1430.5,4163.4,50.62
2025-10-15,1422.5,4201.6,51.38
2025-10-16,1418.5,4304.6,53.3
2025-10-17,1423.8,4213.3,50.1
2025-10-20,1422.0,4359.4,51.38
2025-10-21,1432.0,4109.1,47.7
2025-10-22,1432.8,4065.4,47.68
2025-10-23,1437.5,4145.6,48.7
2025-10-24,1439.7,4137.8,48.59
2025-10-27,1433.5,4019.7,46.77
2025-10-28,1434.5,3983.1,47.32
2025-10-29,1427.5,4000.7,47.91
2025-10-30,1430.5,4015.9,48.62
2025-10-31,1431.2,3996.5,48.16
2025-11-03,1431.0,4014.0,48.05
2025-11-04,1444.0,3960.5,47.29
2025-11-05,1441.0,3992.9,48.02
2025-11-06,1449.0,3991.0,47.95
2025-11-07,1460.0,4009.8,48.14
2025-11-10,1456.8,4122.0,50.31
2025-11-11,1461.8,4116.3,50.74
2025-11-12,1469.5,4213.6,53.46
2025-11-13,1471.0,4194.5,53.17
2025-11-14,1455.5,4094.2,50.69
2025-11-17,1462.5,4074.5,50.71
2025-11-18,1461.0,4066.5,50.52
2025-11-19,1469.5,4082.8,50.85
2025-11-20,1475.0,4060.0,50.3
2025-11-21,1472.0,4079.5,49.91
2025-11-24,1475.2,4094.2,50.33
2025-11-25,1466.2,4177.3,51.63
2025-11-26,1470.5,4202.3,53.61
2025-11-27,1463.0,,
2025-11-28,1470.5,4254.9,57.16
2025-12-01,1470.9,4274.8,59.14
2025-12-02,1469.5,4220.8,58.7
2025-12-03,1467.0,4232.5,58.62
2025-12-04,1475.0,4243.0,57.49
2025-12-05,1475.0,4243.0,59.05
2025-12-08,1469.5,4217.7,58.41
2025-12-09,1470.8,4236.2,60.84
2025-12-10,1466.6,4224.7,61.03
2025-12-11,1472.5,4313.0,64.59
2025-12-12,1477.5,4328.3,62.01
2025-12-15,1470.8,4335.2,63.59
2025-12-16,1474.5,4332.3,63.32
2025-12-17,1478.5,4373.9,66.9
2025-12-18,1476.5,4364.5,65.22
2025-12-19,1481.0,4387.3,67.49
2025-12-22,1480.8,4469.4,68.56
2025-12-23,1482.0,4505.7,71.14
2025-12-24,1450.0,4502.8,71.69
2025-12-26,1445.0,4552.7,77.2
2025-12-29,1434.5,4343.6,70.46
2025-12-30,1441.0,4386.3,77.92
2025-12-31,1447.0,4341.1,70.6
2026-01-02,1446.7,4329.6,71.02
2026-01-05,1446.8,4451.5,76.66
2026-01-06,1449.0,4496.1,81.04
2026-01-07,1450.5,4462.5,77.61
2026-01-08,1453.0,4460.7,75.14
2026-01-09,1459.9,4500.9,79.34
2026-01-12,1468.0,4614.7,85.09
2026-01-13,1478.5,4599.1,86.34
2026-01-14,1466.5,4635.7,91.39
2026-01-15,1470.3,4623.7,92.35
2026-01-16,1475.5,4595.4,88.54
2026-01-19,1474.5,,
2026-01-20,1479.8,4765.8,94.64
2026-01-21,1467.7,4837.5,92.64
2026-01-22,1465.0,4913.4,96.37
2026-01-23,1455.3,4979.7,101.33
2026-01-26,1448.0,5082.5,115.5
2026-01-27,1435.5,5082.6,105.96
2026-01-28,1433.5,5340.2,113.53
2026-01-29,1435.0,5354.8,114.43
2026-01-30,1452.0,4745.1,78.53
2026-02-02,1453.5,4652.6,77.01
2026-02-03,1451.0,4935.0,83.3
2026-02-04,1460.5,4950.8,84.4
2026-02-05,1469.0,4889.5,76.71
2026-02-06,1465.5,4979.8,76.89
2026-02-09,1459.5,5079.4,82.23
2026-02-10,1459.0,5031.0,80.38
2026-02-11,1448.0,5098.5,83.92
2026-02-12,1442.5,4948.4,75.68
2026-02-13,1453.0,5046.3,77.96
2026-02-17,,4905.9,73.54
2026-02-18,,5009.5,77.6
2026-02-19,1451.0,4997.4,77.63
2026-02-20,1448.0,5080.9,82.34
2026-02-23,1446.0,5225.6,86.57
2026-02-24,1442.5,5176.3,87.51
2026-02-25,1427.5,5226.2,90.99
2026-02-26,1432.5,5194.2,87.58
2026-02-27,1466.5,5247.9,93.29
2026-03-02,,5311.6,88.85
2026-03-03,1480.0,5123.7,83.47
2026-03-04,1463.5,5134.7,83.18
2026-03-05,1479.0,5078.7,82.18
2026-03-06,1485.0,5158.7,84.31
2026-03-09,1467.5,5103.7,84.52
2026-03-10,1475.5,5242.1,89.59
2026-03-11,1479.0,5179.1,85.53
2026-03-12,1491.0,5125.8,85.11
2026-03-13,1499.0,5061.7,81.34
2026-03-16,1491.5,5002.2,80.68
2026-03-17,1488.0,5008.2,79.92
2026-03-18,1505.0,4896.2,77.59
2026-03-19,1491.0,4605.7,71.22
2026-03-20,1506.5,4574.9,69.66
2026-03-23,1489.5,4407.3,69.36
2026-03-24,1497.0,4402.0,69.57
2026-03-25,1504.5,4552.3,72.64
2026-03-26,1508.0,4376.3,67.93
2026-03-27,1509.0,4492.5,69.8
2026-03-30,1517.5,4557.5,70.57
2026-03-31,1510.5,4678.6,74.92
2026-04-01,1513.0,4813.1,76.08
2026-04-02,1512.5,4679.7,72.92
2026-04-03,1513.5,,
2026-04-06,1508.5,4684.7,72.85
2026-04-07,1497.0,4684.7,71.99
2026-04-08,1481.0,4777.2,75.39
2026-04-09,1476.0,4818.0,76.44
2026-04-10,1489.2,4787.4,76.48
2026-04-13,1480.5,4767.4,75.67
2026-04-14,1473.5,4850.1,79.53
2026-04-15,1476.5,4823.6,79.63
2026-04-16,1480.8,4808.3,78.71
2026-04-17,1479.3,4879.6,81.84
2026-04-20,1472.3,4828.8,80.04
2026-04-21,1482.0,4719.6,76.49
2026-04-22,1479.5,4753.0,77.96
2026-04-23,1484.0,4724.0,75.5
2026-04-24,1478.0,4740.9,76.41
2026-04-27,1475.0,4693.7,75.03
2026-04-28,1474.5,4608.4,73.75
2026-04-29,1488.0,4561.5,72.09
2026-04-30,1475.5,4629.6,74.03
2026-05-01,,4644.5,76.43
2026-05-04,1469.0,4533.3,73.52
2026-05-05,,4568.5,73.58
2026-05-06,1449.0,4694.3,77.3
2026-05-07,1458.0,4710.9,80.18
2026-05-08,1464.0,4730.7,80.86
2026-05-11,1475.0,4728.7,85.95
2026-05-12,1492.0,4686.7,85.59
2026-05-13,1489.5,4706.7,89.37
2026-05-14,1493.5,4685.3,85.33
2026-05-15,1498.0,4561.9,77.55
2026-05-18,1492.0,4558.0,77.44
2026-05-19,1507.8,4511.2,75.16
2026-05-20,1498.5,4535.3,76.18
2026-05-21,1505.5,4542.5,76.73
2026-05-22,1512.0,4523.2,76.2
2026-05-26,1507.5,4502.3,76.61
2026-05-27,1502.0,4481.5,74.89
2026-05-28,1496.5,4532.4,75.91
2026-05-29,1507.5,4593.0,75.88
2026-06-01,1514.5,4506.3,75.25
2026-06-02,1535.0,4519.9,75.56
2026-06-03,,4466.9,73.69
2026-06-04,1534.0,4505.0,73.97
2026-06-05,1559.5,4365.3,69.1
2026-06-08,1527.8,4363.4,68.58
2026-06-09,1524.5,4286.4,65.24
2026-06-10,1524.5,4133.3,64.74
2026-06-11,1519.0,4114.0,64.0
2026-06-12,1514.7,4238.8,67.97
2026-06-15,1515.5,4351.6,70.18
2026-06-16,1511.0,4354.4,70.01
2026-06-17,1525.5,4381.4,70.77
2026-06-18,1538.0,4245.9,66.32
2026-06-19,1533.0,,
2026-06-22,1538.5,4202.7,65.58
2026-06-23,1533.5,4149.4,62.07
2026-06-24,1543.5,4008.8,58.09
2026-06-25,1545.0,4047.6,58.36
2026-06-26,1537.5,4096.3,59.22
2026-06-29,1541.5,4038.9,58.63
2026-06-30,1548.0,4038.5,59.92
2026-07-01,1552.5,4082.4,60.51
2026-07-02,1542.5,4125.7,61.06
2026-07-03,1529.0,,
2026-07-06,1530.5,4167.5,62.33
2026-07-07,1517.2,4157.4,61.33
2026-07-08,1507.0,4082.4,58.54
2026-07-09,1507.0,4140.8,60.75
2026-07-10,1502.0,4113.7,60.16
2026-07-13,1499.5,4005.7,57.97
2026-07-14,1491.0,4069.7,59.1
2026-07-15,1488.5,4051.8,57.43
2026-07-16,1491.0,3992.1,56.19
2026-07-17,,4018.8,56.33
2026-07-20,1478.5,4015.9,57.07
2026-07-21,1482.5,4076.4,59.11
2026-07-22,1479.0,4151.9,60.3
2026-07-23,1476.5,4050.2,58.05
2026-07-24,1462.5,4070.8,58.91
2026-07-27,1466.0,4077.0,58.71
2026-07-28,1455.2,4038.7,57.53
2026-07-29,1446.0,4097.0,58.09
2026-07-30,1426.2,4160.6,59.02
2026-07-31,1440.0,4107.0,57.79
2026-08-03,1430.8,4090.5,57.86
2026-08-04,1431.0,4152.6,60.24
2026-08-05,1423.5,4305.2,62.29
2026-08-06,1424.5,4299.6,61.61
2026-08-07,1411.0,4399.7,63.5
