sector,kospi_mktcap,kospi_weight_pct,kosdaq_mktcap,kosdaq_weight_pct,combined_mktcap,combined_weight_pct,asof_date
반도체와반도체장비,3184104489715853,56.728,133462446118988,26.355,3317566935834841,54.214,2026-10-07
은행,208695725813750,3.718,0,0.0,208695725813750,3.41,2026-10-07
제약,153811869617531,2.74,34289605992109,6.771,188101475609640,3.074,2026-10-07
전기제품,148263602091765,2.641,28759693285920,5.679,177023295377685,2.893,2026-10-07
전자장비와기기,152302631886245,2.713,23748267886305,4.69,176050899772550,2.877,2026-10-07
조선,138149032741850,2.461,2173084084434,0.429,140322116826284,2.293,2026-10-07
전기장비,116212548010960,2.07,7187997390950,1.419,123400545401910,2.017,2026-10-07
자동차,122828255623060,2.188,373268074010,0.074,123201523697070,2.013,2026-10-07
복합기업,117593851641010,2.095,111377287490,0.022,117705228928500,1.923,2026-10-07
우주항공과국방,103810620858700,1.849,8821850578894,1.742,112632471437594,1.841,2026-10-07
기계,72297926179270,1.288,31643180688035,6.249,103941106867305,1.699,2026-10-07
석유와가스,101051628294060,1.8,626301852830,0.124,101677930146890,1.662,2026-10-07
화학,81962035937363,1.46,18255957573955,3.605,100217993511318,1.638,2026-10-07
증권,87307507719335,1.555,1381948756200,0.273,88689456475535,1.449,2026-10-07
자동차부품,68950674978027,1.228,7971435674540,1.574,76922110652567,1.257,2026-10-07
생명보험,63873721300000,1.138,0,0.0,63873721300000,1.044,2026-10-07
IT서비스,44939868849455,0.801,11680897774594,2.307,56620766624049,0.925,2026-10-07
손해보험,53248953940675,0.949,489188114010,0.097,53738142054685,0.878,2026-10-07
건설,43300843735262,0.771,4925970756767,0.973,48226814492029,0.788,2026-10-07
화장품,40695905764810,0.725,6029929059711,1.191,46725834824521,0.764,2026-10-07
양방향미디어와서비스,43634217915720,0.777,1572764354776,0.311,45206982270496,0.739,2026-10-07
생물공학,97713772179,0.002,41716058942540,8.238,41813772714719,0.683,2026-10-07
식품,33802227026342,0.602,6270115059999,1.238,40072342086341,0.655,2026-10-07
철강,36365512880240,0.648,1515178027458,0.299,37880690907698,0.619,2026-10-07
전자제품,35279516145130,0.629,516141838695,0.102,35795657983825,0.585,2026-10-07
비철금속,28434382176426,0.507,1533575712630,0.303,29967957889056,0.49,2026-10-07
게임엔터테인먼트,20250822470650,0.361,7644060054417,1.509,27894882525067,0.456,2026-10-07
건강관리장비와용품,2213801695990,0.039,25214777462653,4.979,27428579158643,0.448,2026-10-07
전기유틸리티,26569626513850,0.473,103176322500,0.02,26672802836350,0.436,2026-10-07
해운사,25038205216595,0.446,240317669981,0.047,25278522886576,0.413,2026-10-07
무선통신서비스,24952780138713,0.445,70801363320,0.014,25023581502033,0.409,2026-10-07
에너지장비및서비스,19389082417950,0.345,4370649702992,0.863,23759732120942,0.388,2026-10-07
항공사,23221448134325,0.414,0,0.0,23221448134325,0.379,2026-10-07
"섬유,의류,신발,호화품",16940856331338,0.302,2375747558254,0.469,19316603889592,0.316,2026-10-07
담배,18644357897600,0.332,0,0.0,18644357897600,0.305,2026-10-07
항공화물운송과물류,16753882369566,0.298,106831886211,0.021,16860714255777,0.276,2026-10-07
방송과엔터테인먼트,8815073752894,0.157,7755331181383,1.531,16570404934277,0.271,2026-10-07
백화점과일반상점,16256445365390,0.29,205090948575,0.04,16461536313965,0.269,2026-10-07
통신장비,3128547353970,0.056,12125564415997,2.394,15254111769967,0.249,2026-10-07
무역회사와판매업체,14301158375020,0.255,0,0.0,14301158375020,0.234,2026-10-07
다각화된통신서비스,12928712440500,0.23,108500000000,0.021,13037212440500,0.213,2026-10-07
가정용기기와용품,9732688033108,0.173,1859605099365,0.367,11592293132473,0.189,2026-10-07
건축자재,8919465901664,0.159,2438623392857,0.482,11358089294521,0.186,2026-10-07
생명과학도구및서비스,0,0.0,9818364881466,1.939,9818364881466,0.16,2026-10-07
부동산,9638710179188,0.172,105181173332,0.021,9743891352520,0.159,2026-10-07
핸드셋,1673663557930,0.03,7959857635476,1.572,9633521193406,0.157,2026-10-07
"호텔,레스토랑,레저",7021828516329,0.125,2072054321410,0.409,9093882837739,0.149,2026-10-07
상업서비스와공급품,4910048732863,0.087,3692235228963,0.729,8602283961826,0.141,2026-10-07
디스플레이장비및부품,745476171860,0.013,7797578273810,1.54,8543054445670,0.14,2026-10-07
가스유틸리티,8292285774370,0.148,56616583136,0.011,8348902357506,0.136,2026-10-07
운송인프라,6226496371320,0.111,485235890010,0.096,6711732261330,0.11,2026-10-07
소프트웨어,125018241810,0.002,6355041822765,1.255,6480060064575,0.106,2026-10-07
건강관리업체및서비스,242499005250,0.004,5566008444625,1.099,5808507449875,0.095,2026-10-07
카드,4837108699250,0.086,0,0.0,4837108699250,0.079,2026-10-07
디스플레이패널,4180503470462,0.074,489481565300,0.097,4669985035762,0.076,2026-10-07
창업투자,319859405250,0.006,3914816308046,0.773,4234675713296,0.069,2026-10-07
포장재,2425728135130,0.043,1422556024051,0.281,3848284159181,0.063,2026-10-07
광고,3003148471160,0.054,854019382232,0.169,3857167853392,0.063,2026-10-07
건강관리기술,0,0.0,3446736662910,0.681,3446736662910,0.056,2026-10-07
도로와철도운송,2835272768965,0.051,530169130595,0.105,3365441899560,0.055,2026-10-07
인터넷과카탈로그소매,0,0.0,3012543524500,0.595,3012543524500,0.049,2026-10-07
음료,2447535091335,0.044,349414497167,0.069,2796949588502,0.046,2026-10-07
교육서비스,207235533405,0.004,1915321966676,0.378,2122557500081,0.035,2026-10-07
가구,1566841713696,0.028,416936270776,0.082,1983777984472,0.032,2026-10-07
컴퓨터와주변기기,43680480046,0.001,1310227227948,0.259,1353907707994,0.022,2026-10-07
종이와목재,667068230350,0.012,646611322420,0.128,1313679552770,0.021,2026-10-07
판매업체,141148731742,0.003,1062059313080,0.21,1203208044822,0.02,2026-10-07
기타금융,0,0.0,908513486338,0.179,908513486338,0.015,2026-10-07
레저용장비와제품,136642032189,0.002,765251765497,0.151,901893797686,0.015,2026-10-07
복합유틸리티,914720776000,0.016,0,0.0,914720776000,0.015,2026-10-07
식품과기본식료품소매,165580238620,0.003,416475122785,0.082,582055361405,0.01,2026-10-07
건축제품,236396259365,0.004,356606897473,0.07,593003156838,0.01,2026-10-07
출판,207207796040,0.004,322268955710,0.064,529476751750,0.009,2026-10-07
가정용품,121357233390,0.002,328795475204,0.065,450152708594,0.007,2026-10-07
전문소매,139521577920,0.002,285537109799,0.056,425058687719,0.007,2026-10-07
사무용전자제품,369683488450,0.007,0,0.0,369683488450,0.006,2026-10-07
다각화된소비자서비스,0,0.0,72779525400,0.014,72779525400,0.001,2026-10-07
문구류,19539815438,0.0,0,0.0,19539815438,0.0,2026-10-07
